sku,rank,fuente_host,host_en_allowlist,tipo_fuente,url_origen,pagina_producto,titulo_fuente,ean_fuente,sha256,bytes,ancho,alto,archivo_local_no_versionado,fecha_descarga,pre_revision,nota_pre_revision
stella-artois-lager-botella-330ml,1,jumboargentina.vteximg.com.br,True,proveedor_aprobado,https://jumboargentina.vteximg.com.br/arquivos/ids/907547/12440503051.jpg?v=639129032128230000,https://www.jumbo.com.ar/cerveza-pure-gold-x-330-ml-stella-artois/p,Cerveza Pure Gold Lager 330 Ml Stella Artois,7792798015443,97b740dea862d17e579a90b75dc569ae52e1c45e66e39336da8abf1b61a8e5fe,94150,1000,1000,stella-artois-lager-botella-330ml__1__c8f00d4f.jpg,2026-10-10,DESCARTADA,Stella Artois PURE GOLD 330 ml: no es la Lager de referencia
andes-origen-rubia-oro-lata-473ml,1,jumboargentina.vteximg.com.br,True,proveedor_aprobado,https://jumboargentina.vteximg.com.br/arquivos/ids/890576/Cerveza-Andes-Origen-Rubia-Oro-473cc-1-1030173.jpg?v=638987272985370000,https://www.jumbo.com.ar/cerveza-andes-origen-rubia-oro-473cc/p,Cerveza Rubia Oro 473 Cc Andes,7792798014934,58abeaa9eec912940f17aa5e83793bdde709a42880ee9f456c0282a1b49cb467,43244,999,1000,andes-origen-rubia-oro-lata-473ml__1__62501d8f.jpg,2026-10-10,PLAUSIBLE_PENDIENTE_APROBACION_HUMANA,Rubia Oro 473 cc lata: coincide con la referencia
andes-origen-rubia-oro-lata-473ml,2,jumboargentina.vteximg.com.br,True,proveedor_aprobado,https://jumboargentina.vteximg.com.br/arquivos/ids/890518/Cerveza-Andes-Origen-Rubia-473cc-1-276781.jpg?v=638987206116200000,https://www.jumbo.com.ar/cerveza-andes-origen-rubia-473cc/p,Cerveza Rubia 473 Cc Andes,7792798999866,04bd432fae49e699c20b2faac2001045bc20b78187c556cabcbeea0b9df2fab7,52921,999,1000,andes-origen-rubia-oro-lata-473ml__2__1889c7d7.jpg,2026-10-10,DESCARTADA,"Andes Origen Rubia 473: SKU ya existente en La Taba, no es Rubia Oro"
andes-origen-rubia-botella-710ml,1,jumboargentina.vteximg.com.br,True,proveedor_aprobado,https://jumboargentina.vteximg.com.br/arquivos/ids/890556/Cerveza-Andes-Origen-Rubia-710-Ml-1-997605.jpg?v=638987206283470000,https://www.jumbo.com.ar/cerveza-andes-origen-rubia-710-ml/p,Cerveza Andes Origen Rubia 710 Ml,7792798014156,4b35b591665568a1de83f01804c07c05f9ef8d4b38a7de91eb8cdd635cd23358,47957,999,1000,andes-origen-rubia-botella-710ml__1__ab550cf1.jpg,2026-10-10,DUDOSA_REVISAR,La imagen es lata de 710 cc; el SKU dice botella. Confirmar envase
brahma-chopp-lata-473ml,1,jumboargentina.vteximg.com.br,True,proveedor_aprobado,https://jumboargentina.vteximg.com.br/arquivos/ids/890489/Cerveza-Chopp-Lata-473-Ml-Brahma-1-2985.jpg?v=638987206012200000,https://www.jumbo.com.ar/cerveza-chopp-lata-473-ml-brahma/p,Cerveza Rubia 473 Cc Brahma,7795742084359,d33b41cd941295af07d60152da32d9867fc8d82dfa576179aee73bfc10d419b3,98518,1000,1000,brahma-chopp-lata-473ml__1__cd985358.jpg,2026-10-10,PLAUSIBLE_PENDIENTE_APROBACION_HUMANA,Brahma Chopp 473 cc lata
brahma-chopp-lata-473ml,2,jumboargentina.vteximg.com.br,True,proveedor_aprobado,https://jumboargentina.vteximg.com.br/arquivos/ids/786359/Cerveza-Brahma-Chopp-473cc-1-971978.jpg?v=638234014260000000,https://www.jumbo.com.ar/cerveza-brahma-chopp-473cc/p,Cerveza Brahma Chopp 473cc,7792798013838,3ab08a7fcba60a474910453b607f7398b51328afe560e3875d2ad178e3091d3a,47310,1000,1000,brahma-chopp-lata-473ml__2__2b20f5e4.jpg,2026-10-10,DUDOSA_REVISAR,Lata Brahma sin capacidad visible: no se confirma 473 ml
andes-origen-ipa-lata-473ml,1,jumboargentina.vteximg.com.br,True,proveedor_aprobado,https://jumboargentina.vteximg.com.br/arquivos/ids/890528/Cerveza-Andes-Origen-Ipa-473-Ml-1-501063.jpg?v=639165435916030000,https://www.jumbo.com.ar/cerveza-andes-origen-ipa-473-ml/p,Cerveza Ipa Andina 473 Cc Andes,7792798002726,76f6dd6a0ad60526a90e66964873fbedfaab7e5900a05103566aa735d0fb0854,51466,999,1000,andes-origen-ipa-lata-473ml__1__ff893a8f.jpg,2026-10-10,PLAUSIBLE_PENDIENTE_APROBACION_HUMANA,IPA 473 cc lata (rótulo «IPA Andina»). Confirmar que sea la línea Origen IPA
andes-origen-ipa-lata-473ml,2,jumboargentina.vteximg.com.br,True,proveedor_aprobado,https://jumboargentina.vteximg.com.br/arquivos/ids/890529/Cerveza-Ipa-473ml-Andes-Origen-1-501066.jpg?v=638987206158430000,https://www.jumbo.com.ar/cerveza-ipa-473ml-andes-origen/p,Cerveza Ipa 473ml Andes Origen,7792798002788,fc6d02cda0a2466943b2ba7c147c3bb26291a368cf6370bc5ebd35210a6b952c,59663,999,1000,andes-origen-ipa-lata-473ml__2__e4631391.jpg,2026-10-10,DESCARTADA,Pack de 6 latas: la cantidad nunca se aproxima
andes-origen-ipa-lata-473ml,3,jumboargentina.vteximg.com.br,True,proveedor_aprobado,https://jumboargentina.vteximg.com.br/arquivos/ids/685573/Cerveza-Andes-Origen-Ipa-Roja-473cc-1-880101.jpg?v=637786570175600000,https://www.jumbo.com.ar/cerveza-andes-origen-ipa-roja-473-ml/p,Cerveza Andes Origen Ipa Roja 473 Ml,7792798011254,61c86519c26a37f559080b5c6e69ba35219d64309f92f4d72872e6eaeed43ce3,57382,1000,1000,andes-origen-ipa-lata-473ml__3__bcf5b398.jpg,2026-10-10,DESCARTADA,IPA Roja: otra variante
patagonia-vera-ipa-lata-473ml,1,jumboargentina.vteximg.com.br,True,proveedor_aprobado,https://jumboargentina.vteximg.com.br/arquivos/ids/890531/Cerveza-Patagonia-Vera-Ipa-Lata-473-Ml-1-813863.jpg?v=638987206166500000,https://www.jumbo.com.ar/cerveza-patagonia-vera-ipa-lata-473-ml/p,Cerveza Vera Ipa 473 Cc Patagonia,7792798003938,070bf64c6118e154bd6643d5ef46d2beacc7b6a9ffa915ef012be0ede4ae94dc,63541,999,1000,patagonia-vera-ipa-lata-473ml__1__a15ae3c3.jpg,2026-10-10,PLAUSIBLE_PENDIENTE_APROBACION_HUMANA,Vera IPA 473 cc lata: coincide
patagonia-vera-ipa-lata-473ml,2,jumboargentina.vteximg.com.br,True,proveedor_aprobado,https://jumboargentina.vteximg.com.br/arquivos/ids/890513/Cerveza-Patagonia-24-7-473-Ml-1-253801.jpg?v=638987206098900000,https://www.jumbo.com.ar/cerveza-patagonia-24-7-473-ml/p,Cerveza Session IPA 24.7 473 Cc Patagonia,7792798001972,043d95ecc79045fb62f59b3300f5a04349d7f059b50f5b872b893e4244b24640,72309,999,1000,patagonia-vera-ipa-lata-473ml__2__81dfc8bd.jpg,2026-10-10,DESCARTADA,"Es Session IPA 24.7, no Vera IPA"
patagonia-vera-ipa-lata-473ml,3,jumboargentina.vteximg.com.br,True,proveedor_aprobado,https://jumboargentina.vteximg.com.br/arquivos/ids/822310/Cerveza-Patagonia-Ipa-Estelar-473cc-1-1001764.jpg?v=638508232426730000,https://www.jumbo.com.ar/cerveza-patagonia-ipa-estelar-473-ml/p,Cerveza Patagonia Ipa Estelar 473 Ml,7792798013777,0540b41231e670de9a927b62ea3f30fc1ab7f5998fb58b6f183f48cbccf00a54,85783,1000,1000,patagonia-vera-ipa-lata-473ml__3__261bc588.jpg,2026-10-10,DESCARTADA,IPA Estelar: otra variante
patagonia-24-7-session-ipa-lata-473ml,1,jumboargentina.vteximg.com.br,True,proveedor_aprobado,https://jumboargentina.vteximg.com.br/arquivos/ids/890513/Cerveza-Patagonia-24-7-473-Ml-1-253801.jpg?v=638987206098900000,https://www.jumbo.com.ar/cerveza-patagonia-24-7-473-ml/p,Cerveza Session IPA 24.7 473 Cc Patagonia,7792798001972,043d95ecc79045fb62f59b3300f5a04349d7f059b50f5b872b893e4244b24640,72309,999,1000,patagonia-24-7-session-ipa-lata-473ml__1__81dfc8bd.jpg,2026-10-10,PLAUSIBLE_PENDIENTE_APROBACION_HUMANA,24.7 Session IPA 473 cc lata: coincide
patagonia-24-7-session-ipa-lata-473ml,2,jumboargentina.vteximg.com.br,True,proveedor_aprobado,https://jumboargentina.vteximg.com.br/arquivos/ids/890531/Cerveza-Patagonia-Vera-Ipa-Lata-473-Ml-1-813863.jpg?v=638987206166500000,https://www.jumbo.com.ar/cerveza-patagonia-vera-ipa-lata-473-ml/p,Cerveza Vera Ipa 473 Cc Patagonia,7792798003938,070bf64c6118e154bd6643d5ef46d2beacc7b6a9ffa915ef012be0ede4ae94dc,63541,999,1000,patagonia-24-7-session-ipa-lata-473ml__2__a15ae3c3.jpg,2026-10-10,DESCARTADA,Es Vera IPA
patagonia-24-7-session-ipa-lata-473ml,3,jumboargentina.vteximg.com.br,True,proveedor_aprobado,https://jumboargentina.vteximg.com.br/arquivos/ids/822310/Cerveza-Patagonia-Ipa-Estelar-473cc-1-1001764.jpg?v=638508232426730000,https://www.jumbo.com.ar/cerveza-patagonia-ipa-estelar-473-ml/p,Cerveza Patagonia Ipa Estelar 473 Ml,7792798013777,0540b41231e670de9a927b62ea3f30fc1ab7f5998fb58b6f183f48cbccf00a54,85783,1000,1000,patagonia-24-7-session-ipa-lata-473ml__3__261bc588.jpg,2026-10-10,DESCARTADA,IPA Estelar: otra variante
quilmes-ipa-lata-473ml,1,jumboargentina.vteximg.com.br,True,proveedor_aprobado,https://jumboargentina.vteximg.com.br/arquivos/ids/890548/Cerveza-Ipa-473ml-Quilmes-1-958241.jpg?v=638987206236930000,https://www.jumbo.com.ar/cerveza-ipa-473ml-quilmes/p,Cerveza IPA 473 Cc Quilmes,7792798013388,b466d0afb45e47471bfdc4fd2e32c372284579affd3caef8add9b5d6ff250b9d,67739,1000,1000,quilmes-ipa-lata-473ml__1__169c1217.jpg,2026-10-10,PLAUSIBLE_PENDIENTE_APROBACION_HUMANA,Quilmes IPA 473 cc lata
andes-origen-negra-lata-473ml,1,jumboargentina.vteximg.com.br,True,proveedor_aprobado,https://jumboargentina.vteximg.com.br/arquivos/ids/890522/Cerveza-Andes-Origen-Negra-473cc-1-392876.jpg?v=638987206131230000,https://www.jumbo.com.ar/cerveza-andes-origen-negra-473cc/p,Cerveza Negra 473 Cc Andes,7792798002320,540a05bf9bb2bc51a118af2cdb9fd171112ae4647d1b883f44f647cc35c05512,44931,999,1000,andes-origen-negra-lata-473ml__1__64b5972e.jpg,2026-10-10,PLAUSIBLE_PENDIENTE_APROBACION_HUMANA,Negra 473 cc lata
stella-artois-noire-pura-malta-lata-473ml,1,jumboargentina.vteximg.com.br,True,proveedor_aprobado,https://jumboargentina.vteximg.com.br/arquivos/ids/890539/Cerveza-Stella-Artois-Noire-473-Ml-1-851368.jpg?v=638987206198500000,https://www.jumbo.com.ar/cerveza-stella-artois-noire-473-ml/p,Cerveza Noire Dark Lager 473 Cc Stella Artois,7792798010639,ccff4074ef6f52210239768b8bc44771227c5899fd7ab41125672fc87c940ca7,53163,999,1000,stella-artois-noire-pura-malta-lata-473ml__1__00be68c2.jpg,2026-10-10,DUDOSA_REVISAR,Rótulo «Noire» 473 cc. La referencia dice «Noire Pura Malta»: confirmar el SKU
trapiche-alaris-malbec-botella-750ml,1,andinacocacolaar.vteximg.com.br,True,distribuidor_oficial,https://andinacocacolaar.vteximg.com.br/arquivos/ids/156043/106098.png?v=638463832253970000,https://tienda.coca-cola.com.ar/trapiche-impuro-malbec-1x750ml/p,TRAPICHE IMPURO MALBEC 1X750ml,,25291d122f365b46fb2ebfbcae2817b27886813ce15f2a527fb50ebec2c5ee2b,260253,1500,1500,trapiche-alaris-malbec-botella-750ml__1__b986288c.png,2026-10-10,DESCARTADA,Ninguna de las tres fotos dice «Alaris»
trapiche-alaris-malbec-botella-750ml,2,andinacocacolaar.vteximg.com.br,True,distribuidor_oficial,https://andinacocacolaar.vteximg.com.br/arquivos/ids/156042/106097.png?v=638463830158100000,https://tienda.coca-cola.com.ar/trapiche-puro-malbec-1x750ml/p,TRAPICHE PURO MALBEC 1X750ml,,6c54709f1614cc85a232d7a16f1bb83f87ec3f948429d055614baef5614a7ce2,222008,1500,1500,trapiche-alaris-malbec-botella-750ml__2__c48075b1.png,2026-10-10,DESCARTADA,Ninguna de las tres fotos dice «Alaris»
trapiche-alaris-malbec-botella-750ml,3,andinacocacolaar.vteximg.com.br,True,distribuidor_oficial,https://andinacocacolaar.vteximg.com.br/arquivos/ids/156024/106079.png?v=638460451275770000,https://tienda.coca-cola.com.ar/trapiche-reserva-malbec-1x750ml/p,TRAPICHE RESERVA MALBEC 1X750ml,,6a0cac0194e31c8b694ccc86e3f29f093bedef4b52e42c3822f1b46b9d40ea12,252245,1500,1500,trapiche-alaris-malbec-botella-750ml__3__c2d5d05f.png,2026-10-10,DESCARTADA,Ninguna de las tres fotos dice «Alaris»
dr-lemon-limon-botella-1000ml,1,jumboargentina.vteximg.com.br,True,proveedor_aprobado,https://jumboargentina.vteximg.com.br/arquivos/ids/788219/Aperitivo-Dr-Lemon-Con-Limon-1-L-1-140522.jpg?v=638249457783530000,https://www.jumbo.com.ar/aperitivo-dr-lemon-con-limon-1-l/p,Aperitivo Dr. Lemon Con Limon 1 L,7790950134100,b1fb0a5971a6f08699882b38db00179b8307e1b8d957809d1f7c801a61e45065,76790,1000,1000,dr-lemon-limon-botella-1000ml__1__a492bf88.jpg,2026-10-10,PLAUSIBLE_PENDIENTE_APROBACION_HUMANA,"Limón 1 L, bebida con limón + vodka, botella"
dr-lemon-limon-botella-1000ml,2,jumboargentina.vteximg.com.br,True,proveedor_aprobado,https://jumboargentina.vteximg.com.br/arquivos/ids/788218/Aperitivo-Dr-Lemon-Con-Vodka-1-L-1-46305.jpg?v=638249457780200000,https://www.jumbo.com.ar/aperitivo-dr-lemon-con-vodka-1-l/p,Aperitivo con Vodka Sabor Limón 1 Lts Dr Lemon,7790950131918,86f67083a38eebb6b60b1047518c515e132d9419cda7523e637d99818a9ef186,75580,1000,1000,dr-lemon-limon-botella-1000ml__2__e4cdc760.jpg,2026-10-10,DESCARTADA,Es Vodka Original (otro SKU)
gancia-lima-limon-hibiscus-lata-473ml,1,jumboargentina.vteximg.com.br,True,proveedor_aprobado,https://jumboargentina.vteximg.com.br/arquivos/ids/793713/Gancia-Hibiscus-Vodka-473cc-1-942983.jpg?v=638303890655300000,https://www.jumbo.com.ar/vodka-spritz-gancia-hibiscus-473-ml/p,Aperitivo Vodka Spritz Sabor Hibiscus 473 Ml Gancia,7790950144826,052883daf31f0910a085c091b68334fbfe3e4f0d812336bf209d67f2bf99e075,95458,1000,1000,gancia-lima-limon-hibiscus-lata-473ml__1__e0ea128b.jpg,2026-10-10,DESCARTADA,Es Vodka Spritz Hibiscus: mismo producto que Vodka Gancia Hibiscus
gancia-lima-limon-hibiscus-lata-473ml,2,jumboargentina.vteximg.com.br,True,proveedor_aprobado,https://jumboargentina.vteximg.com.br/arquivos/ids/883419/edit.jpg?v=638936245966530000,https://www.jumbo.com.ar/aperitivo-sin-alcohol-x-473-cc-gancia/p,Aperitivo Sabor Americano y Limón 473 Cc Gancia,7790950147926,465c3db7440b1590bbc120be68c42b855b9d62136f4c649c9b647187ac671f04,96249,1000,1000,gancia-lima-limon-hibiscus-lata-473ml__2__800b5616.jpg,2026-10-10,DESCARTADA,Sin alcohol 0.0 (Gancia Sin Alcohol)
gancia-lima-limon-hibiscus-lata-473ml,3,jumboargentina.vteximg.com.br,True,proveedor_aprobado,https://jumboargentina.vteximg.com.br/arquivos/ids/788231/Gancia-Lima-Lim-n-3-5-473ml-1-882803.jpg?v=638249457828330000,https://www.jumbo.com.ar/aperitivo-gancia-americano-473cc/p,Aperitivo Sabor Americano y Lima Limón 473 Cc Gancia,7790950142921,53f3060a020cfbd88fae1fe10381e145395a453a18bdd695b24b073c84855f93,101715,1000,1000,gancia-lima-limon-hibiscus-lata-473ml__3__6d377229.jpg,2026-10-10,DESCARTADA,Americano + Lima Limón: es el SKU existente gancia-lima-limon-lata-473ml
dr-lemon-vodka-original-botella-1000ml,1,jumboargentina.vteximg.com.br,True,proveedor_aprobado,https://jumboargentina.vteximg.com.br/arquivos/ids/788215/Aperitivo-Dr-Lemon-Con-Vodka-Y-Pomelo-1-L-1-36032.jpg?v=638249457767970000,https://www.jumbo.com.ar/aperitivo-dr-lemon-con-vodka-y-pomelo-1-l/p,Aperitivo Sabor Pomelo y Vodka 1 Lts Dr. Lemon,7790950134896,b77a7e29b21db272ad67b6369bfae4f31cf0a3c4223c9661ec2ae3360ad9272a,73868,1000,1000,dr-lemon-vodka-original-botella-1000ml__1__8ab1d621.jpg,2026-10-10,DESCARTADA,Es Pomelo y vodka
dr-lemon-vodka-original-botella-1000ml,2,jumboargentina.vteximg.com.br,True,proveedor_aprobado,https://jumboargentina.vteximg.com.br/arquivos/ids/788218/Aperitivo-Dr-Lemon-Con-Vodka-1-L-1-46305.jpg?v=638249457780200000,https://www.jumbo.com.ar/aperitivo-dr-lemon-con-vodka-1-l/p,Aperitivo con Vodka Sabor Limón 1 Lts Dr Lemon,7790950131918,86f67083a38eebb6b60b1047518c515e132d9419cda7523e637d99818a9ef186,75580,1000,1000,dr-lemon-vodka-original-botella-1000ml__2__e4cdc760.jpg,2026-10-10,PLAUSIBLE_PENDIENTE_APROBACION_HUMANA,"Vodka 1 L, botella"
gancia-vodka-hibiscus-lata-473ml,1,jumboargentina.vteximg.com.br,True,proveedor_aprobado,https://jumboargentina.vteximg.com.br/arquivos/ids/793713/Gancia-Hibiscus-Vodka-473cc-1-942983.jpg?v=638303890655300000,https://www.jumbo.com.ar/vodka-spritz-gancia-hibiscus-473-ml/p,Aperitivo Vodka Spritz Sabor Hibiscus 473 Ml Gancia,7790950144826,052883daf31f0910a085c091b68334fbfe3e4f0d812336bf209d67f2bf99e075,95458,1000,1000,gancia-vodka-hibiscus-lata-473ml__1__e0ea128b.jpg,2026-10-10,PLAUSIBLE_PENDIENTE_APROBACION_HUMANA,Vodka Spritz Hibiscus 473 cc lata. Posible duplicado con Gancia Lima Limón Hibiscus: resolver antes de crear
dr-lemon-mojito-lata-473ml,1,jumboargentina.vteximg.com.br,True,proveedor_aprobado,https://jumboargentina.vteximg.com.br/arquivos/ids/788233/Aperitivo-Dr-Lemon-Mojito-473-Ml-1-889680.jpg?v=638249457842000000,https://www.jumbo.com.ar/aperitivo-dr-lemon-mojito-473-ml-2/p,Aperitivo Sabor Mojito 473 Ml Dr. Lemon,7790950144055,acc934326328d516157655b02c351822b6d6fe1dff5becfe63e54e0877092d43,70042,1000,1000,dr-lemon-mojito-lata-473ml__1__1fb9e235.jpg,2026-10-10,PLAUSIBLE_PENDIENTE_APROBACION_HUMANA,Mojito 473 cc lata
fernet-branca-original-botella-750ml,1,acdn-us.mitiendanube.com,True,fabricante,http://acdn-us.mitiendanube.com/stores/006/757/969/products/33-55788569045f14a12c17750533900198-640-0.webp,https://www.brancastore.com.ar/productos/fernet-branca-750ml/,Fernet Branca 750ml.,,30117fed729dcc5771ec2f847a99ca22622b3c2acdeb842f345a28773cac7b51,37194,640,640,fernet-branca-750ml__1__3ae4d4c4.webp,2026-10-10,PLAUSIBLE_PENDIENTE_APROBACION_HUMANA,"Ficha oficial Fratelli Branca 750 ml, botella. 640 px: bajo para el master de 1000 px"
fernet-branca-original-botella-450ml,1,acdn-us.mitiendanube.com,True,fabricante,http://acdn-us.mitiendanube.com/stores/006/757/969/products/35-5b6900b32d6a0fafee17750534201734-640-0.webp,https://www.brancastore.com.ar/productos/fernet-branca-450ml/,Fernet Branca 450ml.,,e80fafcc092b16837c3a735e6311eea5715bc69de027d4ca2749fe66aab41b5f,29426,640,640,fernet-branca-450ml__1__44b199c2.webp,2026-10-10,PLAUSIBLE_PENDIENTE_APROBACION_HUMANA,"Ficha oficial Fratelli Branca 450 ml, botella. 640 px: bajo para el master de 1000 px"
schneider-rubia-lata-473ml,1,www.ccu.com.ar,True,fabricante,https://www.ccu.com.ar/wp-content/uploads/2021/06/schneiderlager.png,https://www.ccu.com.ar/marcas/cervezas/,Schneider Lager (packshot de marca CCU),,cda4c21191ce5e96248dd82a07f74b241fdf61c8795594a9a9f64d25d8eb2cd5,227631,429,642,schneider-rubia-lata-473ml__1__39ac66a4.png,2026-10-10,DUDOSA_REVISAR,"Packshot CCU de Schneider Lager, sin capacidad declarada, 429x642 px"
amstel-lager-botella-710ml,1,www.ccu.com.ar,True,fabricante,https://www.ccu.com.ar/wp-content/uploads/2021/06/amstellager-lata2.png,https://www.ccu.com.ar/marcas/cervezas/,Amstel Lager lata (packshot de marca CCU),,0994e851277f819951e7a4c0e64803a80087978a918ef5eda580a71098812e1c,258766,429,642,amstel-lager-botella-710ml__1__9474e37b.png,2026-10-10,DESCARTADA,La imagen es lata (CCU) y el SKU dice botella; sin capacidad declarada
heineken-lager-lata-710ml,0,www.ccu.com.ar,True,fabricante,,,,,,0,0,0,,2026-10-10,SIN_CANDIDATO_EN_FUENTE,Revisión manual de la ficha de marca: sin packshot de esta presentación
schneider-rubia-botella-710ml,0,www.ccu.com.ar,True,fabricante,,,,,,0,0,0,,2026-10-10,SIN_CANDIDATO_EN_FUENTE,Revisión manual de la ficha de marca: sin packshot de esta presentación
heineken-rubia-lata-473ml,0,www.ccu.com.ar,True,fabricante,,,,,,0,0,0,,2026-10-10,SIN_CANDIDATO_EN_FUENTE,Revisión manual de la ficha de marca: sin packshot de esta presentación
imperial-golden-botella-710ml,0,www.ccu.com.ar,True,fabricante,,,,,,0,0,0,,2026-10-10,SIN_CANDIDATO_EN_FUENTE,Revisión manual de la ficha de marca: sin packshot de esta presentación
imperial-lager-botella-710ml,0,www.ccu.com.ar,True,fabricante,,,,,,0,0,0,,2026-10-10,SIN_CANDIDATO_EN_FUENTE,Revisión manual de la ficha de marca: sin packshot de esta presentación
imperial-golden-lata-473ml,0,www.ccu.com.ar,True,fabricante,,,,,,0,0,0,,2026-10-10,SIN_CANDIDATO_EN_FUENTE,Revisión manual de la ficha de marca: sin packshot de esta presentación
imperial-lager-lata-473ml,0,www.ccu.com.ar,True,fabricante,,,,,,0,0,0,,2026-10-10,SIN_CANDIDATO_EN_FUENTE,Revisión manual de la ficha de marca: sin packshot de esta presentación
heineken-lager-porron-botella-330ml,0,www.ccu.com.ar,True,fabricante,,,,,,0,0,0,,2026-10-10,SIN_CANDIDATO_EN_FUENTE,Revisión manual de la ficha de marca: sin packshot de esta presentación
schneider-remix-limon-lata-473ml,0,www.ccu.com.ar,True,fabricante,,,,,,0,0,0,,2026-10-10,SIN_CANDIDATO_EN_FUENTE,Revisión manual de la ficha de marca: sin packshot de esta presentación
imperial-cream-stout-lata-473ml,0,www.ccu.com.ar,True,fabricante,,,,,,0,0,0,,2026-10-10,SIN_CANDIDATO_EN_FUENTE,Revisión manual de la ficha de marca: sin packshot de esta presentación
heineken-cero-alcohol-lata-473ml,0,www.ccu.com.ar,True,fabricante,,,,,,0,0,0,,2026-10-10,SIN_CANDIDATO_EN_FUENTE,Revisión manual de la ficha de marca: sin packshot de esta presentación
