external_id,sku,brand,name,variant,category,subcategory,capacity_value,capacity_unit,package_type,units_per_pack,price,stock,available,alcoholic,minimum_age,chilled,featured,sort_order,image_path,tags,referencia_pedidosya,capacidad_ml,fuente_envase,precio_fuente,precio_estado,estado_import,nota_identidad,estado_catalogo,nota_duplicado,imagen_pre_revisada,stock_estado,alta_estado
stones-maracuya-lata-473ml,stones-maracuya-lata-473ml,Stones,Stones Maracuyá,Maracuyá,Cervezas,saborizada,473,ml,lata,1,3145.00,,false,true,18,true,false,,,cervezas|saborizada,Stones Maracuyá 473 ml,473,inferido,PedidosYa Market Neuquén capital · precio ORIGINAL sin oferta · 2026-10-10,PROPUESTO_NO_APLICADO,BLOQUEADO_SIN_IMAGEN_APROBADA,Marca y estilo a confirmar en fuente,NUEVO_PENDIENTE,,,PENDIENTE_CONTEO,BLOQUEADO_SIN_ASSET_APROBADO
michelob-ultra-sin-gluten-lata-473ml,michelob-ultra-sin-gluten-lata-473ml,Michelob Ultra,Michelob Ultra Sin Gluten,Sin Gluten,Cervezas,sin-gluten,473,ml,lata,1,3490.00,,false,true,18,true,false,,,cervezas|sin-gluten,Michelob Ultra Sin Gluten 473 ml,473,inferido,PedidosYa Market Neuquén capital · precio ORIGINAL sin oferta · 2026-10-10,PROPUESTO_NO_APLICADO,BLOQUEADO_SIN_IMAGEN_APROBADA,,NUEVO_PENDIENTE,,,PENDIENTE_CONTEO,BLOQUEADO_SIN_ASSET_APROBADO
1890-quilmes-1890-lata-473ml,1890-quilmes-1890-lata-473ml,1890 Quilmes,1890 Quilmes 1890,1890,Cervezas,lager,473,ml,lata,1,2415.00,,false,true,18,true,false,,,cervezas|lager,1890 Quilmes 473 ml,473,inferido,PedidosYa Market Neuquén capital · precio ORIGINAL sin oferta · 2026-10-10,PROPUESTO_NO_APLICADO,BLOQUEADO_SIN_IMAGEN_APROBADA,Línea distinta de Quilmes Clásica; no es el mismo producto,NUEVO_PENDIENTE,,,PENDIENTE_CONTEO,BLOQUEADO_SIN_ASSET_APROBADO
heineken-lager-lata-710ml,heineken-lager-lata-710ml,Heineken,Heineken Lager,Lager,Cervezas,lager,710,ml,lata,1,6355.00,,false,true,18,true,false,,,cervezas|lager,Heineken Lata 710 ml,710,explicito,PedidosYa Market Neuquén capital · precio ORIGINAL sin oferta · 2026-10-10,PROPUESTO_NO_APLICADO,BLOQUEADO_SIN_IMAGEN_APROBADA,,DUPLICADO_EXACTO_NO_CREAR,Ya existe la ficha de pool «heineken-710ml»,,PENDIENTE_CONTEO,BLOQUEADO_SIN_ASSET_APROBADO
stella-artois-lager-botella-330ml,stella-artois-lager-botella-330ml,Stella Artois,Stella Artois Lager,Lager,Cervezas,lager,330,ml,botella,1,4430.00,,false,true,18,true,false,,,cervezas|lager,Stella Artois Botella 330 ml,330,explicito,PedidosYa Market Neuquén capital · precio ORIGINAL sin oferta · 2026-10-10,PROPUESTO_NO_APLICADO,BLOQUEADO_SIN_IMAGEN_APROBADA,,NUEVO_PENDIENTE,,,PENDIENTE_CONTEO,BLOQUEADO_SIN_ASSET_APROBADO
ortuza-premium-lager-botella-710ml,ortuza-premium-lager-botella-710ml,Ortuza,Ortuza Premium Lager,Premium Lager,Cervezas,lager,710,ml,botella,1,3969.00,,false,true,18,true,false,,,cervezas|lager,Ortuza Premium Lager 710 ml,710,inferido,PedidosYa Market Neuquén capital · precio ORIGINAL sin oferta · 2026-10-10,PROPUESTO_NO_APLICADO,BLOQUEADO_SIN_IMAGEN_APROBADA,,NUEVO_PENDIENTE,,,PENDIENTE_CONTEO,BLOQUEADO_SIN_ASSET_APROBADO
ortuza-premium-lager-lata-473ml,ortuza-premium-lager-lata-473ml,Ortuza,Ortuza Premium Lager,Premium Lager,Cervezas,lager,473,ml,lata,1,2519.00,,false,true,18,true,false,,,cervezas|lager,Ortuza Premium Lager 473 ml,473,inferido,PedidosYa Market Neuquén capital · precio ORIGINAL sin oferta · 2026-10-10,PROPUESTO_NO_APLICADO,BLOQUEADO_SIN_IMAGEN_APROBADA,,NUEVO_PENDIENTE,,,PENDIENTE_CONTEO,BLOQUEADO_SIN_ASSET_APROBADO
schneider-rubia-botella-710ml,schneider-rubia-botella-710ml,Schneider,Schneider Rubia,Rubia,Cervezas,rubia,710,ml,botella,1,4005.00,,false,true,18,true,false,,,cervezas|rubia,Schneider Rubia 710 ml,710,inferido,PedidosYa Market Neuquén capital · precio ORIGINAL sin oferta · 2026-10-10,PROPUESTO_NO_APLICADO,BLOQUEADO_SIN_IMAGEN_APROBADA,,DUPLICADO_PROBABLE_DECIDIR,El pool dice LATA y la referencia no dice envase: decidir envase antes de crear,,PENDIENTE_CONTEO,BLOQUEADO_SIN_ASSET_APROBADO
stella-artois-lager-botella-710ml,stella-artois-lager-botella-710ml,Stella Artois,Stella Artois Lager,Lager,Cervezas,lager,710,ml,botella,1,6935.00,,false,true,18,true,false,,,cervezas|lager,Stella Artois Lager 710 ml,710,inferido,PedidosYa Market Neuquén capital · precio ORIGINAL sin oferta · 2026-10-10,PROPUESTO_NO_APLICADO,BLOQUEADO_SIN_IMAGEN_APROBADA,,NUEVO_PENDIENTE,,,PENDIENTE_CONTEO,BLOQUEADO_SIN_ASSET_APROBADO
corona-rubia-lata-473ml,corona-rubia-lata-473ml,Corona,Corona Rubia,Rubia,Cervezas,rubia,473,ml,lata,1,5355.00,,false,true,18,true,false,,,cervezas|rubia,Corona Rubia 473 ml,473,inferido,PedidosYa Market Neuquén capital · precio ORIGINAL sin oferta · 2026-10-10,PROPUESTO_NO_APLICADO,BLOQUEADO_SIN_IMAGEN_APROBADA,Identidad Corona Rubia vs Corona Extra (La Taba) pendiente; no crear hasta confirmar,NUEVO_PENDIENTE,,,PENDIENTE_CONTEO,BLOQUEADO_SIN_ASSET_APROBADO
miller-lager-lata-473ml,miller-lager-lata-473ml,Miller,Miller Lager,Lager,Cervezas,lager,473,ml,lata,1,3729.00,,false,true,18,true,false,,,cervezas|lager,Miller 473 ml,473,inferido,PedidosYa Market Neuquén capital · precio ORIGINAL sin oferta · 2026-10-10,PROPUESTO_NO_APLICADO,BLOQUEADO_SIN_IMAGEN_APROBADA,,NUEVO_PENDIENTE,,,PENDIENTE_CONTEO,BLOQUEADO_SIN_ASSET_APROBADO
andes-origen-rubia-oro-lata-473ml,andes-origen-rubia-oro-lata-473ml,Andes Origen,Andes Origen Rubia Oro,Rubia Oro,Cervezas,rubia,473,ml,lata,1,3805.00,,false,true,18,true,false,,,cervezas|rubia,Andes Origen Rubia Oro 473 ml,473,inferido,PedidosYa Market Neuquén capital · precio ORIGINAL sin oferta · 2026-10-10,PROPUESTO_NO_APLICADO,BLOQUEADO_SIN_IMAGEN_APROBADA,,NUEVO_PENDIENTE,,andes-origen-rubia-oro-lata-473ml__1__62501d8f.jpg,PENDIENTE_CONTEO,BLOQUEADO_SIN_ASSET_APROBADO
heineken-rubia-lata-473ml,heineken-rubia-lata-473ml,Heineken,Heineken Rubia,Rubia,Cervezas,rubia,473,ml,lata,1,4275.00,,false,true,18,true,false,,,cervezas|rubia,Heineken Rubia 473 ml,473,inferido,PedidosYa Market Neuquén capital · precio ORIGINAL sin oferta · 2026-10-10,PROPUESTO_NO_APLICADO,BLOQUEADO_SIN_IMAGEN_APROBADA,,NUEVO_PENDIENTE,,,PENDIENTE_CONTEO,BLOQUEADO_SIN_ASSET_APROBADO
imperial-golden-botella-710ml,imperial-golden-botella-710ml,Imperial,Imperial Golden,Golden,Cervezas,golden,710,ml,botella,1,4785.00,,false,true,18,true,false,,,cervezas|golden,Imperial Golden 710 ml,710,inferido,PedidosYa Market Neuquén capital · precio ORIGINAL sin oferta · 2026-10-10,PROPUESTO_NO_APLICADO,BLOQUEADO_SIN_IMAGEN_APROBADA,,NUEVO_PENDIENTE,,,PENDIENTE_CONTEO,BLOQUEADO_SIN_ASSET_APROBADO
andes-origen-rubia-botella-710ml,andes-origen-rubia-botella-710ml,Andes Origen,Andes Origen Rubia,Rubia,Cervezas,rubia,710,ml,botella,1,5380.00,,false,true,18,true,false,,,cervezas|rubia,Andes Origen Rubia 710 ml,710,inferido,PedidosYa Market Neuquén capital · precio ORIGINAL sin oferta · 2026-10-10,PROPUESTO_NO_APLICADO,BLOQUEADO_SIN_IMAGEN_APROBADA,,NUEVO_PENDIENTE,,,PENDIENTE_CONTEO,BLOQUEADO_SIN_ASSET_APROBADO
schneider-rubia-lata-473ml,schneider-rubia-lata-473ml,Schneider,Schneider Rubia,Rubia,Cervezas,rubia,473,ml,lata,1,2725.00,,false,true,18,true,false,,,cervezas|rubia,Schneider Rubia 473 ml,473,inferido,PedidosYa Market Neuquén capital · precio ORIGINAL sin oferta · 2026-10-10,PROPUESTO_NO_APLICADO,BLOQUEADO_SIN_IMAGEN_APROBADA,,NUEVO_PENDIENTE,,,PENDIENTE_CONTEO,BLOQUEADO_SIN_ASSET_APROBADO
imperial-lager-botella-710ml,imperial-lager-botella-710ml,Imperial,Imperial Lager,Lager,Cervezas,lager,710,ml,botella,1,4785.00,,false,true,18,true,false,,,cervezas|lager,Imperial Lager 710 ml,710,inferido,PedidosYa Market Neuquén capital · precio ORIGINAL sin oferta · 2026-10-10,PROPUESTO_NO_APLICADO,BLOQUEADO_SIN_IMAGEN_APROBADA,,NUEVO_PENDIENTE,,,PENDIENTE_CONTEO,BLOQUEADO_SIN_ASSET_APROBADO
grolsch-lager-lata-473ml,grolsch-lager-lata-473ml,Grolsch,Grolsch Lager,Lager,Cervezas,lager,473,ml,lata,1,4200.00,,false,true,18,true,false,,,cervezas|lager,Grolsch Lager Lata 473 ml,473,explicito,PedidosYa Market Neuquén capital · precio ORIGINAL sin oferta · 2026-10-10,PROPUESTO_NO_APLICADO,BLOQUEADO_SIN_IMAGEN_APROBADA,,NUEVO_PENDIENTE,,,PENDIENTE_CONTEO,BLOQUEADO_SIN_ASSET_APROBADO
quilmes-bajo-cero-lata-473ml,quilmes-bajo-cero-lata-473ml,Quilmes,Quilmes Bajo Cero,Bajo Cero,Cervezas,lager,473,ml,lata,1,1880.00,,false,true,18,true,false,,,cervezas|lager,Quilmes Bajo Cero 473 ml,473,inferido,PedidosYa Market Neuquén capital · precio ORIGINAL sin oferta · 2026-10-10,PROPUESTO_NO_APLICADO,BLOQUEADO_SIN_IMAGEN_APROBADA,,NUEVO_PENDIENTE,,,PENDIENTE_CONTEO,BLOQUEADO_SIN_ASSET_APROBADO
brahma-chopp-lata-473ml,brahma-chopp-lata-473ml,Brahma,Brahma Chopp,Chopp,Cervezas,chopp,473,ml,lata,1,3189.00,,false,true,18,true,false,,,cervezas|chopp,Brahma Chopp 473 ml,473,inferido,PedidosYa Market Neuquén capital · precio ORIGINAL sin oferta · 2026-10-10,PROPUESTO_NO_APLICADO,BLOQUEADO_SIN_IMAGEN_APROBADA,La Taba tiene Brahma 710 ml (unidad) y Brahma 473 ml sólo como pack x6,NUEVO_PENDIENTE,,brahma-chopp-lata-473ml__1__cd985358.jpg,PENDIENTE_CONTEO,BLOQUEADO_SIN_ASSET_APROBADO
amstel-lager-botella-710ml,amstel-lager-botella-710ml,Amstel,Amstel Lager,Lager,Cervezas,lager,710,ml,botella,1,4200.00,,false,true,18,true,false,,,cervezas|lager,Amstel Lager 710 ml,710,inferido,PedidosYa Market Neuquén capital · precio ORIGINAL sin oferta · 2026-10-10,PROPUESTO_NO_APLICADO,BLOQUEADO_SIN_IMAGEN_APROBADA,,NUEVO_PENDIENTE,,,PENDIENTE_CONTEO,BLOQUEADO_SIN_ASSET_APROBADO
imperial-golden-lata-473ml,imperial-golden-lata-473ml,Imperial,Imperial Golden,Golden,Cervezas,golden,473,ml,lata,1,3325.00,,false,true,18,true,false,,,cervezas|golden,Imperial Golden Lata 473 ml,473,explicito,PedidosYa Market Neuquén capital · precio ORIGINAL sin oferta · 2026-10-10,PROPUESTO_NO_APLICADO,BLOQUEADO_SIN_IMAGEN_APROBADA,,DUPLICADO_EXACTO_NO_CREAR,Ya existe la ficha de pool «imperial-golden-lata-473ml»,,PENDIENTE_CONTEO,BLOQUEADO_SIN_ASSET_APROBADO
imperial-lager-lata-473ml,imperial-lager-lata-473ml,Imperial,Imperial Lager,Lager,Cervezas,lager,473,ml,lata,1,3325.00,,false,true,18,true,false,,,cervezas|lager,Imperial Lager 473 ml,473,inferido,PedidosYa Market Neuquén capital · precio ORIGINAL sin oferta · 2026-10-10,PROPUESTO_NO_APLICADO,BLOQUEADO_SIN_IMAGEN_APROBADA,,NUEVO_PENDIENTE,,,PENDIENTE_CONTEO,BLOQUEADO_SIN_ASSET_APROBADO
heineken-lager-porron-botella-330ml,heineken-lager-porron-botella-330ml,Heineken,Heineken Lager Porrón,Lager Porrón,Cervezas,lager,330,ml,botella,1,4449.00,,false,true,18,true,false,,,cervezas|lager|porron,Heineken Porron 330 ml,330,explicito,PedidosYa Market Neuquén capital · precio ORIGINAL sin oferta · 2026-10-10,PROPUESTO_NO_APLICADO,BLOQUEADO_SIN_IMAGEN_APROBADA,Porrón: envase botella de 330 ml con tag porron,NUEVO_PENDIENTE,,,PENDIENTE_CONTEO,BLOQUEADO_SIN_ASSET_APROBADO
asahi-super-dry-botella-330ml,asahi-super-dry-botella-330ml,Asahi,Asahi Super Dry,Super Dry,Cervezas,lager,330,ml,botella,1,5609.00,,false,true,18,true,false,,,cervezas|lager,Asahi Super Dry 330 ml,330,inferido,PedidosYa Market Neuquén capital · precio ORIGINAL sin oferta · 2026-10-10,PROPUESTO_NO_APLICADO,BLOQUEADO_SIN_IMAGEN_APROBADA,,NUEVO_PENDIENTE,,,PENDIENTE_CONTEO,BLOQUEADO_SIN_ASSET_APROBADO
andes-origen-ipa-lata-473ml,andes-origen-ipa-lata-473ml,Andes Origen,Andes Origen IPA,IPA,Cervezas,ipa,473,ml,lata,1,4085.00,,false,true,18,true,false,,,cervezas|ipa,Andes Origen IPA 473 ml,473,inferido,PedidosYa Market Neuquén capital · precio ORIGINAL sin oferta · 2026-10-10,PROPUESTO_NO_APLICADO,BLOQUEADO_SIN_IMAGEN_APROBADA,,NUEVO_PENDIENTE,,andes-origen-ipa-lata-473ml__1__ff893a8f.jpg,PENDIENTE_CONTEO,BLOQUEADO_SIN_ASSET_APROBADO
stones-lemon-lata-473ml,stones-lemon-lata-473ml,Stones,Stones Lemon,Lemon,Cervezas,saborizada,473,ml,lata,1,3145.00,,false,true,18,true,false,,,cervezas|saborizada,Stones Lemon 473 ml,473,inferido,PedidosYa Market Neuquén capital · precio ORIGINAL sin oferta · 2026-10-10,PROPUESTO_NO_APLICADO,BLOQUEADO_SIN_IMAGEN_APROBADA,,NUEVO_PENDIENTE,,,PENDIENTE_CONTEO,BLOQUEADO_SIN_ASSET_APROBADO
patagonia-vera-ipa-lata-473ml,patagonia-vera-ipa-lata-473ml,Patagonia,Patagonia Vera IPA,Vera IPA,Cervezas,ipa,473,ml,lata,1,5649.00,,false,true,18,true,false,,,cervezas|ipa,Patagonia Vera IPA 473 ml,473,inferido,PedidosYa Market Neuquén capital · precio ORIGINAL sin oferta · 2026-10-10,PROPUESTO_NO_APLICADO,BLOQUEADO_SIN_IMAGEN_APROBADA,,NUEVO_PENDIENTE,,patagonia-vera-ipa-lata-473ml__1__a15ae3c3.jpg,PENDIENTE_CONTEO,BLOQUEADO_SIN_ASSET_APROBADO
patagonia-24-7-session-ipa-lata-473ml,patagonia-24-7-session-ipa-lata-473ml,Patagonia,Patagonia 24.7 Session IPA,24.7 Session IPA,Cervezas,ipa,473,ml,lata,1,5765.00,,false,true,18,true,false,,,cervezas|ipa,Patagonia 24.7 Session IPA 473 ml,473,inferido,PedidosYa Market Neuquén capital · precio ORIGINAL sin oferta · 2026-10-10,PROPUESTO_NO_APLICADO,BLOQUEADO_SIN_IMAGEN_APROBADA,,NUEVO_PENDIENTE,,patagonia-24-7-session-ipa-lata-473ml__1__81dfc8bd.jpg,PENDIENTE_CONTEO,BLOQUEADO_SIN_ASSET_APROBADO
patagonia-24-7-session-ipa-botella-730ml,patagonia-24-7-session-ipa-botella-730ml,Patagonia,Patagonia 24.7 Session IPA,24.7 Session IPA,Cervezas,ipa,730,ml,botella,1,8199.00,,false,true,18,true,false,,,cervezas|ipa,Patagonia 24.7 Session IPA 730 ml,730,inferido,PedidosYa Market Neuquén capital · precio ORIGINAL sin oferta · 2026-10-10,PROPUESTO_NO_APLICADO,BLOQUEADO_SIN_IMAGEN_APROBADA,Distinta de Patagonia Amber Lager 730 ml (La Taba),NUEVO_PENDIENTE,,,PENDIENTE_CONTEO,BLOQUEADO_SIN_ASSET_APROBADO
ortuza-session-ipa-lata-473ml,ortuza-session-ipa-lata-473ml,Ortuza,Ortuza Session IPA,Session IPA,Cervezas,ipa,473,ml,lata,1,4165.00,,false,true,18,true,false,,,cervezas|ipa,Ortuza Session IPA 473 ml,473,inferido,PedidosYa Market Neuquén capital · precio ORIGINAL sin oferta · 2026-10-10,PROPUESTO_NO_APLICADO,BLOQUEADO_SIN_IMAGEN_APROBADA,,NUEVO_PENDIENTE,,,PENDIENTE_CONTEO,BLOQUEADO_SIN_ASSET_APROBADO
quilmes-ipa-lata-473ml,quilmes-ipa-lata-473ml,Quilmes,Quilmes IPA,IPA,Cervezas,ipa,473,ml,lata,1,2999.00,,false,true,18,true,false,,,cervezas|ipa,Quilmes IPA 473 ml,473,inferido,PedidosYa Market Neuquén capital · precio ORIGINAL sin oferta · 2026-10-10,PROPUESTO_NO_APLICADO,BLOQUEADO_SIN_IMAGEN_APROBADA,,NUEVO_PENDIENTE,,quilmes-ipa-lata-473ml__1__169c1217.jpg,PENDIENTE_CONTEO,BLOQUEADO_SIN_ASSET_APROBADO
schneider-remix-limon-lata-473ml,schneider-remix-limon-lata-473ml,Schneider,Schneider Remix Limón,Remix Limón,Cervezas,saborizada,473,ml,lata,1,2889.00,,false,true,18,true,false,,,cervezas|saborizada,Schneider Remix Limón 473 ml,473,inferido,PedidosYa Market Neuquén capital · precio ORIGINAL sin oferta · 2026-10-10,PROPUESTO_NO_APLICADO,BLOQUEADO_SIN_IMAGEN_APROBADA,,NUEVO_PENDIENTE,,,PENDIENTE_CONTEO,BLOQUEADO_SIN_ASSET_APROBADO
bierhaus-chala-ipa-lata-473ml,bierhaus-chala-ipa-lata-473ml,Bierhaus,Bierhaus Chala IPA,Chala IPA,Cervezas,ipa,473,ml,lata,1,5800.00,,false,true,18,true,false,,,cervezas|ipa,Bierhaus Chala IPA 473 ml,473,inferido,PedidosYa Market Neuquén capital · precio ORIGINAL sin oferta · 2026-10-10,PROPUESTO_NO_APLICADO,BLOQUEADO_SIN_IMAGEN_APROBADA,,NUEVO_PENDIENTE,,,PENDIENTE_CONTEO,BLOQUEADO_SIN_ASSET_APROBADO
bierhaus-honey-lazybee-lata-473ml,bierhaus-honey-lazybee-lata-473ml,Bierhaus,Bierhaus Honey Lazybee,Honey Lazybee,Cervezas,saborizada,473,ml,lata,1,3360.00,,false,true,18,true,false,,,cervezas|saborizada,Bierhaus Honey Lazybee 473 ml,473,inferido,PedidosYa Market Neuquén capital · precio ORIGINAL sin oferta · 2026-10-10,PROPUESTO_NO_APLICADO,BLOQUEADO_SIN_IMAGEN_APROBADA,,NUEVO_PENDIENTE,,,PENDIENTE_CONTEO,BLOQUEADO_SIN_ASSET_APROBADO
bierhaus-argentina-lata-473ml,bierhaus-argentina-lata-473ml,Bierhaus,Bierhaus Argentina,Argentina,Cervezas,otra,473,ml,lata,1,4210.00,,false,true,18,true,false,,,cervezas|otra,Bierhaus Argentina 473 ml,473,inferido,PedidosYa Market Neuquén capital · precio ORIGINAL sin oferta · 2026-10-10,PROPUESTO_NO_APLICADO,BLOQUEADO_SIN_IMAGEN_APROBADA,Estilo a confirmar,NUEVO_PENDIENTE,,,PENDIENTE_CONTEO,BLOQUEADO_SIN_ASSET_APROBADO
grolsch-ipa-lata-473ml,grolsch-ipa-lata-473ml,Grolsch,Grolsch IPA,IPA,Cervezas,ipa,473,ml,lata,1,4430.00,,false,true,18,true,false,,,cervezas|ipa,Grolsch IPA 473 ml,473,inferido,PedidosYa Market Neuquén capital · precio ORIGINAL sin oferta · 2026-10-10,PROPUESTO_NO_APLICADO,BLOQUEADO_SIN_IMAGEN_APROBADA,,NUEVO_PENDIENTE,,,PENDIENTE_CONTEO,BLOQUEADO_SIN_ASSET_APROBADO
bierhaus-ipa-superstar-lata-473ml,bierhaus-ipa-superstar-lata-473ml,Bierhaus,Bierhaus IPA Superstar,IPA Superstar,Cervezas,ipa,473,ml,lata,1,4785.00,,false,true,18,true,false,,,cervezas|ipa,Bierhaus IPA Superstar 473 ml,473,inferido,PedidosYa Market Neuquén capital · precio ORIGINAL sin oferta · 2026-10-10,PROPUESTO_NO_APLICADO,BLOQUEADO_SIN_IMAGEN_APROBADA,,NUEVO_PENDIENTE,,,PENDIENTE_CONTEO,BLOQUEADO_SIN_ASSET_APROBADO
andes-origen-negra-lata-473ml,andes-origen-negra-lata-473ml,Andes Origen,Andes Origen Negra,Negra,Cervezas,negra,473,ml,lata,1,4085.00,,false,true,18,true,false,,,cervezas|negra,Andes Origen Negra 473 ml,473,inferido,PedidosYa Market Neuquén capital · precio ORIGINAL sin oferta · 2026-10-10,PROPUESTO_NO_APLICADO,BLOQUEADO_SIN_IMAGEN_APROBADA,,NUEVO_PENDIENTE,,andes-origen-negra-lata-473ml__1__64b5972e.jpg,PENDIENTE_CONTEO,BLOQUEADO_SIN_ASSET_APROBADO
imperial-cream-stout-lata-473ml,imperial-cream-stout-lata-473ml,Imperial,Imperial Cream Stout,Cream Stout,Cervezas,stout,473,ml,lata,1,3705.00,,false,true,18,true,false,,,cervezas|stout,Imperial Cream Stout 473 ml,473,inferido,PedidosYa Market Neuquén capital · precio ORIGINAL sin oferta · 2026-10-10,PROPUESTO_NO_APLICADO,BLOQUEADO_SIN_IMAGEN_APROBADA,,DUPLICADO_EXACTO_NO_CREAR,Ya existe la ficha de pool «imperial-cream-stout-lata-473ml»,,PENDIENTE_CONTEO,BLOQUEADO_SIN_ASSET_APROBADO
stella-artois-noire-pura-malta-lata-473ml,stella-artois-noire-pura-malta-lata-473ml,Stella Artois,Stella Artois Noire Pura Malta,Noire Pura Malta,Cervezas,negra,473,ml,lata,1,4679.00,,false,true,18,true,false,,,cervezas|negra,Stella Artois Noire Pura Malta 473 ml,473,inferido,PedidosYa Market Neuquén capital · precio ORIGINAL sin oferta · 2026-10-10,PROPUESTO_NO_APLICADO,BLOQUEADO_SIN_IMAGEN_APROBADA,,NUEVO_PENDIENTE,,,PENDIENTE_CONTEO,BLOQUEADO_SIN_ASSET_APROBADO
heineken-cero-alcohol-lata-473ml,heineken-cero-alcohol-lata-473ml,Heineken,Heineken Cero Alcohol,Cero Alcohol,Cervezas,sin-alcohol,473,ml,lata,1,3759.00,,false,true,18,true,false,,,cervezas|sin-alcohol,Heineken Cero Alcohol 473 ml,473,inferido,PedidosYa Market Neuquén capital · precio ORIGINAL sin oferta · 2026-10-10,PROPUESTO_NO_APLICADO,BLOQUEADO_SIN_IMAGEN_APROBADA,Rótulo 0.0: el validador exige alcohol en Cervezas; decisión comercial,NUEVO_PENDIENTE,,,PENDIENTE_CONTEO,BLOQUEADO_SIN_ASSET_APROBADO
corona-cero-alcohol-lata-473ml,corona-cero-alcohol-lata-473ml,Corona,Corona Cero Alcohol,Cero Alcohol,Cervezas,sin-alcohol,473,ml,lata,1,4049.00,,false,true,18,true,false,,,cervezas|sin-alcohol,Corona Cero Alcohol 473 ml,473,inferido,PedidosYa Market Neuquén capital · precio ORIGINAL sin oferta · 2026-10-10,PROPUESTO_NO_APLICADO,BLOQUEADO_SIN_IMAGEN_APROBADA,Rótulo 0.0: el validador exige alcohol en Cervezas; decisión comercial,NUEVO_PENDIENTE,,,PENDIENTE_CONTEO,BLOQUEADO_SIN_ASSET_APROBADO
trumpeter-malbec-botella-750ml,trumpeter-malbec-botella-750ml,Trumpeter,Trumpeter Malbec,Malbec,Vinos,malbec,750,ml,botella,1,11609.00,,false,true,18,false,false,,,vinos|malbec,Trumpeter Malbec 750 ml,750,inferido,PedidosYa Market Neuquén capital · precio ORIGINAL sin oferta · 2026-10-10,PROPUESTO_NO_APLICADO,BLOQUEADO_SIN_IMAGEN_APROBADA,,DUPLICADO_EXACTO_NO_CREAR,Ya existe la ficha de pool «trumpeter-malbec-750ml-local»,,PENDIENTE_CONTEO,BLOQUEADO_SIN_ASSET_APROBADO
trumpeter-reserva-malbec-botella-750ml,trumpeter-reserva-malbec-botella-750ml,Trumpeter,Trumpeter Reserva Malbec,Reserva Malbec,Vinos,malbec,750,ml,botella,1,15809.00,,false,true,18,false,false,,,vinos|malbec,Trumpeter Reserva Malbec 750 ml,750,inferido,PedidosYa Market Neuquén capital · precio ORIGINAL sin oferta · 2026-10-10,PROPUESTO_NO_APLICADO,BLOQUEADO_SIN_IMAGEN_APROBADA,,DUPLICADO_PROBABLE_DECIDIR,El pool tiene Trumpeter Malbec; no se sabe si es la Reserva,,PENDIENTE_CONTEO,BLOQUEADO_SIN_ASSET_APROBADO
rutini-cabernet-franc-malbec-botella-750ml,rutini-cabernet-franc-malbec-botella-750ml,Rutini,Rutini Cabernet Franc Malbec,Cabernet Franc Malbec,Vinos,blend,750,ml,botella,1,21315.00,,false,true,18,false,false,,,vinos|blend,Rutini Cabernet Franc Malbec 750 ml,750,inferido,PedidosYa Market Neuquén capital · precio ORIGINAL sin oferta · 2026-10-10,PROPUESTO_NO_APLICADO,BLOQUEADO_SIN_IMAGEN_APROBADA,,DUPLICADO_PROBABLE_DECIDIR,Blend distinto (Cabernet Franc Malbec vs Cabernet y Malbec): confirmar,,PENDIENTE_CONTEO,BLOQUEADO_SIN_ASSET_APROBADO
rutini-cabernet-malbec-botella-750ml,rutini-cabernet-malbec-botella-750ml,Rutini,Rutini Cabernet Malbec,Cabernet Malbec,Vinos,blend,750,ml,botella,1,20885.00,,false,true,18,false,false,,,vinos|blend,Rutini Cabernet Malbec 750 ml,750,inferido,PedidosYa Market Neuquén capital · precio ORIGINAL sin oferta · 2026-10-10,PROPUESTO_NO_APLICADO,BLOQUEADO_SIN_IMAGEN_APROBADA,,DUPLICADO_EXACTO_NO_CREAR,Ya existe la ficha de pool «rutini-cabernet-malbec-750ml-local»,,PENDIENTE_CONTEO,BLOQUEADO_SIN_ASSET_APROBADO
finca-flichman-reserva-malbec-botella-750ml,finca-flichman-reserva-malbec-botella-750ml,Finca Flichman,Finca Flichman Reserva Malbec,Reserva Malbec,Vinos,malbec,750,ml,botella,1,10000.00,,false,true,18,false,false,,,vinos|malbec,Finca Flichman Reserva Malbec 750 ml,750,inferido,PedidosYa Market Neuquén capital · precio ORIGINAL sin oferta · 2026-10-10,PROPUESTO_NO_APLICADO,BLOQUEADO_SIN_IMAGEN_APROBADA,,NUEVO_PENDIENTE,,,PENDIENTE_CONTEO,BLOQUEADO_SIN_ASSET_APROBADO
cordero-con-piel-de-lobo-malbec-botella-750ml,cordero-con-piel-de-lobo-malbec-botella-750ml,Cordero con Piel de Lobo,Cordero con Piel de Lobo Malbec,Malbec,Vinos,malbec,750,ml,botella,1,6930.00,,false,true,18,false,false,,,vinos|malbec,Cordero con Piel de Lobo Malbec 750 ml,750,inferido,PedidosYa Market Neuquén capital · precio ORIGINAL sin oferta · 2026-10-10,PROPUESTO_NO_APLICADO,BLOQUEADO_SIN_IMAGEN_APROBADA,,NUEVO_PENDIENTE,,,PENDIENTE_CONTEO,BLOQUEADO_SIN_ASSET_APROBADO
vinas-de-balbo-tinto-botella-1125ml,vinas-de-balbo-tinto-botella-1125ml,Viñas de Balbo,Viñas de Balbo Tinto,Tinto,Vinos,tinto,1.125,L,botella,1,4120.00,,false,true,18,false,false,,,vinos|tinto,"Viñas de Balbo Tinto 1,125 L",1125,inferido,PedidosYa Market Neuquén capital · precio ORIGINAL sin oferta · 2026-10-10,PROPUESTO_NO_APLICADO,BLOQUEADO_SIN_IMAGEN_APROBADA,,NUEVO_PENDIENTE,,,PENDIENTE_CONTEO,BLOQUEADO_SIN_ASSET_APROBADO
finca-flichman-reserva-cabernet-franc-botella-750ml,finca-flichman-reserva-cabernet-franc-botella-750ml,Finca Flichman,Finca Flichman Reserva Cabernet Franc,Reserva Cabernet Franc,Vinos,cabernet-franc,750,ml,botella,1,10000.00,,false,true,18,false,false,,,vinos|cabernet-franc,Finca Flichman Reserva Cabernet Franc 750 ml,750,inferido,PedidosYa Market Neuquén capital · precio ORIGINAL sin oferta · 2026-10-10,PROPUESTO_NO_APLICADO,BLOQUEADO_SIN_IMAGEN_APROBADA,,NUEVO_PENDIENTE,,,PENDIENTE_CONTEO,BLOQUEADO_SIN_ASSET_APROBADO
conejo-verde-malbec-botella-750ml,conejo-verde-malbec-botella-750ml,Conejo Verde,Conejo Verde Malbec,Malbec,Vinos,malbec,750,ml,botella,1,6635.00,,false,true,18,false,false,,,vinos|malbec,Conejo Verde Malbec 750 ml,750,inferido,PedidosYa Market Neuquén capital · precio ORIGINAL sin oferta · 2026-10-10,PROPUESTO_NO_APLICADO,BLOQUEADO_SIN_IMAGEN_APROBADA,,NUEVO_PENDIENTE,,,PENDIENTE_CONTEO,BLOQUEADO_SIN_ASSET_APROBADO
finjamos-demencia-malbec-botella-750ml,finjamos-demencia-malbec-botella-750ml,Finjamos,Finjamos Demencia Malbec,Demencia Malbec,Vinos,malbec,750,ml,botella,1,7380.00,,false,true,18,false,false,,,vinos|malbec,Finjamos Demencia Malbec 750 ml,750,inferido,PedidosYa Market Neuquén capital · precio ORIGINAL sin oferta · 2026-10-10,PROPUESTO_NO_APLICADO,BLOQUEADO_SIN_IMAGEN_APROBADA,,NUEVO_PENDIENTE,,,PENDIENTE_CONTEO,BLOQUEADO_SIN_ASSET_APROBADO
toro-clasico-botella-700ml,toro-clasico-botella-700ml,Toro,Toro Clásico,Clásico,Vinos,tinto,700,ml,botella,1,2850.00,,false,true,18,false,false,,,vinos|tinto,Toro Clásico 700 ml,700,inferido,PedidosYa Market Neuquén capital · precio ORIGINAL sin oferta · 2026-10-10,PROPUESTO_NO_APLICADO,BLOQUEADO_SIN_IMAGEN_APROBADA,"Marca Toro (grupo Peñaflor, distribuido por Andina). La Taba tiene Toro Tinto 1000 ml y Toro Viejo Clásico 750 ml",NUEVO_PENDIENTE,,,PENDIENTE_CONTEO,BLOQUEADO_SIN_ASSET_APROBADO
wampa-malbec-botella-750ml,wampa-malbec-botella-750ml,Wampa,Wampa Malbec,Malbec,Vinos,malbec,750,ml,botella,1,6265.00,,false,true,18,false,false,,,vinos|malbec,Wampa Malbec 750 ml,750,inferido,PedidosYa Market Neuquén capital · precio ORIGINAL sin oferta · 2026-10-10,PROPUESTO_NO_APLICADO,BLOQUEADO_SIN_IMAGEN_APROBADA,,NUEVO_PENDIENTE,,,PENDIENTE_CONTEO,BLOQUEADO_SIN_ASSET_APROBADO
luigi-bosca-malbec-botella-750ml,luigi-bosca-malbec-botella-750ml,Luigi Bosca,Luigi Bosca Malbec,Malbec,Vinos,malbec,750,ml,botella,1,19079.00,,false,true,18,false,false,,,vinos|malbec,Luigi Bosca Malbec 750 ml,750,inferido,PedidosYa Market Neuquén capital · precio ORIGINAL sin oferta · 2026-10-10,PROPUESTO_NO_APLICADO,BLOQUEADO_SIN_IMAGEN_APROBADA,,NUEVO_PENDIENTE,,,PENDIENTE_CONTEO,BLOQUEADO_SIN_ASSET_APROBADO
canciller-blend-iii-botella-750ml,canciller-blend-iii-botella-750ml,Canciller,Canciller Blend III,Blend III,Vinos,blend,750,ml,botella,1,3585.00,,false,true,18,false,false,,,vinos|blend,Blend III Canciller 750 ml,750,inferido,PedidosYa Market Neuquén capital · precio ORIGINAL sin oferta · 2026-10-10,PROPUESTO_NO_APLICADO,BLOQUEADO_SIN_IMAGEN_APROBADA,Marca Canciller a confirmar,NUEVO_PENDIENTE,,,PENDIENTE_CONTEO,BLOQUEADO_SIN_ASSET_APROBADO
cordero-con-piel-de-lobo-cabernet-sauvignon-botella-750ml,cordero-con-piel-de-lobo-cabernet-sauvignon-botella-750ml,Cordero con Piel de Lobo,Cordero con Piel de Lobo Cabernet Sauvignon,Cabernet Sauvignon,Vinos,cabernet-sauvignon,750,ml,botella,1,6600.00,,false,true,18,false,false,,,vinos|cabernet-sauvignon,Cordero con Piel de Lobo Cabernet Sauvignon 750 ml,750,inferido,PedidosYa Market Neuquén capital · precio ORIGINAL sin oferta · 2026-10-10,PROPUESTO_NO_APLICADO,BLOQUEADO_SIN_IMAGEN_APROBADA,,NUEVO_PENDIENTE,,,PENDIENTE_CONTEO,BLOQUEADO_SIN_ASSET_APROBADO
callia-alta-malbec-botella-750ml,callia-alta-malbec-botella-750ml,Callia,Callia Alta Malbec,Alta Malbec,Vinos,malbec,750,ml,botella,1,6740.00,,false,true,18,false,false,,,vinos|malbec,Callia Alta Malbec 750 ml,750,inferido,PedidosYa Market Neuquén capital · precio ORIGINAL sin oferta · 2026-10-10,PROPUESTO_NO_APLICADO,BLOQUEADO_SIN_IMAGEN_APROBADA,,NUEVO_PENDIENTE,,,PENDIENTE_CONTEO,BLOQUEADO_SIN_ASSET_APROBADO
santa-julia-dulce-botella-750ml,santa-julia-dulce-botella-750ml,Santa Julia,Santa Julia Dulce,Dulce,Vinos,dulce,750,ml,botella,1,9735.00,,false,true,18,false,false,,,vinos|dulce,Santa Julia Dulce 750 ml,750,inferido,PedidosYa Market Neuquén capital · precio ORIGINAL sin oferta · 2026-10-10,PROPUESTO_NO_APLICADO,BLOQUEADO_SIN_IMAGEN_APROBADA,,NUEVO_PENDIENTE,,,PENDIENTE_CONTEO,BLOQUEADO_SIN_ASSET_APROBADO
canciller-blend-iii-botella-1250ml,canciller-blend-iii-botella-1250ml,Canciller,Canciller Blend III,Blend III,Vinos,blend,1.25,L,botella,1,4465.00,,false,true,18,false,false,,,vinos|blend,"Blend III Canciller 1,25 L",1250,inferido,PedidosYa Market Neuquén capital · precio ORIGINAL sin oferta · 2026-10-10,PROPUESTO_NO_APLICADO,BLOQUEADO_SIN_IMAGEN_APROBADA,Marca Canciller a confirmar,NUEVO_PENDIENTE,,,PENDIENTE_CONTEO,BLOQUEADO_SIN_ASSET_APROBADO
familia-gascon-cabernet-sauvignon-botella-750ml,familia-gascon-cabernet-sauvignon-botella-750ml,Familia Gascón,Familia Gascón Cabernet Sauvignon,Cabernet Sauvignon,Vinos,cabernet-sauvignon,750,ml,botella,1,8405.00,,false,true,18,false,false,,,vinos|cabernet-sauvignon,Familia Gascón Cabernet Sauvignon 750 ml,750,inferido,PedidosYa Market Neuquén capital · precio ORIGINAL sin oferta · 2026-10-10,PROPUESTO_NO_APLICADO,BLOQUEADO_SIN_IMAGEN_APROBADA,,NUEVO_PENDIENTE,,,PENDIENTE_CONTEO,BLOQUEADO_SIN_ASSET_APROBADO
finca-flichman-pinot-noir-reserva-botella-750ml,finca-flichman-pinot-noir-reserva-botella-750ml,Finca Flichman,Finca Flichman Pinot Noir Reserva,Pinot Noir Reserva,Vinos,pinot-noir,750,ml,botella,1,12000.00,,false,true,18,false,false,,,vinos|pinot-noir,Finca Flichman Pinot Noir Reserva 750 ml,750,inferido,PedidosYa Market Neuquén capital · precio ORIGINAL sin oferta · 2026-10-10,PROPUESTO_NO_APLICADO,BLOQUEADO_SIN_IMAGEN_APROBADA,,NUEVO_PENDIENTE,,,PENDIENTE_CONTEO,BLOQUEADO_SIN_ASSET_APROBADO
finca-flichman-single-parcel-malbec-botella-750ml,finca-flichman-single-parcel-malbec-botella-750ml,Finca Flichman,Finca Flichman Single Parcel Malbec,Single Parcel Malbec,Vinos,malbec,750,ml,botella,1,36675.00,,false,true,18,false,false,,,vinos|malbec,Finca Flichman Single Parcel Malbec 750 ml,750,inferido,PedidosYa Market Neuquén capital · precio ORIGINAL sin oferta · 2026-10-10,PROPUESTO_NO_APLICADO,BLOQUEADO_SIN_IMAGEN_APROBADA,Edición de parcela: confirmar que sea el SKU estándar,NUEVO_PENDIENTE,,,PENDIENTE_CONTEO,BLOQUEADO_SIN_ASSET_APROBADO
luigi-bosca-pinot-noir-botella-750ml,luigi-bosca-pinot-noir-botella-750ml,Luigi Bosca,Luigi Bosca Pinot Noir,Pinot Noir,Vinos,pinot-noir,750,ml,botella,1,23125.00,,false,true,18,false,false,,,vinos|pinot-noir,Luigi Bosca Pinot Noir 750 ml,750,inferido,PedidosYa Market Neuquén capital · precio ORIGINAL sin oferta · 2026-10-10,PROPUESTO_NO_APLICADO,BLOQUEADO_SIN_IMAGEN_APROBADA,,NUEVO_PENDIENTE,,,PENDIENTE_CONTEO,BLOQUEADO_SIN_ASSET_APROBADO
finca-natalina-autentico-malbec-botella-750ml,finca-natalina-autentico-malbec-botella-750ml,Finca Natalina,Finca Natalina Auténtico Malbec,Auténtico Malbec,Vinos,malbec,750,ml,botella,1,5485.00,,false,true,18,false,false,,,vinos|malbec,Finca Natalina Auténtico Malbec 750 ml,750,inferido,PedidosYa Market Neuquén capital · precio ORIGINAL sin oferta · 2026-10-10,PROPUESTO_NO_APLICADO,BLOQUEADO_SIN_IMAGEN_APROBADA,,NUEVO_PENDIENTE,,,PENDIENTE_CONTEO,BLOQUEADO_SIN_ASSET_APROBADO
killka-malbec-botella-750ml,killka-malbec-botella-750ml,Killka,Killka Malbec,Malbec,Vinos,malbec,750,ml,botella,1,11349.00,,false,true,18,false,false,,,vinos|malbec,Killka Malbec 750 ml,750,inferido,PedidosYa Market Neuquén capital · precio ORIGINAL sin oferta · 2026-10-10,PROPUESTO_NO_APLICADO,BLOQUEADO_SIN_IMAGEN_APROBADA,,NUEVO_PENDIENTE,,,PENDIENTE_CONTEO,BLOQUEADO_SIN_ASSET_APROBADO
nieto-senetiner-cabernet-sauvignon-botella-750ml,nieto-senetiner-cabernet-sauvignon-botella-750ml,Nieto Senetiner,Nieto Senetiner Cabernet Sauvignon,Cabernet Sauvignon,Vinos,cabernet-sauvignon,750,ml,botella,1,12809.00,,false,true,18,false,false,,,vinos|cabernet-sauvignon,Nieto Senetiner Cabernet Sauvignon 750 ml,750,inferido,PedidosYa Market Neuquén capital · precio ORIGINAL sin oferta · 2026-10-10,PROPUESTO_NO_APLICADO,BLOQUEADO_SIN_IMAGEN_APROBADA,,NUEVO_PENDIENTE,,,PENDIENTE_CONTEO,BLOQUEADO_SIN_ASSET_APROBADO
salentein-reserva-malbec-botella-750ml,salentein-reserva-malbec-botella-750ml,Salentein,Salentein Reserva Malbec,Reserva Malbec,Vinos,malbec,750,ml,botella,1,17639.00,,false,true,18,false,false,,,vinos|malbec,Salentein Reserva Malbec 750 ml,750,inferido,PedidosYa Market Neuquén capital · precio ORIGINAL sin oferta · 2026-10-10,PROPUESTO_NO_APLICADO,BLOQUEADO_SIN_IMAGEN_APROBADA,,NUEVO_PENDIENTE,,,PENDIENTE_CONTEO,BLOQUEADO_SIN_ASSET_APROBADO
esperado-malbec-botella-750ml,esperado-malbec-botella-750ml,Esperado,Esperado Malbec,Malbec,Vinos,malbec,750,ml,botella,1,7645.00,,false,true,18,false,false,,,vinos|malbec,Esperado Malbec 750 ml,750,inferido,PedidosYa Market Neuquén capital · precio ORIGINAL sin oferta · 2026-10-10,PROPUESTO_NO_APLICADO,BLOQUEADO_SIN_IMAGEN_APROBADA,,NUEVO_PENDIENTE,,,PENDIENTE_CONTEO,BLOQUEADO_SIN_ASSET_APROBADO
luigi-bosca-de-sangre-red-blend-botella-750ml,luigi-bosca-de-sangre-red-blend-botella-750ml,Luigi Bosca,Luigi Bosca De Sangre Red Blend,De Sangre Red Blend,Vinos,blend,750,ml,botella,1,25545.00,,false,true,18,false,false,,,vinos|blend,Luigi Bosca De Sangre Red Blend 750 ml,750,inferido,PedidosYa Market Neuquén capital · precio ORIGINAL sin oferta · 2026-10-10,PROPUESTO_NO_APLICADO,BLOQUEADO_SIN_IMAGEN_APROBADA,,NUEVO_PENDIENTE,,,PENDIENTE_CONTEO,BLOQUEADO_SIN_ASSET_APROBADO
luigi-bosca-cabernet-sauvignon-botella-750ml,luigi-bosca-cabernet-sauvignon-botella-750ml,Luigi Bosca,Luigi Bosca Cabernet Sauvignon,Cabernet Sauvignon,Vinos,cabernet-sauvignon,750,ml,botella,1,19079.00,,false,true,18,false,false,,,vinos|cabernet-sauvignon,Luigi Bosca Cabernet Sauvignon 750 ml,750,inferido,PedidosYa Market Neuquén capital · precio ORIGINAL sin oferta · 2026-10-10,PROPUESTO_NO_APLICADO,BLOQUEADO_SIN_IMAGEN_APROBADA,,NUEVO_PENDIENTE,,,PENDIENTE_CONTEO,BLOQUEADO_SIN_ASSET_APROBADO
luigi-bosca-de-sangre-malbec-botella-750ml,luigi-bosca-de-sangre-malbec-botella-750ml,Luigi Bosca,Luigi Bosca De Sangre Malbec,De Sangre Malbec,Vinos,malbec,750,ml,botella,1,31720.00,,false,true,18,false,false,,,vinos|malbec,Luigi Bosca De Sangre Malbec 750 ml,750,inferido,PedidosYa Market Neuquén capital · precio ORIGINAL sin oferta · 2026-10-10,PROPUESTO_NO_APLICADO,BLOQUEADO_SIN_IMAGEN_APROBADA,,NUEVO_PENDIENTE,,,PENDIENTE_CONTEO,BLOQUEADO_SIN_ASSET_APROBADO
trapiche-alaris-malbec-botella-750ml,trapiche-alaris-malbec-botella-750ml,Trapiche,Trapiche Alaris Malbec,Alaris Malbec,Vinos,malbec,750,ml,botella,1,6175.00,,false,true,18,false,false,,,vinos|malbec,Trapiche Alaris Malbec 750 ml,750,inferido,PedidosYa Market Neuquén capital · precio ORIGINAL sin oferta · 2026-10-10,PROPUESTO_NO_APLICADO,BLOQUEADO_SIN_IMAGEN_APROBADA,Línea Alaris ≠ Origen (SKU existente de La Taba); distribuido por Andina,NUEVO_PENDIENTE,,,PENDIENTE_CONTEO,BLOQUEADO_SIN_ASSET_APROBADO
trumpeter-chardonnay-botella-750ml,trumpeter-chardonnay-botella-750ml,Trumpeter,Trumpeter Chardonnay,Chardonnay,Vinos,chardonnay,750,ml,botella,1,11715.00,,false,true,18,false,false,,,vinos|chardonnay,Trumpeter Chardonnay 750 ml,750,inferido,PedidosYa Market Neuquén capital · precio ORIGINAL sin oferta · 2026-10-10,PROPUESTO_NO_APLICADO,BLOQUEADO_SIN_IMAGEN_APROBADA,,NUEVO_PENDIENTE,,,PENDIENTE_CONTEO,BLOQUEADO_SIN_ASSET_APROBADO
santa-julia-chenin-dulce-natural-botella-750ml,santa-julia-chenin-dulce-natural-botella-750ml,Santa Julia,Santa Julia Chenin Dulce Natural,Chenin Dulce Natural,Vinos,dulce,750,ml,botella,1,8745.00,,false,true,18,false,false,,,vinos|dulce,Santa Julia Chenin Dulce Natural 750 ml,750,inferido,PedidosYa Market Neuquén capital · precio ORIGINAL sin oferta · 2026-10-10,PROPUESTO_NO_APLICADO,BLOQUEADO_SIN_IMAGEN_APROBADA,,NUEVO_PENDIENTE,,,PENDIENTE_CONTEO,BLOQUEADO_SIN_ASSET_APROBADO
benjamin-dulce-natural-botella-750ml,benjamin-dulce-natural-botella-750ml,Benjamin,Benjamin Dulce Natural,Dulce Natural,Vinos,dulce,750,ml,botella,1,7460.00,,false,true,18,false,false,,,vinos|dulce,Benjamin Dulce Natural 750 ml,750,inferido,PedidosYa Market Neuquén capital · precio ORIGINAL sin oferta · 2026-10-10,PROPUESTO_NO_APLICADO,BLOQUEADO_SIN_IMAGEN_APROBADA,Marca a confirmar,NUEVO_PENDIENTE,,,PENDIENTE_CONTEO,BLOQUEADO_SIN_ASSET_APROBADO
dilema-dulce-natural-botella-750ml,dilema-dulce-natural-botella-750ml,Dilema,Dilema Dulce Natural,Dulce Natural,Vinos,dulce,750,ml,botella,1,5670.00,,false,true,18,false,false,,,vinos|dulce,Dilema Dulce Natural 750 ml,750,inferido,PedidosYa Market Neuquén capital · precio ORIGINAL sin oferta · 2026-10-10,PROPUESTO_NO_APLICADO,BLOQUEADO_SIN_IMAGEN_APROBADA,Marca a confirmar,NUEVO_PENDIENTE,,,PENDIENTE_CONTEO,BLOQUEADO_SIN_ASSET_APROBADO
canciller-dulce-blend-v-botella-750ml,canciller-dulce-blend-v-botella-750ml,Canciller,Canciller Dulce Blend V,Dulce Blend V,Vinos,dulce,750,ml,botella,1,3649.00,,false,true,18,false,false,,,vinos|dulce,Dulce Blend V Canciller 750 ml,750,inferido,PedidosYa Market Neuquén capital · precio ORIGINAL sin oferta · 2026-10-10,PROPUESTO_NO_APLICADO,BLOQUEADO_SIN_IMAGEN_APROBADA,Marca Canciller a confirmar,NUEVO_PENDIENTE,,,PENDIENTE_CONTEO,BLOQUEADO_SIN_ASSET_APROBADO
estancia-mendoza-chenin-chardonnay-botella-750ml,estancia-mendoza-chenin-chardonnay-botella-750ml,Estancia Mendoza,Estancia Mendoza Chenin Chardonnay,Chenin Chardonnay,Vinos,blanco,750,ml,botella,1,4389.00,,false,true,18,false,false,,,vinos|blanco,Chenin Chardonnay Estancia Mendoza 750 ml,750,inferido,PedidosYa Market Neuquén capital · precio ORIGINAL sin oferta · 2026-10-10,PROPUESTO_NO_APLICADO,BLOQUEADO_SIN_IMAGEN_APROBADA,,NUEVO_PENDIENTE,,,PENDIENTE_CONTEO,BLOQUEADO_SIN_ASSET_APROBADO
canciller-blend-blanco-botella-1125ml,canciller-blend-blanco-botella-1125ml,Canciller,Canciller Blend Blanco,Blend Blanco,Vinos,blanco,1.125,L,botella,1,4465.00,,false,true,18,false,false,,,vinos|blanco,"Canciller Blend Blanco 1,125 L",1125,inferido,PedidosYa Market Neuquén capital · precio ORIGINAL sin oferta · 2026-10-10,PROPUESTO_NO_APLICADO,BLOQUEADO_SIN_IMAGEN_APROBADA,,NUEVO_PENDIENTE,,,PENDIENTE_CONTEO,BLOQUEADO_SIN_ASSET_APROBADO
resero-dulce-botella-1000ml,resero-dulce-botella-1000ml,Resero,Resero Dulce,Dulce,Vinos,dulce,1,L,botella,1,2370.00,,false,true,18,false,false,,,vinos|dulce,Resero Dulce 1 L,1000,inferido,PedidosYa Market Neuquén capital · precio ORIGINAL sin oferta · 2026-10-10,PROPUESTO_NO_APLICADO,BLOQUEADO_SIN_IMAGEN_APROBADA,,NUEVO_PENDIENTE,,,PENDIENTE_CONTEO,BLOQUEADO_SIN_ASSET_APROBADO
vinas-de-balbo-chablis-botella-1125ml,vinas-de-balbo-chablis-botella-1125ml,Viñas de Balbo,Viñas de Balbo Chablis,Chablis,Vinos,blanco,1.125,L,botella,1,4120.00,,false,true,18,false,false,,,vinos|blanco,"Viñas de Balbo Chablis 1,125 L",1125,inferido,PedidosYa Market Neuquén capital · precio ORIGINAL sin oferta · 2026-10-10,PROPUESTO_NO_APLICADO,BLOQUEADO_SIN_IMAGEN_APROBADA,,NUEVO_PENDIENTE,,,PENDIENTE_CONTEO,BLOQUEADO_SIN_ASSET_APROBADO
finca-flichman-dulce-chardonnay-botella-750ml,finca-flichman-dulce-chardonnay-botella-750ml,Finca Flichman,Finca Flichman Dulce Chardonnay,Dulce Chardonnay,Vinos,dulce,750,ml,botella,1,9450.00,,false,true,18,false,false,,,vinos|dulce,Finca Flichman Dulce Chardonnay 750 ml,750,inferido,PedidosYa Market Neuquén capital · precio ORIGINAL sin oferta · 2026-10-10,PROPUESTO_NO_APLICADO,BLOQUEADO_SIN_IMAGEN_APROBADA,,NUEVO_PENDIENTE,,,PENDIENTE_CONTEO,BLOQUEADO_SIN_ASSET_APROBADO
callia-dulce-botella-750ml,callia-dulce-botella-750ml,Callia,Callia Dulce,Dulce,Vinos,dulce,750,ml,botella,1,6630.00,,false,true,18,false,false,,,vinos|dulce,Callia Dulce 750 ml,750,inferido,PedidosYa Market Neuquén capital · precio ORIGINAL sin oferta · 2026-10-10,PROPUESTO_NO_APLICADO,BLOQUEADO_SIN_IMAGEN_APROBADA,,NUEVO_PENDIENTE,,,PENDIENTE_CONTEO,BLOQUEADO_SIN_ASSET_APROBADO
finca-flichman-sauvignon-blanc-botella-750ml,finca-flichman-sauvignon-blanc-botella-750ml,Finca Flichman,Finca Flichman Sauvignon Blanc,Sauvignon Blanc,Vinos,sauvignon-blanc,750,ml,botella,1,9450.00,,false,true,18,false,false,,,vinos|sauvignon-blanc,Finca Flichman Sauvignon Blanc 750 ml,750,inferido,PedidosYa Market Neuquén capital · precio ORIGINAL sin oferta · 2026-10-10,PROPUESTO_NO_APLICADO,BLOQUEADO_SIN_IMAGEN_APROBADA,,NUEVO_PENDIENTE,,,PENDIENTE_CONTEO,BLOQUEADO_SIN_ASSET_APROBADO
familia-gascon-chardonnay-botella-750ml,familia-gascon-chardonnay-botella-750ml,Familia Gascón,Familia Gascón Chardonnay,Chardonnay,Vinos,chardonnay,750,ml,botella,1,8945.00,,false,true,18,false,false,,,vinos|chardonnay,Familia Gascón Chardonnay 750 ml,750,inferido,PedidosYa Market Neuquén capital · precio ORIGINAL sin oferta · 2026-10-10,PROPUESTO_NO_APLICADO,BLOQUEADO_SIN_IMAGEN_APROBADA,,NUEVO_PENDIENTE,,,PENDIENTE_CONTEO,BLOQUEADO_SIN_ASSET_APROBADO
portillo-salentein-sauvignon-blanc-botella-750ml,portillo-salentein-sauvignon-blanc-botella-750ml,Portillo Salentein,Portillo Salentein Sauvignon Blanc,Sauvignon Blanc,Vinos,sauvignon-blanc,750,ml,botella,1,7855.00,,false,true,18,false,false,,,vinos|sauvignon-blanc,Portillo Salentein Sauvignon Blanc 750 ml,750,inferido,PedidosYa Market Neuquén capital · precio ORIGINAL sin oferta · 2026-10-10,PROPUESTO_NO_APLICADO,BLOQUEADO_SIN_IMAGEN_APROBADA,"Distinto del Portillo Salentein Malbec (ambiguo, no creado)",NUEVO_PENDIENTE,,,PENDIENTE_CONTEO,BLOQUEADO_SIN_ASSET_APROBADO
la-linda-sweet-viognier-botella-750ml,la-linda-sweet-viognier-botella-750ml,La Linda,La Linda Sweet Viognier,Sweet Viognier,Vinos,dulce,750,ml,botella,1,11505.00,,false,true,18,false,false,,,vinos|dulce,La Linda Sweet Viognier 750 ml,750,inferido,PedidosYa Market Neuquén capital · precio ORIGINAL sin oferta · 2026-10-10,PROPUESTO_NO_APLICADO,BLOQUEADO_SIN_IMAGEN_APROBADA,,NUEVO_PENDIENTE,,,PENDIENTE_CONTEO,BLOQUEADO_SIN_ASSET_APROBADO
finca-flichman-reserva-chardonnay-botella-750ml,finca-flichman-reserva-chardonnay-botella-750ml,Finca Flichman,Finca Flichman Reserva Chardonnay,Reserva Chardonnay,Vinos,chardonnay,750,ml,botella,1,10000.00,,false,true,18,false,false,,,vinos|chardonnay,Finca Flichman Reserva Chardonnay 750 ml,750,inferido,PedidosYa Market Neuquén capital · precio ORIGINAL sin oferta · 2026-10-10,PROPUESTO_NO_APLICADO,BLOQUEADO_SIN_IMAGEN_APROBADA,,NUEVO_PENDIENTE,,,PENDIENTE_CONTEO,BLOQUEADO_SIN_ASSET_APROBADO
santa-julia-chenin-dulce-lata-269ml,santa-julia-chenin-dulce-lata-269ml,Santa Julia,Santa Julia Chenin Dulce,Chenin Dulce,Vinos,dulce,269,ml,lata,1,3455.00,,false,true,18,true,false,,,vinos|dulce,Santa Julia Chenin Dulce en Lata 269 ml,269,explicito,PedidosYa Market Neuquén capital · precio ORIGINAL sin oferta · 2026-10-10,PROPUESTO_NO_APLICADO,BLOQUEADO_SIN_IMAGEN_APROBADA,,NUEVO_PENDIENTE,,,PENDIENTE_CONTEO,BLOQUEADO_SIN_ASSET_APROBADO
tardio-de-abril-dulce-botella-500ml,tardio-de-abril-dulce-botella-500ml,Tardío de Abril,Tardío de Abril Dulce,Dulce,Vinos,rosado,500,ml,botella,1,7225.00,,false,true,18,false,false,,,vinos|rosado,Dulce Tardío de Abril 500 ml,500,inferido,PedidosYa Market Neuquén capital · precio ORIGINAL sin oferta · 2026-10-10,PROPUESTO_NO_APLICADO,BLOQUEADO_SIN_IMAGEN_APROBADA,Marca y bodega a confirmar,NUEVO_PENDIENTE,,,PENDIENTE_CONTEO,BLOQUEADO_SIN_ASSET_APROBADO
emilia-malbec-dulce-botella-750ml,emilia-malbec-dulce-botella-750ml,Emilia,Emilia Malbec Dulce,Malbec Dulce,Vinos,rosado,750,ml,botella,1,9775.00,,false,true,18,false,false,,,vinos|rosado,Emilia Malbec Dulce 750 ml,750,inferido,PedidosYa Market Neuquén capital · precio ORIGINAL sin oferta · 2026-10-10,PROPUESTO_NO_APLICADO,BLOQUEADO_SIN_IMAGEN_APROBADA,Rosado según lista de referencia,NUEVO_PENDIENTE,,,PENDIENTE_CONTEO,BLOQUEADO_SIN_ASSET_APROBADO
la-linda-rosado-botella-750ml,la-linda-rosado-botella-750ml,La Linda,La Linda Rosado,Rosado,Vinos,rosado,750,ml,botella,1,11825.00,,false,true,18,false,false,,,vinos|rosado,La Linda Rosado 750 ml,750,inferido,PedidosYa Market Neuquén capital · precio ORIGINAL sin oferta · 2026-10-10,PROPUESTO_NO_APLICADO,BLOQUEADO_SIN_IMAGEN_APROBADA,,NUEVO_PENDIENTE,,,PENDIENTE_CONTEO,BLOQUEADO_SIN_ASSET_APROBADO
fernet-branca-original-botella-750ml,fernet-branca-original-botella-750ml,Fernet Branca,Fernet Branca Original,Original,Fernet,fernet,750,ml,botella,1,19700.00,,false,true,18,false,false,,,fernet|fernet,Fernet Branca 750 ml,750,inferido,PedidosYa Market Neuquén capital · precio ORIGINAL sin oferta · 2026-10-10,PROPUESTO_NO_APLICADO,BLOQUEADO_SIN_IMAGEN_APROBADA,Fuente de fabricante: Fratelli Branca (brancastore),NUEVO_PENDIENTE,,fernet-branca-750ml__1__3ae4d4c4.webp,PENDIENTE_CONTEO,BLOQUEADO_SIN_ASSET_APROBADO
fernet-branca-original-botella-450ml,fernet-branca-original-botella-450ml,Fernet Branca,Fernet Branca Original,Original,Fernet,fernet,450,ml,botella,1,13100.00,,false,true,18,false,false,,,fernet|fernet,Fernet Branca 450 ml,450,inferido,PedidosYa Market Neuquén capital · precio ORIGINAL sin oferta · 2026-10-10,PROPUESTO_NO_APLICADO,BLOQUEADO_SIN_IMAGEN_APROBADA,Fuente de fabricante: Fratelli Branca (brancastore),NUEVO_PENDIENTE,,fernet-branca-450ml__1__44b199c2.webp,PENDIENTE_CONTEO,BLOQUEADO_SIN_ASSET_APROBADO
buhero-negro-botella-700ml,buhero-negro-botella-700ml,Buhero,Buhero Negro,Negro,Fernet,fernet,700,ml,botella,1,12430.00,,false,true,18,false,false,,,fernet|fernet,Fernet Buhero Negro 700 ml,700,inferido,PedidosYa Market Neuquén capital · precio ORIGINAL sin oferta · 2026-10-10,PROPUESTO_NO_APLICADO,BLOQUEADO_SIN_IMAGEN_APROBADA,Marca a confirmar,NUEVO_PENDIENTE,,,PENDIENTE_CONTEO,BLOQUEADO_SIN_ASSET_APROBADO
carpano-rosso-botella-950ml,carpano-rosso-botella-950ml,Carpano,Carpano Rosso,Rosso,Aperitivos,vermouth,950,ml,botella,1,13849.00,,false,true,18,false,false,,,aperitivos|vermouth,Carpano Rosso 950 ml,950,inferido,PedidosYa Market Neuquén capital · precio ORIGINAL sin oferta · 2026-10-10,PROPUESTO_NO_APLICADO,BLOQUEADO_SIN_IMAGEN_APROBADA,,NUEVO_PENDIENTE,,,PENDIENTE_CONTEO,BLOQUEADO_SIN_ASSET_APROBADO
carpano-bianco-botella-950ml,carpano-bianco-botella-950ml,Carpano,Carpano Bianco,Bianco,Aperitivos,vermouth,950,ml,botella,1,13849.00,,false,true,18,false,false,,,aperitivos|vermouth,Carpano Bianco 950 ml,950,inferido,PedidosYa Market Neuquén capital · precio ORIGINAL sin oferta · 2026-10-10,PROPUESTO_NO_APLICADO,BLOQUEADO_SIN_IMAGEN_APROBADA,,NUEVO_PENDIENTE,,,PENDIENTE_CONTEO,BLOQUEADO_SIN_ASSET_APROBADO
gancia-americano-botella-950ml,gancia-americano-botella-950ml,Gancia,Gancia Americano,Americano,Aperitivos,americano,950,ml,botella,1,10685.00,,false,true,18,false,false,,,aperitivos|americano,Gancia Americano 950 ml,950,inferido,PedidosYa Market Neuquén capital · precio ORIGINAL sin oferta · 2026-10-10,PROPUESTO_NO_APLICADO,BLOQUEADO_SIN_IMAGEN_APROBADA,"La Taba tiene Gancia Americano 450 ml: SKU existente, no se toca",DUPLICADO_EXACTO_NO_CREAR,Ya existe la ficha de pool «gancia-americano-950ml-local»,,PENDIENTE_CONTEO,BLOQUEADO_SIN_ASSET_APROBADO
amargo-obrero-19-botella-950ml,amargo-obrero-19-botella-950ml,Amargo Obrero,Amargo Obrero 19°,19°,Aperitivos,amargo,950,ml,botella,1,6640.00,,false,true,18,false,false,,,aperitivos|amargo,Amargo Obrero 19° 950 ml,950,inferido,PedidosYa Market Neuquén capital · precio ORIGINAL sin oferta · 2026-10-10,PROPUESTO_NO_APLICADO,BLOQUEADO_SIN_IMAGEN_APROBADA,,NUEVO_PENDIENTE,,,PENDIENTE_CONTEO,BLOQUEADO_SIN_ASSET_APROBADO
campari-original-botella-750ml,campari-original-botella-750ml,Campari,Campari Original,Original,Aperitivos,aperitivo,750,ml,botella,1,14909.00,,false,true,18,false,false,,,aperitivos|aperitivo,Campari 750 ml,750,inferido,PedidosYa Market Neuquén capital · precio ORIGINAL sin oferta · 2026-10-10,PROPUESTO_NO_APLICADO,BLOQUEADO_SIN_IMAGEN_APROBADA,,DUPLICADO_PROBABLE_DECIDIR,El pool dice «Campari Bitter»: confirmar si es el mismo producto que «Campari 750 ml»,,PENDIENTE_CONTEO,BLOQUEADO_SIN_ASSET_APROBADO
aperol-original-botella-750ml,aperol-original-botella-750ml,Aperol,Aperol Original,Original,Aperitivos,aperitivo,750,ml,botella,1,10920.00,,false,true,18,false,false,,,aperitivos|aperitivo,Aperol 750 ml,750,inferido,PedidosYa Market Neuquén capital · precio ORIGINAL sin oferta · 2026-10-10,PROPUESTO_NO_APLICADO,BLOQUEADO_SIN_IMAGEN_APROBADA,,DUPLICADO_EXACTO_NO_CREAR,Ya existe la ficha de pool «aperol-750ml»,,PENDIENTE_CONTEO,BLOQUEADO_SIN_ASSET_APROBADO
dr-lemon-red-berries-5-lata-473ml,dr-lemon-red-berries-5-lata-473ml,Dr. Lemon,Dr. Lemon Red Berries 5%,Red Berries 5%,Aperitivos,listo-para-tomar,473,ml,lata,1,3265.00,,false,true,18,true,false,,,aperitivos|listo-para-tomar,Dr. Lemon Red Berries 5% 473 ml,473,inferido,PedidosYa Market Neuquén capital · precio ORIGINAL sin oferta · 2026-10-10,PROPUESTO_NO_APLICADO,BLOQUEADO_SIN_IMAGEN_APROBADA,,NUEVO_PENDIENTE,,,PENDIENTE_CONTEO,BLOQUEADO_SIN_ASSET_APROBADO
dr-lemon-limon-botella-1000ml,dr-lemon-limon-botella-1000ml,Dr. Lemon,Dr. Lemon Limón,Limón,Aperitivos,listo-para-tomar,1,L,botella,1,5439.00,,false,true,18,false,false,,,aperitivos|listo-para-tomar,Dr. Lemon Limón 1 L,1000,inferido,PedidosYa Market Neuquén capital · precio ORIGINAL sin oferta · 2026-10-10,PROPUESTO_NO_APLICADO,BLOQUEADO_SIN_IMAGEN_APROBADA,,NUEVO_PENDIENTE,,dr-lemon-limon-botella-1000ml__1__a492bf88.jpg,PENDIENTE_CONTEO,BLOQUEADO_SIN_ASSET_APROBADO
gancia-lima-limon-hibiscus-lata-473ml,gancia-lima-limon-hibiscus-lata-473ml,Gancia,Gancia Lima limón Hibiscus,Lima limón Hibiscus,Aperitivos,listo-para-tomar,473,ml,lata,1,3239.00,,false,true,18,true,false,,,aperitivos|listo-para-tomar,Gancia Lima Limón Hibiscus 473 ml,473,inferido,PedidosYa Market Neuquén capital · precio ORIGINAL sin oferta · 2026-10-10,PROPUESTO_NO_APLICADO,BLOQUEADO_SIN_IMAGEN_APROBADA,,NUEVO_PENDIENTE,,,PENDIENTE_CONTEO,BLOQUEADO_SIN_ASSET_APROBADO
dr-lemon-vodka-original-botella-1000ml,dr-lemon-vodka-original-botella-1000ml,Dr. Lemon,Dr. Lemon Vodka Original,Vodka Original,Aperitivos,listo-para-tomar,1,L,botella,1,5439.00,,false,true,18,false,false,,,aperitivos|listo-para-tomar,Dr. Lemon Vodka Original 1 L,1000,inferido,PedidosYa Market Neuquén capital · precio ORIGINAL sin oferta · 2026-10-10,PROPUESTO_NO_APLICADO,BLOQUEADO_SIN_IMAGEN_APROBADA,,NUEVO_PENDIENTE,,dr-lemon-vodka-original-botella-1000ml__2__e4cdc760.jpg,PENDIENTE_CONTEO,BLOQUEADO_SIN_ASSET_APROBADO
shake-pronto-original-lata-473ml,shake-pronto-original-lata-473ml,Shake Pronto,Shake Pronto Original,Original,Aperitivos,listo-para-tomar,473,ml,lata,1,2490.00,,false,true,18,true,false,,,aperitivos|listo-para-tomar,Shake Pronto 473 ml,473,inferido,PedidosYa Market Neuquén capital · precio ORIGINAL sin oferta · 2026-10-10,PROPUESTO_NO_APLICADO,BLOQUEADO_SIN_IMAGEN_APROBADA,Marca y graduación a confirmar,NUEVO_PENDIENTE,,,PENDIENTE_CONTEO,BLOQUEADO_SIN_ASSET_APROBADO
gancia-vodka-hibiscus-lata-473ml,gancia-vodka-hibiscus-lata-473ml,Gancia,Gancia Vodka Hibiscus,Vodka Hibiscus,Aperitivos,listo-para-tomar,473,ml,lata,1,3710.00,,false,true,18,true,false,,,aperitivos|listo-para-tomar,Vodka Gancia Hibiscus 473 ml,473,inferido,PedidosYa Market Neuquén capital · precio ORIGINAL sin oferta · 2026-10-10,PROPUESTO_NO_APLICADO,BLOQUEADO_SIN_IMAGEN_APROBADA,,NUEVO_PENDIENTE,,gancia-vodka-hibiscus-lata-473ml__1__e0ea128b.jpg,PENDIENTE_CONTEO,BLOQUEADO_SIN_ASSET_APROBADO
smirnoff-ice-green-apple-lata-473ml,smirnoff-ice-green-apple-lata-473ml,Smirnoff,Smirnoff Ice Green Apple,Ice Green Apple,Aperitivos,listo-para-tomar,473,ml,lata,1,3975.00,,false,true,18,true,false,,,aperitivos|listo-para-tomar,Smirnoff Ice Green Apple 473 ml,473,inferido,PedidosYa Market Neuquén capital · precio ORIGINAL sin oferta · 2026-10-10,PROPUESTO_NO_APLICADO,BLOQUEADO_SIN_IMAGEN_APROBADA,,NUEVO_PENDIENTE,,,PENDIENTE_CONTEO,BLOQUEADO_SIN_ASSET_APROBADO
dr-lemon-green-apple-lata-473ml,dr-lemon-green-apple-lata-473ml,Dr. Lemon,Dr. Lemon Green Apple,Green Apple,Aperitivos,listo-para-tomar,473,ml,lata,1,3199.00,,false,true,18,true,false,,,aperitivos|listo-para-tomar,Dr. Lemon Green Apple 473 ml,473,inferido,PedidosYa Market Neuquén capital · precio ORIGINAL sin oferta · 2026-10-10,PROPUESTO_NO_APLICADO,BLOQUEADO_SIN_IMAGEN_APROBADA,,NUEVO_PENDIENTE,,,PENDIENTE_CONTEO,BLOQUEADO_SIN_ASSET_APROBADO
dr-lemon-mojito-lata-473ml,dr-lemon-mojito-lata-473ml,Dr. Lemon,Dr. Lemon Mojito,Mojito,Aperitivos,listo-para-tomar,473,ml,lata,1,3105.00,,false,true,18,true,false,,,aperitivos|listo-para-tomar,Dr. Lemon Mojito 473 ml,473,inferido,PedidosYa Market Neuquén capital · precio ORIGINAL sin oferta · 2026-10-10,PROPUESTO_NO_APLICADO,BLOQUEADO_SIN_IMAGEN_APROBADA,,NUEVO_PENDIENTE,,dr-lemon-mojito-lata-473ml__1__1fb9e235.jpg,PENDIENTE_CONTEO,BLOQUEADO_SIN_ASSET_APROBADO
emilia-cocktail-sangria-botella-750ml,emilia-cocktail-sangria-botella-750ml,Emilia,Emilia Cocktail Sangría,Cocktail Sangría,Aperitivos,listo-para-tomar,750,ml,botella,1,13460.00,,false,true,18,false,false,,,aperitivos|listo-para-tomar,Cocktail Sangría Emilia 750 ml,750,inferido,PedidosYa Market Neuquén capital · precio ORIGINAL sin oferta · 2026-10-10,PROPUESTO_NO_APLICADO,BLOQUEADO_SIN_IMAGEN_APROBADA,,NUEVO_PENDIENTE,,,PENDIENTE_CONTEO,BLOQUEADO_SIN_ASSET_APROBADO
tinti-de-verano-lata-473ml,tinti-de-verano-lata-473ml,Tinti,Tinti de Verano,de Verano,Aperitivos,listo-para-tomar,473,ml,lata,1,5775.00,,false,true,18,true,false,,,aperitivos|listo-para-tomar,Tinti de Verano 473 ml,473,inferido,PedidosYa Market Neuquén capital · precio ORIGINAL sin oferta · 2026-10-10,PROPUESTO_NO_APLICADO,BLOQUEADO_SIN_IMAGEN_APROBADA,Marca y graduación a confirmar,NUEVO_PENDIENTE,,,PENDIENTE_CONTEO,BLOQUEADO_SIN_ASSET_APROBADO
sernova-wild-berries-botella-700ml,sernova-wild-berries-botella-700ml,Sernova,Sernova Wild Berries,Wild Berries,Destilados,vodka,700,ml,botella,1,16369.00,,false,true,18,false,false,,,destilados|vodka,Sernova Wild Berries 700 ml,700,inferido,PedidosYa Market Neuquén capital · precio ORIGINAL sin oferta · 2026-10-10,PROPUESTO_NO_APLICADO,BLOQUEADO_SIN_IMAGEN_APROBADA,,NUEVO_PENDIENTE,,,PENDIENTE_CONTEO,BLOQUEADO_SIN_ASSET_APROBADO
sernova-candy-glow-botella-700ml,sernova-candy-glow-botella-700ml,Sernova,Sernova Candy Glow,Candy Glow,Destilados,vodka,700,ml,botella,1,16369.00,,false,true,18,false,false,,,destilados|vodka,Sernova Candy Glow 700 ml,700,inferido,PedidosYa Market Neuquén capital · precio ORIGINAL sin oferta · 2026-10-10,PROPUESTO_NO_APLICADO,BLOQUEADO_SIN_IMAGEN_APROBADA,,NUEVO_PENDIENTE,,,PENDIENTE_CONTEO,BLOQUEADO_SIN_ASSET_APROBADO
sernova-ice-pop-botella-700ml,sernova-ice-pop-botella-700ml,Sernova,Sernova Ice Pop,Ice Pop,Destilados,vodka,700,ml,botella,1,15799.00,,false,true,18,false,false,,,destilados|vodka,Sernova Ice Pop 700 ml,700,inferido,PedidosYa Market Neuquén capital · precio ORIGINAL sin oferta · 2026-10-10,PROPUESTO_NO_APLICADO,BLOQUEADO_SIN_IMAGEN_APROBADA,,NUEVO_PENDIENTE,,,PENDIENTE_CONTEO,BLOQUEADO_SIN_ASSET_APROBADO
sernova-clasico-botella-700ml,sernova-clasico-botella-700ml,Sernova,Sernova Clásico,Clásico,Destilados,vodka,700,ml,botella,1,14879.00,,false,true,18,false,false,,,destilados|vodka,Sernova Clásico 700 ml,700,inferido,PedidosYa Market Neuquén capital · precio ORIGINAL sin oferta · 2026-10-10,PROPUESTO_NO_APLICADO,BLOQUEADO_SIN_IMAGEN_APROBADA,,NUEVO_PENDIENTE,,,PENDIENTE_CONTEO,BLOQUEADO_SIN_ASSET_APROBADO
smirnoff-red-n21-botella-700ml,smirnoff-red-n21-botella-700ml,Smirnoff,Smirnoff Red N°21,Red N°21,Destilados,vodka,700,ml,botella,1,12300.00,,false,true,18,false,false,,,destilados|vodka,Smirnoff Red N°21 700 ml,700,inferido,PedidosYa Market Neuquén capital · precio ORIGINAL sin oferta · 2026-10-10,PROPUESTO_NO_APLICADO,BLOQUEADO_SIN_IMAGEN_APROBADA,,DUPLICADO_PROBABLE_DECIDIR,El pool tiene Smirnoff 700 ml sin detalle de línea: confirmar,,PENDIENTE_CONTEO,BLOQUEADO_SIN_ASSET_APROBADO
absolut-raspberri-botella-700ml,absolut-raspberri-botella-700ml,Absolut,Absolut Raspberri,Raspberri,Destilados,vodka,700,ml,botella,1,34665.00,,false,true,18,false,false,,,destilados|vodka,Absolut Raspberri 700 ml,700,inferido,PedidosYa Market Neuquén capital · precio ORIGINAL sin oferta · 2026-10-10,PROPUESTO_NO_APLICADO,BLOQUEADO_SIN_IMAGEN_APROBADA,,NUEVO_PENDIENTE,,,PENDIENTE_CONTEO,BLOQUEADO_SIN_ASSET_APROBADO
jack-daniel-s-tennessee-honey-botella-700ml,jack-daniel-s-tennessee-honey-botella-700ml,Jack Daniel's,Jack Daniel's Tennessee Honey,Tennessee Honey,Destilados,whisky,700,ml,botella,1,68049.00,,false,true,18,false,false,,,destilados|whisky,Jack Daniel's Tennessee Honey 700 ml,700,inferido,PedidosYa Market Neuquén capital · precio ORIGINAL sin oferta · 2026-10-10,PROPUESTO_NO_APLICADO,BLOQUEADO_SIN_IMAGEN_APROBADA,,NUEVO_PENDIENTE,,,PENDIENTE_CONTEO,BLOQUEADO_SIN_ASSET_APROBADO
jack-daniel-s-tennessee-fire-botella-700ml,jack-daniel-s-tennessee-fire-botella-700ml,Jack Daniel's,Jack Daniel's Tennessee Fire,Tennessee Fire,Destilados,whisky,700,ml,botella,1,69439.00,,false,true,18,false,false,,,destilados|whisky,Jack Daniel's Tennessee Fire 700 ml,700,inferido,PedidosYa Market Neuquén capital · precio ORIGINAL sin oferta · 2026-10-10,PROPUESTO_NO_APLICADO,BLOQUEADO_SIN_IMAGEN_APROBADA,,NUEVO_PENDIENTE,,,PENDIENTE_CONTEO,BLOQUEADO_SIN_ASSET_APROBADO
merle-london-dry-botella-750ml,merle-london-dry-botella-750ml,Merle,Merle London Dry,London Dry,Destilados,gin,750,ml,botella,1,16965.00,,false,true,18,false,false,,,destilados|gin,Merle London Dry 750 ml,750,inferido,PedidosYa Market Neuquén capital · precio ORIGINAL sin oferta · 2026-10-10,PROPUESTO_NO_APLICADO,BLOQUEADO_SIN_IMAGEN_APROBADA,,NUEVO_PENDIENTE,,,PENDIENTE_CONTEO,BLOQUEADO_SIN_ASSET_APROBADO
merle-pink-botella-750ml,merle-pink-botella-750ml,Merle,Merle Pink,Pink,Destilados,gin,750,ml,botella,1,19340.00,,false,true,18,false,false,,,destilados|gin,Merle Pink 750 ml,750,inferido,PedidosYa Market Neuquén capital · precio ORIGINAL sin oferta · 2026-10-10,PROPUESTO_NO_APLICADO,BLOQUEADO_SIN_IMAGEN_APROBADA,,NUEVO_PENDIENTE,,,PENDIENTE_CONTEO,BLOQUEADO_SIN_ASSET_APROBADO
heredero-pink-botella-700ml,heredero-pink-botella-700ml,Heredero,Heredero Pink,Pink,Destilados,gin,700,ml,botella,1,20920.00,,false,true,18,false,false,,,destilados|gin,Heredero Pink 700 ml,700,inferido,PedidosYa Market Neuquén capital · precio ORIGINAL sin oferta · 2026-10-10,PROPUESTO_NO_APLICADO,BLOQUEADO_SIN_IMAGEN_APROBADA,,NUEVO_PENDIENTE,,,PENDIENTE_CONTEO,BLOQUEADO_SIN_ASSET_APROBADO
heredero-premium-botella-700ml,heredero-premium-botella-700ml,Heredero,Heredero Premium,Premium,Destilados,gin,700,ml,botella,1,18235.00,,false,true,18,false,false,,,destilados|gin,Heredero Premium 700 ml,700,inferido,PedidosYa Market Neuquén capital · precio ORIGINAL sin oferta · 2026-10-10,PROPUESTO_NO_APLICADO,BLOQUEADO_SIN_IMAGEN_APROBADA,,NUEVO_PENDIENTE,,,PENDIENTE_CONTEO,BLOQUEADO_SIN_ASSET_APROBADO
brighton-original-botella-700ml,brighton-original-botella-700ml,Brighton,Brighton Original,Original,Destilados,gin,700,ml,botella,1,14115.00,,false,true,18,false,false,,,destilados|gin,Brighton 700 ml,700,inferido,PedidosYa Market Neuquén capital · precio ORIGINAL sin oferta · 2026-10-10,PROPUESTO_NO_APLICADO,BLOQUEADO_SIN_IMAGEN_APROBADA,,NUEVO_PENDIENTE,,,PENDIENTE_CONTEO,BLOQUEADO_SIN_ASSET_APROBADO
malibu-original-botella-750ml,malibu-original-botella-750ml,Malibu,Malibu Original,Original,Destilados,ron,750,ml,botella,1,22009.00,,false,true,18,false,false,,,destilados|ron,Malibu 750 ml,750,inferido,PedidosYa Market Neuquén capital · precio ORIGINAL sin oferta · 2026-10-10,PROPUESTO_NO_APLICADO,BLOQUEADO_SIN_IMAGEN_APROBADA,,NUEVO_PENDIENTE,,,PENDIENTE_CONTEO,BLOQUEADO_SIN_ASSET_APROBADO
julia-dulce-natural-botella-750ml,julia-dulce-natural-botella-750ml,Julia,Julia Dulce Natural,Dulce Natural,Espumantes,dulce,750,ml,botella,1,15199.00,,false,true,18,false,false,,,espumantes|dulce,Julia Dulce Natural 750 ml,750,inferido,PedidosYa Market Neuquén capital · precio ORIGINAL sin oferta · 2026-10-10,PROPUESTO_NO_APLICADO,BLOQUEADO_SIN_IMAGEN_APROBADA,,NUEVO_PENDIENTE,,,PENDIENTE_CONTEO,BLOQUEADO_SIN_ASSET_APROBADO
mumm-extra-brut-cuvee-lata-269ml,mumm-extra-brut-cuvee-lata-269ml,Mumm,Mumm Extra Brut Cuvée,Extra Brut Cuvée,Espumantes,extra-brut,269,ml,lata,1,3945.00,,false,true,18,true,false,,,espumantes|extra-brut,Mumm Extra Brut Cuvée Lata 269 ml,269,explicito,PedidosYa Market Neuquén capital · precio ORIGINAL sin oferta · 2026-10-10,PROPUESTO_NO_APLICADO,BLOQUEADO_SIN_IMAGEN_APROBADA,,NUEVO_PENDIENTE,,,PENDIENTE_CONTEO,BLOQUEADO_SIN_ASSET_APROBADO
la-linda-extra-brut-botella-750ml,la-linda-extra-brut-botella-750ml,La Linda,La Linda Extra Brut,Extra Brut,Espumantes,extra-brut,750,ml,botella,1,12750.00,,false,true,18,false,false,,,espumantes|extra-brut,La Linda Extra Brut 750 ml,750,inferido,PedidosYa Market Neuquén capital · precio ORIGINAL sin oferta · 2026-10-10,PROPUESTO_NO_APLICADO,BLOQUEADO_SIN_IMAGEN_APROBADA,,NUEVO_PENDIENTE,,,PENDIENTE_CONTEO,BLOQUEADO_SIN_ASSET_APROBADO
luigi-bosca-brut-nature-botella-750ml,luigi-bosca-brut-nature-botella-750ml,Luigi Bosca,Luigi Bosca Brut Nature,Brut Nature,Espumantes,brut,750,ml,botella,1,26679.00,,false,true,18,false,false,,,espumantes|brut,Luigi Bosca Brut Nature 750 ml,750,inferido,PedidosYa Market Neuquén capital · precio ORIGINAL sin oferta · 2026-10-10,PROPUESTO_NO_APLICADO,BLOQUEADO_SIN_IMAGEN_APROBADA,,NUEVO_PENDIENTE,,,PENDIENTE_CONTEO,BLOQUEADO_SIN_ASSET_APROBADO
nieto-senetiner-extra-brut-0-0-botella-750ml,nieto-senetiner-extra-brut-0-0-botella-750ml,Nieto Senetiner,Nieto Senetiner Extra Brut 0.0,Extra Brut 0.0,Espumantes,extra-brut,750,ml,botella,1,22490.00,,false,true,18,false,false,,,espumantes|extra-brut,Nieto Senetiner Extra Brut 0.0 750 ml,750,inferido,PedidosYa Market Neuquén capital · precio ORIGINAL sin oferta · 2026-10-10,PROPUESTO_NO_APLICADO,BLOQUEADO_SIN_IMAGEN_APROBADA,Rótulo 0.0: el validador exige alcohol en Espumantes; decisión comercial,NUEVO_PENDIENTE,,,PENDIENTE_CONTEO,BLOQUEADO_SIN_ASSET_APROBADO
luigi-bosca-extra-brut-botella-750ml,luigi-bosca-extra-brut-botella-750ml,Luigi Bosca,Luigi Bosca Extra Brut,Extra Brut,Espumantes,extra-brut,750,ml,botella,1,24655.00,,false,true,18,false,false,,,espumantes|extra-brut,Luigi Bosca Extra Brut 750 ml,750,inferido,PedidosYa Market Neuquén capital · precio ORIGINAL sin oferta · 2026-10-10,PROPUESTO_NO_APLICADO,BLOQUEADO_SIN_IMAGEN_APROBADA,,NUEVO_PENDIENTE,,,PENDIENTE_CONTEO,BLOQUEADO_SIN_ASSET_APROBADO
