sku,nombre,categoria,subcategoria,categoria_clase,orden_propuesto,motivo,estado
1890-quilmes-1890-lata-473ml,1890 Quilmes 1890,Cervezas,lager,E,1000,Agrupado por categoría de la góndola existente y familia de producto; dentro de cada familia por marca y capacidad,PROPUESTA_DE_DISEÑO_NO_APLICADA
amstel-lager-botella-710ml,Amstel Lager,Cervezas,lager,B,1010,Agrupado por categoría de la góndola existente y familia de producto; dentro de cada familia por marca y capacidad,PROPUESTA_DE_DISEÑO_NO_APLICADA
asahi-super-dry-botella-330ml,Asahi Super Dry,Cervezas,lager,E,1020,Agrupado por categoría de la góndola existente y familia de producto; dentro de cada familia por marca y capacidad,PROPUESTA_DE_DISEÑO_NO_APLICADA
grolsch-lager-lata-473ml,Grolsch Lager,Cervezas,lager,E,1030,Agrupado por categoría de la góndola existente y familia de producto; dentro de cada familia por marca y capacidad,PROPUESTA_DE_DISEÑO_NO_APLICADA
imperial-lager-botella-710ml,Imperial Lager,Cervezas,lager,B,1040,Agrupado por categoría de la góndola existente y familia de producto; dentro de cada familia por marca y capacidad,PROPUESTA_DE_DISEÑO_NO_APLICADA
miller-lager-lata-473ml,Miller Lager,Cervezas,lager,E,1050,Agrupado por categoría de la góndola existente y familia de producto; dentro de cada familia por marca y capacidad,PROPUESTA_DE_DISEÑO_NO_APLICADA
ortuza-premium-lager-lata-473ml,Ortuza Premium Lager,Cervezas,lager,E,1060,Agrupado por categoría de la góndola existente y familia de producto; dentro de cada familia por marca y capacidad,PROPUESTA_DE_DISEÑO_NO_APLICADA
ortuza-premium-lager-botella-710ml,Ortuza Premium Lager,Cervezas,lager,E,1070,Agrupado por categoría de la góndola existente y familia de producto; dentro de cada familia por marca y capacidad,PROPUESTA_DE_DISEÑO_NO_APLICADA
quilmes-bajo-cero-lata-473ml,Quilmes Bajo Cero,Cervezas,lager,B,1080,Agrupado por categoría de la góndola existente y familia de producto; dentro de cada familia por marca y capacidad,PROPUESTA_DE_DISEÑO_NO_APLICADA
stella-artois-lager-botella-330ml,Stella Artois Lager,Cervezas,lager,B,1090,Agrupado por categoría de la góndola existente y familia de producto; dentro de cada familia por marca y capacidad,PROPUESTA_DE_DISEÑO_NO_APLICADA
stella-artois-lager-botella-710ml,Stella Artois Lager,Cervezas,lager,B,1100,Agrupado por categoría de la góndola existente y familia de producto; dentro de cada familia por marca y capacidad,PROPUESTA_DE_DISEÑO_NO_APLICADA
andes-origen-rubia-oro-lata-473ml,Andes Origen Rubia Oro,Cervezas,rubia,A,1110,Agrupado por categoría de la góndola existente y familia de producto; dentro de cada familia por marca y capacidad,PROPUESTA_DE_DISEÑO_NO_APLICADA
corona-rubia-lata-473ml,Corona Rubia,Cervezas,rubia,A,1120,Agrupado por categoría de la góndola existente y familia de producto; dentro de cada familia por marca y capacidad,PROPUESTA_DE_DISEÑO_NO_APLICADA
heineken-rubia-lata-473ml,Heineken Rubia,Cervezas,rubia,B,1130,Agrupado por categoría de la góndola existente y familia de producto; dentro de cada familia por marca y capacidad,PROPUESTA_DE_DISEÑO_NO_APLICADA
imperial-golden-botella-710ml,Imperial Golden,Cervezas,golden,B,1140,Agrupado por categoría de la góndola existente y familia de producto; dentro de cada familia por marca y capacidad,PROPUESTA_DE_DISEÑO_NO_APLICADA
andes-origen-ipa-lata-473ml,Andes Origen IPA,Cervezas,ipa,A,1150,Agrupado por categoría de la góndola existente y familia de producto; dentro de cada familia por marca y capacidad,PROPUESTA_DE_DISEÑO_NO_APLICADA
bierhaus-chala-ipa-lata-473ml,Bierhaus Chala IPA,Cervezas,ipa,E,1160,Agrupado por categoría de la góndola existente y familia de producto; dentro de cada familia por marca y capacidad,PROPUESTA_DE_DISEÑO_NO_APLICADA
bierhaus-ipa-superstar-lata-473ml,Bierhaus IPA Superstar,Cervezas,ipa,E,1170,Agrupado por categoría de la góndola existente y familia de producto; dentro de cada familia por marca y capacidad,PROPUESTA_DE_DISEÑO_NO_APLICADA
grolsch-ipa-lata-473ml,Grolsch IPA,Cervezas,ipa,E,1180,Agrupado por categoría de la góndola existente y familia de producto; dentro de cada familia por marca y capacidad,PROPUESTA_DE_DISEÑO_NO_APLICADA
ortuza-session-ipa-lata-473ml,Ortuza Session IPA,Cervezas,ipa,E,1190,Agrupado por categoría de la góndola existente y familia de producto; dentro de cada familia por marca y capacidad,PROPUESTA_DE_DISEÑO_NO_APLICADA
patagonia-24-7-session-ipa-lata-473ml,Patagonia 24.7 Session IPA,Cervezas,ipa,A,1200,Agrupado por categoría de la góndola existente y familia de producto; dentro de cada familia por marca y capacidad,PROPUESTA_DE_DISEÑO_NO_APLICADA
patagonia-vera-ipa-lata-473ml,Patagonia Vera IPA,Cervezas,ipa,A,1210,Agrupado por categoría de la góndola existente y familia de producto; dentro de cada familia por marca y capacidad,PROPUESTA_DE_DISEÑO_NO_APLICADA
patagonia-24-7-session-ipa-botella-730ml,Patagonia 24.7 Session IPA,Cervezas,ipa,B,1220,Agrupado por categoría de la góndola existente y familia de producto; dentro de cada familia por marca y capacidad,PROPUESTA_DE_DISEÑO_NO_APLICADA
quilmes-ipa-lata-473ml,Quilmes IPA,Cervezas,ipa,A,1230,Agrupado por categoría de la góndola existente y familia de producto; dentro de cada familia por marca y capacidad,PROPUESTA_DE_DISEÑO_NO_APLICADA
bierhaus-honey-lazybee-lata-473ml,Bierhaus Honey Lazybee,Cervezas,saborizada,E,1240,Agrupado por categoría de la góndola existente y familia de producto; dentro de cada familia por marca y capacidad,PROPUESTA_DE_DISEÑO_NO_APLICADA
schneider-remix-limon-lata-473ml,Schneider Remix Limón,Cervezas,saborizada,B,1250,Agrupado por categoría de la góndola existente y familia de producto; dentro de cada familia por marca y capacidad,PROPUESTA_DE_DISEÑO_NO_APLICADA
stones-lemon-lata-473ml,Stones Lemon,Cervezas,saborizada,E,1260,Agrupado por categoría de la góndola existente y familia de producto; dentro de cada familia por marca y capacidad,PROPUESTA_DE_DISEÑO_NO_APLICADA
stones-maracuya-lata-473ml,Stones Maracuyá,Cervezas,saborizada,E,1270,Agrupado por categoría de la góndola existente y familia de producto; dentro de cada familia por marca y capacidad,PROPUESTA_DE_DISEÑO_NO_APLICADA
andes-origen-negra-lata-473ml,Andes Origen Negra,Cervezas,negra,A,1280,Agrupado por categoría de la góndola existente y familia de producto; dentro de cada familia por marca y capacidad,PROPUESTA_DE_DISEÑO_NO_APLICADA
michelob-ultra-sin-gluten-lata-473ml,Michelob Ultra Sin Gluten,Cervezas,sin-gluten,E,1290,Agrupado por categoría de la góndola existente y familia de producto; dentro de cada familia por marca y capacidad,PROPUESTA_DE_DISEÑO_NO_APLICADA
corona-cero-alcohol-lata-473ml,Corona Cero Alcohol,Cervezas,sin-alcohol,B,1300,Agrupado por categoría de la góndola existente y familia de producto; dentro de cada familia por marca y capacidad,PROPUESTA_DE_DISEÑO_NO_APLICADA
heineken-cero-alcohol-lata-473ml,Heineken Cero Alcohol,Cervezas,sin-alcohol,B,1310,Agrupado por categoría de la góndola existente y familia de producto; dentro de cada familia por marca y capacidad,PROPUESTA_DE_DISEÑO_NO_APLICADA
brahma-chopp-lata-473ml,Brahma Chopp,Cervezas,chopp,A,1320,Agrupado por categoría de la góndola existente y familia de producto; dentro de cada familia por marca y capacidad,PROPUESTA_DE_DISEÑO_NO_APLICADA
bierhaus-argentina-lata-473ml,Bierhaus Argentina,Cervezas,otra,E,1330,Agrupado por categoría de la góndola existente y familia de producto; dentro de cada familia por marca y capacidad,PROPUESTA_DE_DISEÑO_NO_APLICADA
buhero-negro-botella-700ml,Buhero Negro,Fernet,fernet,E,1440,Agrupado por categoría de la góndola existente y familia de producto; dentro de cada familia por marca y capacidad,PROPUESTA_DE_DISEÑO_NO_APLICADA
fernet-branca-original-botella-450ml,Fernet Branca Original,Fernet,fernet,A,1450,Agrupado por categoría de la góndola existente y familia de producto; dentro de cada familia por marca y capacidad,PROPUESTA_DE_DISEÑO_NO_APLICADA
fernet-branca-original-botella-750ml,Fernet Branca Original,Fernet,fernet,A,1460,Agrupado por categoría de la góndola existente y familia de producto; dentro de cada familia por marca y capacidad,PROPUESTA_DE_DISEÑO_NO_APLICADA
carpano-bianco-botella-950ml,Carpano Bianco,Aperitivos,vermouth,E,1570,Agrupado por categoría de la góndola existente y familia de producto; dentro de cada familia por marca y capacidad,PROPUESTA_DE_DISEÑO_NO_APLICADA
carpano-rosso-botella-950ml,Carpano Rosso,Aperitivos,vermouth,E,1580,Agrupado por categoría de la góndola existente y familia de producto; dentro de cada familia por marca y capacidad,PROPUESTA_DE_DISEÑO_NO_APLICADA
amargo-obrero-19-botella-950ml,Amargo Obrero 19°,Aperitivos,amargo,E,1590,Agrupado por categoría de la góndola existente y familia de producto; dentro de cada familia por marca y capacidad,PROPUESTA_DE_DISEÑO_NO_APLICADA
dr-lemon-green-apple-lata-473ml,Dr. Lemon Green Apple,Aperitivos,listo-para-tomar,B,1600,Agrupado por categoría de la góndola existente y familia de producto; dentro de cada familia por marca y capacidad,PROPUESTA_DE_DISEÑO_NO_APLICADA
dr-lemon-mojito-lata-473ml,Dr. Lemon Mojito,Aperitivos,listo-para-tomar,B,1610,Agrupado por categoría de la góndola existente y familia de producto; dentro de cada familia por marca y capacidad,PROPUESTA_DE_DISEÑO_NO_APLICADA
dr-lemon-red-berries-5-lata-473ml,Dr. Lemon Red Berries 5%,Aperitivos,listo-para-tomar,B,1620,Agrupado por categoría de la góndola existente y familia de producto; dentro de cada familia por marca y capacidad,PROPUESTA_DE_DISEÑO_NO_APLICADA
dr-lemon-limon-botella-1000ml,Dr. Lemon Limón,Aperitivos,listo-para-tomar,B,1630,Agrupado por categoría de la góndola existente y familia de producto; dentro de cada familia por marca y capacidad,PROPUESTA_DE_DISEÑO_NO_APLICADA
dr-lemon-vodka-original-botella-1000ml,Dr. Lemon Vodka Original,Aperitivos,listo-para-tomar,B,1640,Agrupado por categoría de la góndola existente y familia de producto; dentro de cada familia por marca y capacidad,PROPUESTA_DE_DISEÑO_NO_APLICADA
emilia-cocktail-sangria-botella-750ml,Emilia Cocktail Sangría,Aperitivos,listo-para-tomar,E,1650,Agrupado por categoría de la góndola existente y familia de producto; dentro de cada familia por marca y capacidad,PROPUESTA_DE_DISEÑO_NO_APLICADA
shake-pronto-original-lata-473ml,Shake Pronto Original,Aperitivos,listo-para-tomar,E,1660,Agrupado por categoría de la góndola existente y familia de producto; dentro de cada familia por marca y capacidad,PROPUESTA_DE_DISEÑO_NO_APLICADA
smirnoff-ice-green-apple-lata-473ml,Smirnoff Ice Green Apple,Aperitivos,listo-para-tomar,E,1670,Agrupado por categoría de la góndola existente y familia de producto; dentro de cada familia por marca y capacidad,PROPUESTA_DE_DISEÑO_NO_APLICADA
tinti-de-verano-lata-473ml,Tinti de Verano,Aperitivos,listo-para-tomar,E,1680,Agrupado por categoría de la góndola existente y familia de producto; dentro de cada familia por marca y capacidad,PROPUESTA_DE_DISEÑO_NO_APLICADA
callia-alta-malbec-botella-750ml,Callia Alta Malbec,Vinos,malbec,E,1790,Agrupado por categoría de la góndola existente y familia de producto; dentro de cada familia por marca y capacidad,PROPUESTA_DE_DISEÑO_NO_APLICADA
conejo-verde-malbec-botella-750ml,Conejo Verde Malbec,Vinos,malbec,E,1800,Agrupado por categoría de la góndola existente y familia de producto; dentro de cada familia por marca y capacidad,PROPUESTA_DE_DISEÑO_NO_APLICADA
cordero-con-piel-de-lobo-malbec-botella-750ml,Cordero con Piel de Lobo Malbec,Vinos,malbec,E,1810,Agrupado por categoría de la góndola existente y familia de producto; dentro de cada familia por marca y capacidad,PROPUESTA_DE_DISEÑO_NO_APLICADA
esperado-malbec-botella-750ml,Esperado Malbec,Vinos,malbec,E,1820,Agrupado por categoría de la góndola existente y familia de producto; dentro de cada familia por marca y capacidad,PROPUESTA_DE_DISEÑO_NO_APLICADA
finca-flichman-reserva-malbec-botella-750ml,Finca Flichman Reserva Malbec,Vinos,malbec,E,1830,Agrupado por categoría de la góndola existente y familia de producto; dentro de cada familia por marca y capacidad,PROPUESTA_DE_DISEÑO_NO_APLICADA
finca-flichman-single-parcel-malbec-botella-750ml,Finca Flichman Single Parcel Malbec,Vinos,malbec,E,1840,Agrupado por categoría de la góndola existente y familia de producto; dentro de cada familia por marca y capacidad,PROPUESTA_DE_DISEÑO_NO_APLICADA
finca-natalina-autentico-malbec-botella-750ml,Finca Natalina Auténtico Malbec,Vinos,malbec,E,1850,Agrupado por categoría de la góndola existente y familia de producto; dentro de cada familia por marca y capacidad,PROPUESTA_DE_DISEÑO_NO_APLICADA
finjamos-demencia-malbec-botella-750ml,Finjamos Demencia Malbec,Vinos,malbec,E,1860,Agrupado por categoría de la góndola existente y familia de producto; dentro de cada familia por marca y capacidad,PROPUESTA_DE_DISEÑO_NO_APLICADA
killka-malbec-botella-750ml,Killka Malbec,Vinos,malbec,E,1870,Agrupado por categoría de la góndola existente y familia de producto; dentro de cada familia por marca y capacidad,PROPUESTA_DE_DISEÑO_NO_APLICADA
luigi-bosca-de-sangre-malbec-botella-750ml,Luigi Bosca De Sangre Malbec,Vinos,malbec,E,1880,Agrupado por categoría de la góndola existente y familia de producto; dentro de cada familia por marca y capacidad,PROPUESTA_DE_DISEÑO_NO_APLICADA
luigi-bosca-malbec-botella-750ml,Luigi Bosca Malbec,Vinos,malbec,E,1890,Agrupado por categoría de la góndola existente y familia de producto; dentro de cada familia por marca y capacidad,PROPUESTA_DE_DISEÑO_NO_APLICADA
salentein-reserva-malbec-botella-750ml,Salentein Reserva Malbec,Vinos,malbec,E,1900,Agrupado por categoría de la góndola existente y familia de producto; dentro de cada familia por marca y capacidad,PROPUESTA_DE_DISEÑO_NO_APLICADA
trapiche-alaris-malbec-botella-750ml,Trapiche Alaris Malbec,Vinos,malbec,B,1910,Agrupado por categoría de la góndola existente y familia de producto; dentro de cada familia por marca y capacidad,PROPUESTA_DE_DISEÑO_NO_APLICADA
trumpeter-reserva-malbec-botella-750ml,Trumpeter Reserva Malbec,Vinos,malbec,E,1920,Agrupado por categoría de la góndola existente y familia de producto; dentro de cada familia por marca y capacidad,PROPUESTA_DE_DISEÑO_NO_APLICADA
wampa-malbec-botella-750ml,Wampa Malbec,Vinos,malbec,E,1930,Agrupado por categoría de la góndola existente y familia de producto; dentro de cada familia por marca y capacidad,PROPUESTA_DE_DISEÑO_NO_APLICADA
finca-flichman-reserva-cabernet-franc-botella-750ml,Finca Flichman Reserva Cabernet Franc,Vinos,cabernet-franc,E,1940,Agrupado por categoría de la góndola existente y familia de producto; dentro de cada familia por marca y capacidad,PROPUESTA_DE_DISEÑO_NO_APLICADA
cordero-con-piel-de-lobo-cabernet-sauvignon-botella-750ml,Cordero con Piel de Lobo Cabernet Sauvignon,Vinos,cabernet-sauvignon,E,1950,Agrupado por categoría de la góndola existente y familia de producto; dentro de cada familia por marca y capacidad,PROPUESTA_DE_DISEÑO_NO_APLICADA
familia-gascon-cabernet-sauvignon-botella-750ml,Familia Gascón Cabernet Sauvignon,Vinos,cabernet-sauvignon,E,1960,Agrupado por categoría de la góndola existente y familia de producto; dentro de cada familia por marca y capacidad,PROPUESTA_DE_DISEÑO_NO_APLICADA
luigi-bosca-cabernet-sauvignon-botella-750ml,Luigi Bosca Cabernet Sauvignon,Vinos,cabernet-sauvignon,E,1970,Agrupado por categoría de la góndola existente y familia de producto; dentro de cada familia por marca y capacidad,PROPUESTA_DE_DISEÑO_NO_APLICADA
nieto-senetiner-cabernet-sauvignon-botella-750ml,Nieto Senetiner Cabernet Sauvignon,Vinos,cabernet-sauvignon,E,1980,Agrupado por categoría de la góndola existente y familia de producto; dentro de cada familia por marca y capacidad,PROPUESTA_DE_DISEÑO_NO_APLICADA
canciller-blend-iii-botella-750ml,Canciller Blend III,Vinos,blend,E,1990,Agrupado por categoría de la góndola existente y familia de producto; dentro de cada familia por marca y capacidad,PROPUESTA_DE_DISEÑO_NO_APLICADA
canciller-blend-iii-botella-1250ml,Canciller Blend III,Vinos,blend,E,2000,Agrupado por categoría de la góndola existente y familia de producto; dentro de cada familia por marca y capacidad,PROPUESTA_DE_DISEÑO_NO_APLICADA
luigi-bosca-de-sangre-red-blend-botella-750ml,Luigi Bosca De Sangre Red Blend,Vinos,blend,E,2010,Agrupado por categoría de la góndola existente y familia de producto; dentro de cada familia por marca y capacidad,PROPUESTA_DE_DISEÑO_NO_APLICADA
rutini-cabernet-franc-malbec-botella-750ml,Rutini Cabernet Franc Malbec,Vinos,blend,E,2020,Agrupado por categoría de la góndola existente y familia de producto; dentro de cada familia por marca y capacidad,PROPUESTA_DE_DISEÑO_NO_APLICADA
finca-flichman-pinot-noir-reserva-botella-750ml,Finca Flichman Pinot Noir Reserva,Vinos,pinot-noir,E,2030,Agrupado por categoría de la góndola existente y familia de producto; dentro de cada familia por marca y capacidad,PROPUESTA_DE_DISEÑO_NO_APLICADA
luigi-bosca-pinot-noir-botella-750ml,Luigi Bosca Pinot Noir,Vinos,pinot-noir,E,2040,Agrupado por categoría de la góndola existente y familia de producto; dentro de cada familia por marca y capacidad,PROPUESTA_DE_DISEÑO_NO_APLICADA
toro-clasico-botella-700ml,Toro Clásico,Vinos,tinto,B,2050,Agrupado por categoría de la góndola existente y familia de producto; dentro de cada familia por marca y capacidad,PROPUESTA_DE_DISEÑO_NO_APLICADA
vinas-de-balbo-tinto-botella-1125ml,Viñas de Balbo Tinto,Vinos,tinto,E,2060,Agrupado por categoría de la góndola existente y familia de producto; dentro de cada familia por marca y capacidad,PROPUESTA_DE_DISEÑO_NO_APLICADA
familia-gascon-chardonnay-botella-750ml,Familia Gascón Chardonnay,Vinos,chardonnay,E,2070,Agrupado por categoría de la góndola existente y familia de producto; dentro de cada familia por marca y capacidad,PROPUESTA_DE_DISEÑO_NO_APLICADA
finca-flichman-reserva-chardonnay-botella-750ml,Finca Flichman Reserva Chardonnay,Vinos,chardonnay,E,2080,Agrupado por categoría de la góndola existente y familia de producto; dentro de cada familia por marca y capacidad,PROPUESTA_DE_DISEÑO_NO_APLICADA
trumpeter-chardonnay-botella-750ml,Trumpeter Chardonnay,Vinos,chardonnay,E,2090,Agrupado por categoría de la góndola existente y familia de producto; dentro de cada familia por marca y capacidad,PROPUESTA_DE_DISEÑO_NO_APLICADA
finca-flichman-sauvignon-blanc-botella-750ml,Finca Flichman Sauvignon Blanc,Vinos,sauvignon-blanc,E,2100,Agrupado por categoría de la góndola existente y familia de producto; dentro de cada familia por marca y capacidad,PROPUESTA_DE_DISEÑO_NO_APLICADA
portillo-salentein-sauvignon-blanc-botella-750ml,Portillo Salentein Sauvignon Blanc,Vinos,sauvignon-blanc,E,2110,Agrupado por categoría de la góndola existente y familia de producto; dentro de cada familia por marca y capacidad,PROPUESTA_DE_DISEÑO_NO_APLICADA
canciller-blend-blanco-botella-1125ml,Canciller Blend Blanco,Vinos,blanco,E,2120,Agrupado por categoría de la góndola existente y familia de producto; dentro de cada familia por marca y capacidad,PROPUESTA_DE_DISEÑO_NO_APLICADA
estancia-mendoza-chenin-chardonnay-botella-750ml,Estancia Mendoza Chenin Chardonnay,Vinos,blanco,E,2130,Agrupado por categoría de la góndola existente y familia de producto; dentro de cada familia por marca y capacidad,PROPUESTA_DE_DISEÑO_NO_APLICADA
vinas-de-balbo-chablis-botella-1125ml,Viñas de Balbo Chablis,Vinos,blanco,E,2140,Agrupado por categoría de la góndola existente y familia de producto; dentro de cada familia por marca y capacidad,PROPUESTA_DE_DISEÑO_NO_APLICADA
benjamin-dulce-natural-botella-750ml,Benjamin Dulce Natural,Vinos,dulce,E,2150,Agrupado por categoría de la góndola existente y familia de producto; dentro de cada familia por marca y capacidad,PROPUESTA_DE_DISEÑO_NO_APLICADA
callia-dulce-botella-750ml,Callia Dulce,Vinos,dulce,E,2160,Agrupado por categoría de la góndola existente y familia de producto; dentro de cada familia por marca y capacidad,PROPUESTA_DE_DISEÑO_NO_APLICADA
canciller-dulce-blend-v-botella-750ml,Canciller Dulce Blend V,Vinos,dulce,E,2170,Agrupado por categoría de la góndola existente y familia de producto; dentro de cada familia por marca y capacidad,PROPUESTA_DE_DISEÑO_NO_APLICADA
dilema-dulce-natural-botella-750ml,Dilema Dulce Natural,Vinos,dulce,E,2180,Agrupado por categoría de la góndola existente y familia de producto; dentro de cada familia por marca y capacidad,PROPUESTA_DE_DISEÑO_NO_APLICADA
finca-flichman-dulce-chardonnay-botella-750ml,Finca Flichman Dulce Chardonnay,Vinos,dulce,E,2190,Agrupado por categoría de la góndola existente y familia de producto; dentro de cada familia por marca y capacidad,PROPUESTA_DE_DISEÑO_NO_APLICADA
la-linda-sweet-viognier-botella-750ml,La Linda Sweet Viognier,Vinos,dulce,E,2200,Agrupado por categoría de la góndola existente y familia de producto; dentro de cada familia por marca y capacidad,PROPUESTA_DE_DISEÑO_NO_APLICADA
resero-dulce-botella-1000ml,Resero Dulce,Vinos,dulce,E,2210,Agrupado por categoría de la góndola existente y familia de producto; dentro de cada familia por marca y capacidad,PROPUESTA_DE_DISEÑO_NO_APLICADA
santa-julia-chenin-dulce-lata-269ml,Santa Julia Chenin Dulce,Vinos,dulce,E,2220,Agrupado por categoría de la góndola existente y familia de producto; dentro de cada familia por marca y capacidad,PROPUESTA_DE_DISEÑO_NO_APLICADA
santa-julia-chenin-dulce-natural-botella-750ml,Santa Julia Chenin Dulce Natural,Vinos,dulce,E,2230,Agrupado por categoría de la góndola existente y familia de producto; dentro de cada familia por marca y capacidad,PROPUESTA_DE_DISEÑO_NO_APLICADA
santa-julia-dulce-botella-750ml,Santa Julia Dulce,Vinos,dulce,E,2240,Agrupado por categoría de la góndola existente y familia de producto; dentro de cada familia por marca y capacidad,PROPUESTA_DE_DISEÑO_NO_APLICADA
emilia-malbec-dulce-botella-750ml,Emilia Malbec Dulce,Vinos,rosado,E,2250,Agrupado por categoría de la góndola existente y familia de producto; dentro de cada familia por marca y capacidad,PROPUESTA_DE_DISEÑO_NO_APLICADA
la-linda-rosado-botella-750ml,La Linda Rosado,Vinos,rosado,E,2260,Agrupado por categoría de la góndola existente y familia de producto; dentro de cada familia por marca y capacidad,PROPUESTA_DE_DISEÑO_NO_APLICADA
tardio-de-abril-dulce-botella-500ml,Tardío de Abril Dulce,Vinos,rosado,E,2270,Agrupado por categoría de la góndola existente y familia de producto; dentro de cada familia por marca y capacidad,PROPUESTA_DE_DISEÑO_NO_APLICADA
absolut-raspberri-botella-700ml,Absolut Raspberri,Destilados,vodka,E,2380,Agrupado por categoría de la góndola existente y familia de producto; dentro de cada familia por marca y capacidad,PROPUESTA_DE_DISEÑO_NO_APLICADA
sernova-candy-glow-botella-700ml,Sernova Candy Glow,Destilados,vodka,E,2390,Agrupado por categoría de la góndola existente y familia de producto; dentro de cada familia por marca y capacidad,PROPUESTA_DE_DISEÑO_NO_APLICADA
sernova-clasico-botella-700ml,Sernova Clásico,Destilados,vodka,E,1400,Agrupado por categoría de la góndola existente y familia de producto; dentro de cada familia por marca y capacidad,PROPUESTA_DE_DISEÑO_NO_APLICADA
sernova-ice-pop-botella-700ml,Sernova Ice Pop,Destilados,vodka,E,1410,Agrupado por categoría de la góndola existente y familia de producto; dentro de cada familia por marca y capacidad,PROPUESTA_DE_DISEÑO_NO_APLICADA
sernova-wild-berries-botella-700ml,Sernova Wild Berries,Destilados,vodka,E,1420,Agrupado por categoría de la góndola existente y familia de producto; dentro de cada familia por marca y capacidad,PROPUESTA_DE_DISEÑO_NO_APLICADA
jack-daniel-s-tennessee-fire-botella-700ml,Jack Daniel's Tennessee Fire,Destilados,whisky,E,1430,Agrupado por categoría de la góndola existente y familia de producto; dentro de cada familia por marca y capacidad,PROPUESTA_DE_DISEÑO_NO_APLICADA
jack-daniel-s-tennessee-honey-botella-700ml,Jack Daniel's Tennessee Honey,Destilados,whisky,E,1440,Agrupado por categoría de la góndola existente y familia de producto; dentro de cada familia por marca y capacidad,PROPUESTA_DE_DISEÑO_NO_APLICADA
brighton-original-botella-700ml,Brighton Original,Destilados,gin,E,1450,Agrupado por categoría de la góndola existente y familia de producto; dentro de cada familia por marca y capacidad,PROPUESTA_DE_DISEÑO_NO_APLICADA
heredero-pink-botella-700ml,Heredero Pink,Destilados,gin,E,1460,Agrupado por categoría de la góndola existente y familia de producto; dentro de cada familia por marca y capacidad,PROPUESTA_DE_DISEÑO_NO_APLICADA
heredero-premium-botella-700ml,Heredero Premium,Destilados,gin,E,1470,Agrupado por categoría de la góndola existente y familia de producto; dentro de cada familia por marca y capacidad,PROPUESTA_DE_DISEÑO_NO_APLICADA
merle-london-dry-botella-750ml,Merle London Dry,Destilados,gin,E,1480,Agrupado por categoría de la góndola existente y familia de producto; dentro de cada familia por marca y capacidad,PROPUESTA_DE_DISEÑO_NO_APLICADA
merle-pink-botella-750ml,Merle Pink,Destilados,gin,E,1490,Agrupado por categoría de la góndola existente y familia de producto; dentro de cada familia por marca y capacidad,PROPUESTA_DE_DISEÑO_NO_APLICADA
malibu-original-botella-750ml,Malibu Original,Destilados,ron,E,1500,Agrupado por categoría de la góndola existente y familia de producto; dentro de cada familia por marca y capacidad,PROPUESTA_DE_DISEÑO_NO_APLICADA
luigi-bosca-brut-nature-botella-750ml,Luigi Bosca Brut Nature,Espumantes,brut,E,1610,Agrupado por categoría de la góndola existente y familia de producto; dentro de cada familia por marca y capacidad,PROPUESTA_DE_DISEÑO_NO_APLICADA
la-linda-extra-brut-botella-750ml,La Linda Extra Brut,Espumantes,extra-brut,E,1620,Agrupado por categoría de la góndola existente y familia de producto; dentro de cada familia por marca y capacidad,PROPUESTA_DE_DISEÑO_NO_APLICADA
luigi-bosca-extra-brut-botella-750ml,Luigi Bosca Extra Brut,Espumantes,extra-brut,E,1630,Agrupado por categoría de la góndola existente y familia de producto; dentro de cada familia por marca y capacidad,PROPUESTA_DE_DISEÑO_NO_APLICADA
mumm-extra-brut-cuvee-lata-269ml,Mumm Extra Brut Cuvée,Espumantes,extra-brut,E,1640,Agrupado por categoría de la góndola existente y familia de producto; dentro de cada familia por marca y capacidad,PROPUESTA_DE_DISEÑO_NO_APLICADA
nieto-senetiner-extra-brut-0-0-botella-750ml,Nieto Senetiner Extra Brut 0.0,Espumantes,extra-brut,E,1650,Agrupado por categoría de la góndola existente y familia de producto; dentro de cada familia por marca y capacidad,PROPUESTA_DE_DISEÑO_NO_APLICADA
julia-dulce-natural-botella-750ml,Julia Dulce Natural,Espumantes,dulce,E,1660,Agrupado por categoría de la góndola existente y familia de producto; dentro de cada familia por marca y capacidad,PROPUESTA_DE_DISEÑO_NO_APLICADA
