prioridad,sku,marca,nombre,presentacion,categoria,vista_requerida,nombre_archivo,instrucciones,verificar_antes_de_fotografiar,nota_identidad
P2 (sin fuente autorizada para la marca),stones-maracuya-lata-473ml,Stones,Stones Maracuyá,Maracuyá · 473 ml · lata · 1 unidad,Cervezas,"frente completo, etiqueta legible",stones-maracuya-lata-473ml__front.jpg,"Fondo blanco mate, luz pareja, cámara perpendicular a la etiqueta. Producto entero, centrado, tapa y base visibles. Sin manos, sin reflejo fuerte, sin precio, sin cartel ni góndola, sin vaso ni accesorio. Una unidad suelta (no pack). Etiqueta legible con la capacidad y el envase. Mínimo 2000x2000 px, JPG o PNG.","Que el local tenga el producto en góndola (stock real). Si no lo vende, no fotografiar: queda pendiente.",Marca y estilo a confirmar en fuente
P2 (sin fuente autorizada para la marca),michelob-ultra-sin-gluten-lata-473ml,Michelob Ultra,Michelob Ultra Sin Gluten,Sin Gluten · 473 ml · lata · 1 unidad,Cervezas,"frente completo, etiqueta legible",michelob-ultra-sin-gluten-lata-473ml__front.jpg,"Fondo blanco mate, luz pareja, cámara perpendicular a la etiqueta. Producto entero, centrado, tapa y base visibles. Sin manos, sin reflejo fuerte, sin precio, sin cartel ni góndola, sin vaso ni accesorio. Una unidad suelta (no pack). Etiqueta legible con la capacidad y el envase. Mínimo 2000x2000 px, JPG o PNG.","Que el local tenga el producto en góndola (stock real). Si no lo vende, no fotografiar: queda pendiente.",
P2 (sin fuente autorizada para la marca),1890-quilmes-1890-lata-473ml,1890 Quilmes,1890 Quilmes 1890,1890 · 473 ml · lata · 1 unidad,Cervezas,"frente completo, etiqueta legible",1890-quilmes-1890-lata-473ml__front.jpg,"Fondo blanco mate, luz pareja, cámara perpendicular a la etiqueta. Producto entero, centrado, tapa y base visibles. Sin manos, sin reflejo fuerte, sin precio, sin cartel ni góndola, sin vaso ni accesorio. Una unidad suelta (no pack). Etiqueta legible con la capacidad y el envase. Mínimo 2000x2000 px, JPG o PNG.","Que el local tenga el producto en góndola (stock real). Si no lo vende, no fotografiar: queda pendiente.",Línea distinta de Quilmes Clásica; no es el mismo producto
"P1 (ya hay candidata descartada o dudosa, mejor foto propia)",stella-artois-lager-botella-330ml,Stella Artois,Stella Artois Lager,Lager · 330 ml · botella · 1 unidad,Cervezas,"frente completo, etiqueta legible",stella-artois-lager-botella-330ml__front.jpg,"Fondo blanco mate, luz pareja, cámara perpendicular a la etiqueta. Producto entero, centrado, tapa y base visibles. Sin manos, sin reflejo fuerte, sin precio, sin cartel ni góndola, sin vaso ni accesorio. Una unidad suelta (no pack). Etiqueta legible con la capacidad y el envase. Mínimo 2000x2000 px, JPG o PNG.","Que el local tenga el producto en góndola (stock real). Si no lo vende, no fotografiar: queda pendiente.",
P2 (sin fuente autorizada para la marca),ortuza-premium-lager-botella-710ml,Ortuza,Ortuza Premium Lager,Premium Lager · 710 ml · botella · 1 unidad,Cervezas,"frente completo, etiqueta legible",ortuza-premium-lager-botella-710ml__front.jpg,"Fondo blanco mate, luz pareja, cámara perpendicular a la etiqueta. Producto entero, centrado, tapa y base visibles. Sin manos, sin reflejo fuerte, sin precio, sin cartel ni góndola, sin vaso ni accesorio. Una unidad suelta (no pack). Etiqueta legible con la capacidad y el envase. Mínimo 2000x2000 px, JPG o PNG.","Que el local tenga el producto en góndola (stock real). Si no lo vende, no fotografiar: queda pendiente.",
P2 (sin fuente autorizada para la marca),ortuza-premium-lager-lata-473ml,Ortuza,Ortuza Premium Lager,Premium Lager · 473 ml · lata · 1 unidad,Cervezas,"frente completo, etiqueta legible",ortuza-premium-lager-lata-473ml__front.jpg,"Fondo blanco mate, luz pareja, cámara perpendicular a la etiqueta. Producto entero, centrado, tapa y base visibles. Sin manos, sin reflejo fuerte, sin precio, sin cartel ni góndola, sin vaso ni accesorio. Una unidad suelta (no pack). Etiqueta legible con la capacidad y el envase. Mínimo 2000x2000 px, JPG o PNG.","Que el local tenga el producto en góndola (stock real). Si no lo vende, no fotografiar: queda pendiente.",
"P1 (ya hay candidata descartada o dudosa, mejor foto propia)",stella-artois-lager-botella-710ml,Stella Artois,Stella Artois Lager,Lager · 710 ml · botella · 1 unidad,Cervezas,"frente completo, etiqueta legible",stella-artois-lager-botella-710ml__front.jpg,"Fondo blanco mate, luz pareja, cámara perpendicular a la etiqueta. Producto entero, centrado, tapa y base visibles. Sin manos, sin reflejo fuerte, sin precio, sin cartel ni góndola, sin vaso ni accesorio. Una unidad suelta (no pack). Etiqueta legible con la capacidad y el envase. Mínimo 2000x2000 px, JPG o PNG.","Que el local tenga el producto en góndola (stock real). Si no lo vende, no fotografiar: queda pendiente.",
P2 (sin fuente autorizada para la marca),miller-lager-lata-473ml,Miller,Miller Lager,Lager · 473 ml · lata · 1 unidad,Cervezas,"frente completo, etiqueta legible",miller-lager-lata-473ml__front.jpg,"Fondo blanco mate, luz pareja, cámara perpendicular a la etiqueta. Producto entero, centrado, tapa y base visibles. Sin manos, sin reflejo fuerte, sin precio, sin cartel ni góndola, sin vaso ni accesorio. Una unidad suelta (no pack). Etiqueta legible con la capacidad y el envase. Mínimo 2000x2000 px, JPG o PNG.","Que el local tenga el producto en góndola (stock real). Si no lo vende, no fotografiar: queda pendiente.",
"P1 (ya hay candidata descartada o dudosa, mejor foto propia)",heineken-rubia-lata-473ml,Heineken,Heineken Rubia,Rubia · 473 ml · lata · 1 unidad,Cervezas,"frente completo, etiqueta legible",heineken-rubia-lata-473ml__front.jpg,"Fondo blanco mate, luz pareja, cámara perpendicular a la etiqueta. Producto entero, centrado, tapa y base visibles. Sin manos, sin reflejo fuerte, sin precio, sin cartel ni góndola, sin vaso ni accesorio. Una unidad suelta (no pack). Etiqueta legible con la capacidad y el envase. Mínimo 2000x2000 px, JPG o PNG.","Que el local tenga el producto en góndola (stock real). Si no lo vende, no fotografiar: queda pendiente.",
"P1 (ya hay candidata descartada o dudosa, mejor foto propia)",imperial-golden-botella-710ml,Imperial,Imperial Golden,Golden · 710 ml · botella · 1 unidad,Cervezas,"frente completo, etiqueta legible",imperial-golden-botella-710ml__front.jpg,"Fondo blanco mate, luz pareja, cámara perpendicular a la etiqueta. Producto entero, centrado, tapa y base visibles. Sin manos, sin reflejo fuerte, sin precio, sin cartel ni góndola, sin vaso ni accesorio. Una unidad suelta (no pack). Etiqueta legible con la capacidad y el envase. Mínimo 2000x2000 px, JPG o PNG.","Que el local tenga el producto en góndola (stock real). Si no lo vende, no fotografiar: queda pendiente.",
"P1 (ya hay candidata descartada o dudosa, mejor foto propia)",andes-origen-rubia-botella-710ml,Andes Origen,Andes Origen Rubia,Rubia · 710 ml · botella · 1 unidad,Cervezas,"frente completo, etiqueta legible",andes-origen-rubia-botella-710ml__front.jpg,"Fondo blanco mate, luz pareja, cámara perpendicular a la etiqueta. Producto entero, centrado, tapa y base visibles. Sin manos, sin reflejo fuerte, sin precio, sin cartel ni góndola, sin vaso ni accesorio. Una unidad suelta (no pack). Etiqueta legible con la capacidad y el envase. Mínimo 2000x2000 px, JPG o PNG.","Que el local tenga el producto en góndola (stock real). Si no lo vende, no fotografiar: queda pendiente.",La foto es lata de 710 cc; el SKU dice botella: envase a confirmar
"P1 (ya hay candidata descartada o dudosa, mejor foto propia)",schneider-rubia-lata-473ml,Schneider,Schneider Rubia,Rubia · 473 ml · lata · 1 unidad,Cervezas,"frente completo, etiqueta legible",schneider-rubia-lata-473ml__front.jpg,"Fondo blanco mate, luz pareja, cámara perpendicular a la etiqueta. Producto entero, centrado, tapa y base visibles. Sin manos, sin reflejo fuerte, sin precio, sin cartel ni góndola, sin vaso ni accesorio. Una unidad suelta (no pack). Etiqueta legible con la capacidad y el envase. Mínimo 2000x2000 px, JPG o PNG.","Que el local tenga el producto en góndola (stock real). Si no lo vende, no fotografiar: queda pendiente.",Packshot CCU de «Schneider Lager» sin capacidad declarada; la referencia dice «Rubia 473 ml»: identidad no verificable
"P1 (ya hay candidata descartada o dudosa, mejor foto propia)",imperial-lager-botella-710ml,Imperial,Imperial Lager,Lager · 710 ml · botella · 1 unidad,Cervezas,"frente completo, etiqueta legible",imperial-lager-botella-710ml__front.jpg,"Fondo blanco mate, luz pareja, cámara perpendicular a la etiqueta. Producto entero, centrado, tapa y base visibles. Sin manos, sin reflejo fuerte, sin precio, sin cartel ni góndola, sin vaso ni accesorio. Una unidad suelta (no pack). Etiqueta legible con la capacidad y el envase. Mínimo 2000x2000 px, JPG o PNG.","Que el local tenga el producto en góndola (stock real). Si no lo vende, no fotografiar: queda pendiente.",
P2 (sin fuente autorizada para la marca),grolsch-lager-lata-473ml,Grolsch,Grolsch Lager,Lager · 473 ml · lata · 1 unidad,Cervezas,"frente completo, etiqueta legible",grolsch-lager-lata-473ml__front.jpg,"Fondo blanco mate, luz pareja, cámara perpendicular a la etiqueta. Producto entero, centrado, tapa y base visibles. Sin manos, sin reflejo fuerte, sin precio, sin cartel ni góndola, sin vaso ni accesorio. Una unidad suelta (no pack). Etiqueta legible con la capacidad y el envase. Mínimo 2000x2000 px, JPG o PNG.","Que el local tenga el producto en góndola (stock real). Si no lo vende, no fotografiar: queda pendiente.",
"P1 (ya hay candidata descartada o dudosa, mejor foto propia)",quilmes-bajo-cero-lata-473ml,Quilmes,Quilmes Bajo Cero,Bajo Cero · 473 ml · lata · 1 unidad,Cervezas,"frente completo, etiqueta legible",quilmes-bajo-cero-lata-473ml__front.jpg,"Fondo blanco mate, luz pareja, cámara perpendicular a la etiqueta. Producto entero, centrado, tapa y base visibles. Sin manos, sin reflejo fuerte, sin precio, sin cartel ni góndola, sin vaso ni accesorio. Una unidad suelta (no pack). Etiqueta legible con la capacidad y el envase. Mínimo 2000x2000 px, JPG o PNG.","Que el local tenga el producto en góndola (stock real). Si no lo vende, no fotografiar: queda pendiente.",
"P1 (ya hay candidata descartada o dudosa, mejor foto propia)",amstel-lager-botella-710ml,Amstel,Amstel Lager,Lager · 710 ml · botella · 1 unidad,Cervezas,"frente completo, etiqueta legible",amstel-lager-botella-710ml__front.jpg,"Fondo blanco mate, luz pareja, cámara perpendicular a la etiqueta. Producto entero, centrado, tapa y base visibles. Sin manos, sin reflejo fuerte, sin precio, sin cartel ni góndola, sin vaso ni accesorio. Una unidad suelta (no pack). Etiqueta legible con la capacidad y el envase. Mínimo 2000x2000 px, JPG o PNG.","Que el local tenga el producto en góndola (stock real). Si no lo vende, no fotografiar: queda pendiente.",
"P1 (ya hay candidata descartada o dudosa, mejor foto propia)",imperial-lager-lata-473ml,Imperial,Imperial Lager,Lager · 473 ml · lata · 1 unidad,Cervezas,"frente completo, etiqueta legible",imperial-lager-lata-473ml__front.jpg,"Fondo blanco mate, luz pareja, cámara perpendicular a la etiqueta. Producto entero, centrado, tapa y base visibles. Sin manos, sin reflejo fuerte, sin precio, sin cartel ni góndola, sin vaso ni accesorio. Una unidad suelta (no pack). Etiqueta legible con la capacidad y el envase. Mínimo 2000x2000 px, JPG o PNG.","Que el local tenga el producto en góndola (stock real). Si no lo vende, no fotografiar: queda pendiente.","Packshot CCU de Imperial Lager en lata, sin capacidad visible (429x642 px): no se puede confirmar 473 ml"
"P1 (ya hay candidata descartada o dudosa, mejor foto propia)",heineken-lager-porron-botella-330ml,Heineken,Heineken Lager Porrón,Lager Porrón · 330 ml · botella · 1 unidad,Cervezas,"frente completo, etiqueta legible",heineken-lager-porron-botella-330ml__front.jpg,"Fondo blanco mate, luz pareja, cámara perpendicular a la etiqueta. Producto entero, centrado, tapa y base visibles. Sin manos, sin reflejo fuerte, sin precio, sin cartel ni góndola, sin vaso ni accesorio. Una unidad suelta (no pack). Etiqueta legible con la capacidad y el envase. Mínimo 2000x2000 px, JPG o PNG.","Que el local tenga el producto en góndola (stock real). Si no lo vende, no fotografiar: queda pendiente.",La foto es una botella estándar de 330 ml; la referencia dice «Porrón»: envase a confirmar
P2 (sin fuente autorizada para la marca),asahi-super-dry-botella-330ml,Asahi,Asahi Super Dry,Super Dry · 330 ml · botella · 1 unidad,Cervezas,"frente completo, etiqueta legible",asahi-super-dry-botella-330ml__front.jpg,"Fondo blanco mate, luz pareja, cámara perpendicular a la etiqueta. Producto entero, centrado, tapa y base visibles. Sin manos, sin reflejo fuerte, sin precio, sin cartel ni góndola, sin vaso ni accesorio. Una unidad suelta (no pack). Etiqueta legible con la capacidad y el envase. Mínimo 2000x2000 px, JPG o PNG.","Que el local tenga el producto en góndola (stock real). Si no lo vende, no fotografiar: queda pendiente.",
P2 (sin fuente autorizada para la marca),stones-lemon-lata-473ml,Stones,Stones Lemon,Lemon · 473 ml · lata · 1 unidad,Cervezas,"frente completo, etiqueta legible",stones-lemon-lata-473ml__front.jpg,"Fondo blanco mate, luz pareja, cámara perpendicular a la etiqueta. Producto entero, centrado, tapa y base visibles. Sin manos, sin reflejo fuerte, sin precio, sin cartel ni góndola, sin vaso ni accesorio. Una unidad suelta (no pack). Etiqueta legible con la capacidad y el envase. Mínimo 2000x2000 px, JPG o PNG.","Que el local tenga el producto en góndola (stock real). Si no lo vende, no fotografiar: queda pendiente.",
"P1 (ya hay candidata descartada o dudosa, mejor foto propia)",patagonia-24-7-session-ipa-botella-730ml,Patagonia,Patagonia 24.7 Session IPA,24.7 Session IPA · 730 ml · botella · 1 unidad,Cervezas,"frente completo, etiqueta legible",patagonia-24-7-session-ipa-botella-730ml__front.jpg,"Fondo blanco mate, luz pareja, cámara perpendicular a la etiqueta. Producto entero, centrado, tapa y base visibles. Sin manos, sin reflejo fuerte, sin precio, sin cartel ni góndola, sin vaso ni accesorio. Una unidad suelta (no pack). Etiqueta legible con la capacidad y el envase. Mínimo 2000x2000 px, JPG o PNG.","Que el local tenga el producto en góndola (stock real). Si no lo vende, no fotografiar: queda pendiente.",Distinta de Patagonia Amber Lager 730 ml (La Taba)
P2 (sin fuente autorizada para la marca),ortuza-session-ipa-lata-473ml,Ortuza,Ortuza Session IPA,Session IPA · 473 ml · lata · 1 unidad,Cervezas,"frente completo, etiqueta legible",ortuza-session-ipa-lata-473ml__front.jpg,"Fondo blanco mate, luz pareja, cámara perpendicular a la etiqueta. Producto entero, centrado, tapa y base visibles. Sin manos, sin reflejo fuerte, sin precio, sin cartel ni góndola, sin vaso ni accesorio. Una unidad suelta (no pack). Etiqueta legible con la capacidad y el envase. Mínimo 2000x2000 px, JPG o PNG.","Que el local tenga el producto en góndola (stock real). Si no lo vende, no fotografiar: queda pendiente.",
"P1 (ya hay candidata descartada o dudosa, mejor foto propia)",schneider-remix-limon-lata-473ml,Schneider,Schneider Remix Limón,Remix Limón · 473 ml · lata · 1 unidad,Cervezas,"frente completo, etiqueta legible",schneider-remix-limon-lata-473ml__front.jpg,"Fondo blanco mate, luz pareja, cámara perpendicular a la etiqueta. Producto entero, centrado, tapa y base visibles. Sin manos, sin reflejo fuerte, sin precio, sin cartel ni góndola, sin vaso ni accesorio. Una unidad suelta (no pack). Etiqueta legible con la capacidad y el envase. Mínimo 2000x2000 px, JPG o PNG.","Que el local tenga el producto en góndola (stock real). Si no lo vende, no fotografiar: queda pendiente.",
P2 (sin fuente autorizada para la marca),bierhaus-chala-ipa-lata-473ml,Bierhaus,Bierhaus Chala IPA,Chala IPA · 473 ml · lata · 1 unidad,Cervezas,"frente completo, etiqueta legible",bierhaus-chala-ipa-lata-473ml__front.jpg,"Fondo blanco mate, luz pareja, cámara perpendicular a la etiqueta. Producto entero, centrado, tapa y base visibles. Sin manos, sin reflejo fuerte, sin precio, sin cartel ni góndola, sin vaso ni accesorio. Una unidad suelta (no pack). Etiqueta legible con la capacidad y el envase. Mínimo 2000x2000 px, JPG o PNG.","Que el local tenga el producto en góndola (stock real). Si no lo vende, no fotografiar: queda pendiente.",
P2 (sin fuente autorizada para la marca),bierhaus-honey-lazybee-lata-473ml,Bierhaus,Bierhaus Honey Lazybee,Honey Lazybee · 473 ml · lata · 1 unidad,Cervezas,"frente completo, etiqueta legible",bierhaus-honey-lazybee-lata-473ml__front.jpg,"Fondo blanco mate, luz pareja, cámara perpendicular a la etiqueta. Producto entero, centrado, tapa y base visibles. Sin manos, sin reflejo fuerte, sin precio, sin cartel ni góndola, sin vaso ni accesorio. Una unidad suelta (no pack). Etiqueta legible con la capacidad y el envase. Mínimo 2000x2000 px, JPG o PNG.","Que el local tenga el producto en góndola (stock real). Si no lo vende, no fotografiar: queda pendiente.",
P2 (sin fuente autorizada para la marca),bierhaus-argentina-lata-473ml,Bierhaus,Bierhaus Argentina,Argentina · 473 ml · lata · 1 unidad,Cervezas,"frente completo, etiqueta legible",bierhaus-argentina-lata-473ml__front.jpg,"Fondo blanco mate, luz pareja, cámara perpendicular a la etiqueta. Producto entero, centrado, tapa y base visibles. Sin manos, sin reflejo fuerte, sin precio, sin cartel ni góndola, sin vaso ni accesorio. Una unidad suelta (no pack). Etiqueta legible con la capacidad y el envase. Mínimo 2000x2000 px, JPG o PNG.","Que el local tenga el producto en góndola (stock real). Si no lo vende, no fotografiar: queda pendiente.",Estilo a confirmar
P2 (sin fuente autorizada para la marca),grolsch-ipa-lata-473ml,Grolsch,Grolsch IPA,IPA · 473 ml · lata · 1 unidad,Cervezas,"frente completo, etiqueta legible",grolsch-ipa-lata-473ml__front.jpg,"Fondo blanco mate, luz pareja, cámara perpendicular a la etiqueta. Producto entero, centrado, tapa y base visibles. Sin manos, sin reflejo fuerte, sin precio, sin cartel ni góndola, sin vaso ni accesorio. Una unidad suelta (no pack). Etiqueta legible con la capacidad y el envase. Mínimo 2000x2000 px, JPG o PNG.","Que el local tenga el producto en góndola (stock real). Si no lo vende, no fotografiar: queda pendiente.",
P2 (sin fuente autorizada para la marca),bierhaus-ipa-superstar-lata-473ml,Bierhaus,Bierhaus IPA Superstar,IPA Superstar · 473 ml · lata · 1 unidad,Cervezas,"frente completo, etiqueta legible",bierhaus-ipa-superstar-lata-473ml__front.jpg,"Fondo blanco mate, luz pareja, cámara perpendicular a la etiqueta. Producto entero, centrado, tapa y base visibles. Sin manos, sin reflejo fuerte, sin precio, sin cartel ni góndola, sin vaso ni accesorio. Una unidad suelta (no pack). Etiqueta legible con la capacidad y el envase. Mínimo 2000x2000 px, JPG o PNG.","Que el local tenga el producto en góndola (stock real). Si no lo vende, no fotografiar: queda pendiente.",
"P1 (ya hay candidata descartada o dudosa, mejor foto propia)",stella-artois-noire-pura-malta-lata-473ml,Stella Artois,Stella Artois Noire Pura Malta,Noire Pura Malta · 473 ml · lata · 1 unidad,Cervezas,"frente completo, etiqueta legible",stella-artois-noire-pura-malta-lata-473ml__front.jpg,"Fondo blanco mate, luz pareja, cámara perpendicular a la etiqueta. Producto entero, centrado, tapa y base visibles. Sin manos, sin reflejo fuerte, sin precio, sin cartel ni góndola, sin vaso ni accesorio. Una unidad suelta (no pack). Etiqueta legible con la capacidad y el envase. Mínimo 2000x2000 px, JPG o PNG.","Que el local tenga el producto en góndola (stock real). Si no lo vende, no fotografiar: queda pendiente.",La foto dice «Noire Dark Lager 473 cc». La referencia dice «Noire Pura Malta»: confirmar que sea el mismo SKU
"P1 (ya hay candidata descartada o dudosa, mejor foto propia)",heineken-cero-alcohol-lata-473ml,Heineken,Heineken Cero Alcohol,Cero Alcohol · 473 ml · lata · 1 unidad,Cervezas,"frente completo, etiqueta legible",heineken-cero-alcohol-lata-473ml__front.jpg,"Fondo blanco mate, luz pareja, cámara perpendicular a la etiqueta. Producto entero, centrado, tapa y base visibles. Sin manos, sin reflejo fuerte, sin precio, sin cartel ni góndola, sin vaso ni accesorio. Una unidad suelta (no pack). Etiqueta legible con la capacidad y el envase. Mínimo 2000x2000 px, JPG o PNG.","Que el local tenga el producto en góndola (stock real). Si no lo vende, no fotografiar: queda pendiente.",Rótulo 0.0: el validador exige alcohol en Cervezas; decisión comercial
"P1 (ya hay candidata descartada o dudosa, mejor foto propia)",corona-cero-alcohol-lata-473ml,Corona,Corona Cero Alcohol,Cero Alcohol · 473 ml · lata · 1 unidad,Cervezas,"frente completo, etiqueta legible",corona-cero-alcohol-lata-473ml__front.jpg,"Fondo blanco mate, luz pareja, cámara perpendicular a la etiqueta. Producto entero, centrado, tapa y base visibles. Sin manos, sin reflejo fuerte, sin precio, sin cartel ni góndola, sin vaso ni accesorio. Una unidad suelta (no pack). Etiqueta legible con la capacidad y el envase. Mínimo 2000x2000 px, JPG o PNG.","Que el local tenga el producto en góndola (stock real). Si no lo vende, no fotografiar: queda pendiente.",Rótulo 0.0: el validador exige alcohol en Cervezas; decisión comercial
P2 (sin fuente autorizada para la marca),trumpeter-reserva-malbec-botella-750ml,Trumpeter,Trumpeter Reserva Malbec,Reserva Malbec · 750 ml · botella · 1 unidad,Vinos,"frente completo, etiqueta legible",trumpeter-reserva-malbec-botella-750ml__front.jpg,"Fondo blanco mate, luz pareja, cámara perpendicular a la etiqueta. Producto entero, centrado, tapa y base visibles. Sin manos, sin reflejo fuerte, sin precio, sin cartel ni góndola, sin vaso ni accesorio. Una unidad suelta (no pack). Etiqueta legible con la capacidad y el envase. Mínimo 2000x2000 px, JPG o PNG.","Que el local tenga el producto en góndola (stock real). Si no lo vende, no fotografiar: queda pendiente.",EAN de mercado 7790577041553 para la Reserva; distinto del 7790577002165 del Malbec base (pool). No es duplicado
P2 (sin fuente autorizada para la marca),rutini-cabernet-franc-malbec-botella-750ml,Rutini,Rutini Cabernet Franc Malbec,Cabernet Franc Malbec · 750 ml · botella · 1 unidad,Vinos,"frente completo, etiqueta legible",rutini-cabernet-franc-malbec-botella-750ml__front.jpg,"Fondo blanco mate, luz pareja, cámara perpendicular a la etiqueta. Producto entero, centrado, tapa y base visibles. Sin manos, sin reflejo fuerte, sin precio, sin cartel ni góndola, sin vaso ni accesorio. Una unidad suelta (no pack). Etiqueta legible con la capacidad y el envase. Mínimo 2000x2000 px, JPG o PNG.","Que el local tenga el producto en góndola (stock real). Si no lo vende, no fotografiar: queda pendiente.",EAN de mercado 7790577043595 para Cabernet Franc Malbec; el pool no tiene esa variante. No es duplicado
P2 (sin fuente autorizada para la marca),finca-flichman-reserva-malbec-botella-750ml,Finca Flichman,Finca Flichman Reserva Malbec,Reserva Malbec · 750 ml · botella · 1 unidad,Vinos,"frente completo, etiqueta legible",finca-flichman-reserva-malbec-botella-750ml__front.jpg,"Fondo blanco mate, luz pareja, cámara perpendicular a la etiqueta. Producto entero, centrado, tapa y base visibles. Sin manos, sin reflejo fuerte, sin precio, sin cartel ni góndola, sin vaso ni accesorio. Una unidad suelta (no pack). Etiqueta legible con la capacidad y el envase. Mínimo 2000x2000 px, JPG o PNG.","Que el local tenga el producto en góndola (stock real). Si no lo vende, no fotografiar: queda pendiente.",
P2 (sin fuente autorizada para la marca),cordero-con-piel-de-lobo-malbec-botella-750ml,Cordero con Piel de Lobo,Cordero con Piel de Lobo Malbec,Malbec · 750 ml · botella · 1 unidad,Vinos,"frente completo, etiqueta legible",cordero-con-piel-de-lobo-malbec-botella-750ml__front.jpg,"Fondo blanco mate, luz pareja, cámara perpendicular a la etiqueta. Producto entero, centrado, tapa y base visibles. Sin manos, sin reflejo fuerte, sin precio, sin cartel ni góndola, sin vaso ni accesorio. Una unidad suelta (no pack). Etiqueta legible con la capacidad y el envase. Mínimo 2000x2000 px, JPG o PNG.","Que el local tenga el producto en góndola (stock real). Si no lo vende, no fotografiar: queda pendiente.",
P2 (sin fuente autorizada para la marca),vinas-de-balbo-tinto-botella-1125ml,Viñas de Balbo,Viñas de Balbo Tinto,Tinto · 1125 ml · botella · 1 unidad,Vinos,"frente completo, etiqueta legible",vinas-de-balbo-tinto-botella-1125ml__front.jpg,"Fondo blanco mate, luz pareja, cámara perpendicular a la etiqueta. Producto entero, centrado, tapa y base visibles. Sin manos, sin reflejo fuerte, sin precio, sin cartel ni góndola, sin vaso ni accesorio. Una unidad suelta (no pack). Etiqueta legible con la capacidad y el envase. Mínimo 2000x2000 px, JPG o PNG.","Que el local tenga el producto en góndola (stock real). Si no lo vende, no fotografiar: queda pendiente.",
P2 (sin fuente autorizada para la marca),finca-flichman-reserva-cabernet-franc-botella-750ml,Finca Flichman,Finca Flichman Reserva Cabernet Franc,Reserva Cabernet Franc · 750 ml · botella · 1 unidad,Vinos,"frente completo, etiqueta legible",finca-flichman-reserva-cabernet-franc-botella-750ml__front.jpg,"Fondo blanco mate, luz pareja, cámara perpendicular a la etiqueta. Producto entero, centrado, tapa y base visibles. Sin manos, sin reflejo fuerte, sin precio, sin cartel ni góndola, sin vaso ni accesorio. Una unidad suelta (no pack). Etiqueta legible con la capacidad y el envase. Mínimo 2000x2000 px, JPG o PNG.","Que el local tenga el producto en góndola (stock real). Si no lo vende, no fotografiar: queda pendiente.",
P2 (sin fuente autorizada para la marca),conejo-verde-malbec-botella-750ml,Conejo Verde,Conejo Verde Malbec,Malbec · 750 ml · botella · 1 unidad,Vinos,"frente completo, etiqueta legible",conejo-verde-malbec-botella-750ml__front.jpg,"Fondo blanco mate, luz pareja, cámara perpendicular a la etiqueta. Producto entero, centrado, tapa y base visibles. Sin manos, sin reflejo fuerte, sin precio, sin cartel ni góndola, sin vaso ni accesorio. Una unidad suelta (no pack). Etiqueta legible con la capacidad y el envase. Mínimo 2000x2000 px, JPG o PNG.","Que el local tenga el producto en góndola (stock real). Si no lo vende, no fotografiar: queda pendiente.",
P2 (sin fuente autorizada para la marca),finjamos-demencia-malbec-botella-750ml,Finjamos,Finjamos Demencia Malbec,Demencia Malbec · 750 ml · botella · 1 unidad,Vinos,"frente completo, etiqueta legible",finjamos-demencia-malbec-botella-750ml__front.jpg,"Fondo blanco mate, luz pareja, cámara perpendicular a la etiqueta. Producto entero, centrado, tapa y base visibles. Sin manos, sin reflejo fuerte, sin precio, sin cartel ni góndola, sin vaso ni accesorio. Una unidad suelta (no pack). Etiqueta legible con la capacidad y el envase. Mínimo 2000x2000 px, JPG o PNG.","Que el local tenga el producto en góndola (stock real). Si no lo vende, no fotografiar: queda pendiente.",
"P1 (ya hay candidata descartada o dudosa, mejor foto propia)",toro-clasico-botella-700ml,Toro,Toro Clásico,Clásico · 700 ml · botella · 1 unidad,Vinos,"frente completo, etiqueta legible",toro-clasico-botella-700ml__front.jpg,"Fondo blanco mate, luz pareja, cámara perpendicular a la etiqueta. Producto entero, centrado, tapa y base visibles. Sin manos, sin reflejo fuerte, sin precio, sin cartel ni góndola, sin vaso ni accesorio. Una unidad suelta (no pack). Etiqueta legible con la capacidad y el envase. Mínimo 2000x2000 px, JPG o PNG.","Que el local tenga el producto en góndola (stock real). Si no lo vende, no fotografiar: queda pendiente.","Marca Toro (grupo Peñaflor, distribuido por Andina). La Taba tiene Toro Tinto 1000 ml y Toro Viejo Clásico 750 ml"
P2 (sin fuente autorizada para la marca),wampa-malbec-botella-750ml,Wampa,Wampa Malbec,Malbec · 750 ml · botella · 1 unidad,Vinos,"frente completo, etiqueta legible",wampa-malbec-botella-750ml__front.jpg,"Fondo blanco mate, luz pareja, cámara perpendicular a la etiqueta. Producto entero, centrado, tapa y base visibles. Sin manos, sin reflejo fuerte, sin precio, sin cartel ni góndola, sin vaso ni accesorio. Una unidad suelta (no pack). Etiqueta legible con la capacidad y el envase. Mínimo 2000x2000 px, JPG o PNG.","Que el local tenga el producto en góndola (stock real). Si no lo vende, no fotografiar: queda pendiente.",
P2 (sin fuente autorizada para la marca),luigi-bosca-malbec-botella-750ml,Luigi Bosca,Luigi Bosca Malbec,Malbec · 750 ml · botella · 1 unidad,Vinos,"frente completo, etiqueta legible",luigi-bosca-malbec-botella-750ml__front.jpg,"Fondo blanco mate, luz pareja, cámara perpendicular a la etiqueta. Producto entero, centrado, tapa y base visibles. Sin manos, sin reflejo fuerte, sin precio, sin cartel ni góndola, sin vaso ni accesorio. Una unidad suelta (no pack). Etiqueta legible con la capacidad y el envase. Mínimo 2000x2000 px, JPG o PNG.","Que el local tenga el producto en góndola (stock real). Si no lo vende, no fotografiar: queda pendiente.",
P2 (sin fuente autorizada para la marca),canciller-blend-iii-botella-750ml,Canciller,Canciller Blend III,Blend III · 750 ml · botella · 1 unidad,Vinos,"frente completo, etiqueta legible",canciller-blend-iii-botella-750ml__front.jpg,"Fondo blanco mate, luz pareja, cámara perpendicular a la etiqueta. Producto entero, centrado, tapa y base visibles. Sin manos, sin reflejo fuerte, sin precio, sin cartel ni góndola, sin vaso ni accesorio. Una unidad suelta (no pack). Etiqueta legible con la capacidad y el envase. Mínimo 2000x2000 px, JPG o PNG.","Que el local tenga el producto en góndola (stock real). Si no lo vende, no fotografiar: queda pendiente.",Marca Canciller a confirmar
P2 (sin fuente autorizada para la marca),cordero-con-piel-de-lobo-cabernet-sauvignon-botella-750ml,Cordero con Piel de Lobo,Cordero con Piel de Lobo Cabernet Sauvignon,Cabernet Sauvignon · 750 ml · botella · 1 unidad,Vinos,"frente completo, etiqueta legible",cordero-con-piel-de-lobo-cabernet-sauvignon-botella-750ml__front.jpg,"Fondo blanco mate, luz pareja, cámara perpendicular a la etiqueta. Producto entero, centrado, tapa y base visibles. Sin manos, sin reflejo fuerte, sin precio, sin cartel ni góndola, sin vaso ni accesorio. Una unidad suelta (no pack). Etiqueta legible con la capacidad y el envase. Mínimo 2000x2000 px, JPG o PNG.","Que el local tenga el producto en góndola (stock real). Si no lo vende, no fotografiar: queda pendiente.",
P2 (sin fuente autorizada para la marca),callia-alta-malbec-botella-750ml,Callia,Callia Alta Malbec,Alta Malbec · 750 ml · botella · 1 unidad,Vinos,"frente completo, etiqueta legible",callia-alta-malbec-botella-750ml__front.jpg,"Fondo blanco mate, luz pareja, cámara perpendicular a la etiqueta. Producto entero, centrado, tapa y base visibles. Sin manos, sin reflejo fuerte, sin precio, sin cartel ni góndola, sin vaso ni accesorio. Una unidad suelta (no pack). Etiqueta legible con la capacidad y el envase. Mínimo 2000x2000 px, JPG o PNG.","Que el local tenga el producto en góndola (stock real). Si no lo vende, no fotografiar: queda pendiente.",
P2 (sin fuente autorizada para la marca),santa-julia-dulce-botella-750ml,Santa Julia,Santa Julia Dulce,Dulce · 750 ml · botella · 1 unidad,Vinos,"frente completo, etiqueta legible",santa-julia-dulce-botella-750ml__front.jpg,"Fondo blanco mate, luz pareja, cámara perpendicular a la etiqueta. Producto entero, centrado, tapa y base visibles. Sin manos, sin reflejo fuerte, sin precio, sin cartel ni góndola, sin vaso ni accesorio. Una unidad suelta (no pack). Etiqueta legible con la capacidad y el envase. Mínimo 2000x2000 px, JPG o PNG.","Que el local tenga el producto en góndola (stock real). Si no lo vende, no fotografiar: queda pendiente.",
P2 (sin fuente autorizada para la marca),canciller-blend-iii-botella-1250ml,Canciller,Canciller Blend III,Blend III · 1250 ml · botella · 1 unidad,Vinos,"frente completo, etiqueta legible",canciller-blend-iii-botella-1250ml__front.jpg,"Fondo blanco mate, luz pareja, cámara perpendicular a la etiqueta. Producto entero, centrado, tapa y base visibles. Sin manos, sin reflejo fuerte, sin precio, sin cartel ni góndola, sin vaso ni accesorio. Una unidad suelta (no pack). Etiqueta legible con la capacidad y el envase. Mínimo 2000x2000 px, JPG o PNG.","Que el local tenga el producto en góndola (stock real). Si no lo vende, no fotografiar: queda pendiente.",Marca Canciller a confirmar
P2 (sin fuente autorizada para la marca),familia-gascon-cabernet-sauvignon-botella-750ml,Familia Gascón,Familia Gascón Cabernet Sauvignon,Cabernet Sauvignon · 750 ml · botella · 1 unidad,Vinos,"frente completo, etiqueta legible",familia-gascon-cabernet-sauvignon-botella-750ml__front.jpg,"Fondo blanco mate, luz pareja, cámara perpendicular a la etiqueta. Producto entero, centrado, tapa y base visibles. Sin manos, sin reflejo fuerte, sin precio, sin cartel ni góndola, sin vaso ni accesorio. Una unidad suelta (no pack). Etiqueta legible con la capacidad y el envase. Mínimo 2000x2000 px, JPG o PNG.","Que el local tenga el producto en góndola (stock real). Si no lo vende, no fotografiar: queda pendiente.",
P2 (sin fuente autorizada para la marca),finca-flichman-pinot-noir-reserva-botella-750ml,Finca Flichman,Finca Flichman Pinot Noir Reserva,Pinot Noir Reserva · 750 ml · botella · 1 unidad,Vinos,"frente completo, etiqueta legible",finca-flichman-pinot-noir-reserva-botella-750ml__front.jpg,"Fondo blanco mate, luz pareja, cámara perpendicular a la etiqueta. Producto entero, centrado, tapa y base visibles. Sin manos, sin reflejo fuerte, sin precio, sin cartel ni góndola, sin vaso ni accesorio. Una unidad suelta (no pack). Etiqueta legible con la capacidad y el envase. Mínimo 2000x2000 px, JPG o PNG.","Que el local tenga el producto en góndola (stock real). Si no lo vende, no fotografiar: queda pendiente.",
P2 (sin fuente autorizada para la marca),finca-flichman-single-parcel-malbec-botella-750ml,Finca Flichman,Finca Flichman Single Parcel Malbec,Single Parcel Malbec · 750 ml · botella · 1 unidad,Vinos,"frente completo, etiqueta legible",finca-flichman-single-parcel-malbec-botella-750ml__front.jpg,"Fondo blanco mate, luz pareja, cámara perpendicular a la etiqueta. Producto entero, centrado, tapa y base visibles. Sin manos, sin reflejo fuerte, sin precio, sin cartel ni góndola, sin vaso ni accesorio. Una unidad suelta (no pack). Etiqueta legible con la capacidad y el envase. Mínimo 2000x2000 px, JPG o PNG.","Que el local tenga el producto en góndola (stock real). Si no lo vende, no fotografiar: queda pendiente.",Edición de parcela: confirmar que sea el SKU estándar
P2 (sin fuente autorizada para la marca),luigi-bosca-pinot-noir-botella-750ml,Luigi Bosca,Luigi Bosca Pinot Noir,Pinot Noir · 750 ml · botella · 1 unidad,Vinos,"frente completo, etiqueta legible",luigi-bosca-pinot-noir-botella-750ml__front.jpg,"Fondo blanco mate, luz pareja, cámara perpendicular a la etiqueta. Producto entero, centrado, tapa y base visibles. Sin manos, sin reflejo fuerte, sin precio, sin cartel ni góndola, sin vaso ni accesorio. Una unidad suelta (no pack). Etiqueta legible con la capacidad y el envase. Mínimo 2000x2000 px, JPG o PNG.","Que el local tenga el producto en góndola (stock real). Si no lo vende, no fotografiar: queda pendiente.",
P2 (sin fuente autorizada para la marca),finca-natalina-autentico-malbec-botella-750ml,Finca Natalina,Finca Natalina Auténtico Malbec,Auténtico Malbec · 750 ml · botella · 1 unidad,Vinos,"frente completo, etiqueta legible",finca-natalina-autentico-malbec-botella-750ml__front.jpg,"Fondo blanco mate, luz pareja, cámara perpendicular a la etiqueta. Producto entero, centrado, tapa y base visibles. Sin manos, sin reflejo fuerte, sin precio, sin cartel ni góndola, sin vaso ni accesorio. Una unidad suelta (no pack). Etiqueta legible con la capacidad y el envase. Mínimo 2000x2000 px, JPG o PNG.","Que el local tenga el producto en góndola (stock real). Si no lo vende, no fotografiar: queda pendiente.",
P2 (sin fuente autorizada para la marca),killka-malbec-botella-750ml,Killka,Killka Malbec,Malbec · 750 ml · botella · 1 unidad,Vinos,"frente completo, etiqueta legible",killka-malbec-botella-750ml__front.jpg,"Fondo blanco mate, luz pareja, cámara perpendicular a la etiqueta. Producto entero, centrado, tapa y base visibles. Sin manos, sin reflejo fuerte, sin precio, sin cartel ni góndola, sin vaso ni accesorio. Una unidad suelta (no pack). Etiqueta legible con la capacidad y el envase. Mínimo 2000x2000 px, JPG o PNG.","Que el local tenga el producto en góndola (stock real). Si no lo vende, no fotografiar: queda pendiente.",
P2 (sin fuente autorizada para la marca),nieto-senetiner-cabernet-sauvignon-botella-750ml,Nieto Senetiner,Nieto Senetiner Cabernet Sauvignon,Cabernet Sauvignon · 750 ml · botella · 1 unidad,Vinos,"frente completo, etiqueta legible",nieto-senetiner-cabernet-sauvignon-botella-750ml__front.jpg,"Fondo blanco mate, luz pareja, cámara perpendicular a la etiqueta. Producto entero, centrado, tapa y base visibles. Sin manos, sin reflejo fuerte, sin precio, sin cartel ni góndola, sin vaso ni accesorio. Una unidad suelta (no pack). Etiqueta legible con la capacidad y el envase. Mínimo 2000x2000 px, JPG o PNG.","Que el local tenga el producto en góndola (stock real). Si no lo vende, no fotografiar: queda pendiente.",
P2 (sin fuente autorizada para la marca),salentein-reserva-malbec-botella-750ml,Salentein,Salentein Reserva Malbec,Reserva Malbec · 750 ml · botella · 1 unidad,Vinos,"frente completo, etiqueta legible",salentein-reserva-malbec-botella-750ml__front.jpg,"Fondo blanco mate, luz pareja, cámara perpendicular a la etiqueta. Producto entero, centrado, tapa y base visibles. Sin manos, sin reflejo fuerte, sin precio, sin cartel ni góndola, sin vaso ni accesorio. Una unidad suelta (no pack). Etiqueta legible con la capacidad y el envase. Mínimo 2000x2000 px, JPG o PNG.","Que el local tenga el producto en góndola (stock real). Si no lo vende, no fotografiar: queda pendiente.",
P2 (sin fuente autorizada para la marca),esperado-malbec-botella-750ml,Esperado,Esperado Malbec,Malbec · 750 ml · botella · 1 unidad,Vinos,"frente completo, etiqueta legible",esperado-malbec-botella-750ml__front.jpg,"Fondo blanco mate, luz pareja, cámara perpendicular a la etiqueta. Producto entero, centrado, tapa y base visibles. Sin manos, sin reflejo fuerte, sin precio, sin cartel ni góndola, sin vaso ni accesorio. Una unidad suelta (no pack). Etiqueta legible con la capacidad y el envase. Mínimo 2000x2000 px, JPG o PNG.","Que el local tenga el producto en góndola (stock real). Si no lo vende, no fotografiar: queda pendiente.",
P2 (sin fuente autorizada para la marca),luigi-bosca-de-sangre-red-blend-botella-750ml,Luigi Bosca,Luigi Bosca De Sangre Red Blend,De Sangre Red Blend · 750 ml · botella · 1 unidad,Vinos,"frente completo, etiqueta legible",luigi-bosca-de-sangre-red-blend-botella-750ml__front.jpg,"Fondo blanco mate, luz pareja, cámara perpendicular a la etiqueta. Producto entero, centrado, tapa y base visibles. Sin manos, sin reflejo fuerte, sin precio, sin cartel ni góndola, sin vaso ni accesorio. Una unidad suelta (no pack). Etiqueta legible con la capacidad y el envase. Mínimo 2000x2000 px, JPG o PNG.","Que el local tenga el producto en góndola (stock real). Si no lo vende, no fotografiar: queda pendiente.",
P2 (sin fuente autorizada para la marca),luigi-bosca-cabernet-sauvignon-botella-750ml,Luigi Bosca,Luigi Bosca Cabernet Sauvignon,Cabernet Sauvignon · 750 ml · botella · 1 unidad,Vinos,"frente completo, etiqueta legible",luigi-bosca-cabernet-sauvignon-botella-750ml__front.jpg,"Fondo blanco mate, luz pareja, cámara perpendicular a la etiqueta. Producto entero, centrado, tapa y base visibles. Sin manos, sin reflejo fuerte, sin precio, sin cartel ni góndola, sin vaso ni accesorio. Una unidad suelta (no pack). Etiqueta legible con la capacidad y el envase. Mínimo 2000x2000 px, JPG o PNG.","Que el local tenga el producto en góndola (stock real). Si no lo vende, no fotografiar: queda pendiente.",
P2 (sin fuente autorizada para la marca),luigi-bosca-de-sangre-malbec-botella-750ml,Luigi Bosca,Luigi Bosca De Sangre Malbec,De Sangre Malbec · 750 ml · botella · 1 unidad,Vinos,"frente completo, etiqueta legible",luigi-bosca-de-sangre-malbec-botella-750ml__front.jpg,"Fondo blanco mate, luz pareja, cámara perpendicular a la etiqueta. Producto entero, centrado, tapa y base visibles. Sin manos, sin reflejo fuerte, sin precio, sin cartel ni góndola, sin vaso ni accesorio. Una unidad suelta (no pack). Etiqueta legible con la capacidad y el envase. Mínimo 2000x2000 px, JPG o PNG.","Que el local tenga el producto en góndola (stock real). Si no lo vende, no fotografiar: queda pendiente.",
"P1 (ya hay candidata descartada o dudosa, mejor foto propia)",trapiche-alaris-malbec-botella-750ml,Trapiche,Trapiche Alaris Malbec,Alaris Malbec · 750 ml · botella · 1 unidad,Vinos,"frente completo, etiqueta legible",trapiche-alaris-malbec-botella-750ml__front.jpg,"Fondo blanco mate, luz pareja, cámara perpendicular a la etiqueta. Producto entero, centrado, tapa y base visibles. Sin manos, sin reflejo fuerte, sin precio, sin cartel ni góndola, sin vaso ni accesorio. Una unidad suelta (no pack). Etiqueta legible con la capacidad y el envase. Mínimo 2000x2000 px, JPG o PNG.","Que el local tenga el producto en góndola (stock real). Si no lo vende, no fotografiar: queda pendiente.",Línea Alaris ≠ Origen (SKU existente de La Taba); distribuido por Andina
P2 (sin fuente autorizada para la marca),trumpeter-chardonnay-botella-750ml,Trumpeter,Trumpeter Chardonnay,Chardonnay · 750 ml · botella · 1 unidad,Vinos,"frente completo, etiqueta legible",trumpeter-chardonnay-botella-750ml__front.jpg,"Fondo blanco mate, luz pareja, cámara perpendicular a la etiqueta. Producto entero, centrado, tapa y base visibles. Sin manos, sin reflejo fuerte, sin precio, sin cartel ni góndola, sin vaso ni accesorio. Una unidad suelta (no pack). Etiqueta legible con la capacidad y el envase. Mínimo 2000x2000 px, JPG o PNG.","Que el local tenga el producto en góndola (stock real). Si no lo vende, no fotografiar: queda pendiente.",
P2 (sin fuente autorizada para la marca),santa-julia-chenin-dulce-natural-botella-750ml,Santa Julia,Santa Julia Chenin Dulce Natural,Chenin Dulce Natural · 750 ml · botella · 1 unidad,Vinos,"frente completo, etiqueta legible",santa-julia-chenin-dulce-natural-botella-750ml__front.jpg,"Fondo blanco mate, luz pareja, cámara perpendicular a la etiqueta. Producto entero, centrado, tapa y base visibles. Sin manos, sin reflejo fuerte, sin precio, sin cartel ni góndola, sin vaso ni accesorio. Una unidad suelta (no pack). Etiqueta legible con la capacidad y el envase. Mínimo 2000x2000 px, JPG o PNG.","Que el local tenga el producto en góndola (stock real). Si no lo vende, no fotografiar: queda pendiente.",
P2 (sin fuente autorizada para la marca),benjamin-dulce-natural-botella-750ml,Benjamin,Benjamin Dulce Natural,Dulce Natural · 750 ml · botella · 1 unidad,Vinos,"frente completo, etiqueta legible",benjamin-dulce-natural-botella-750ml__front.jpg,"Fondo blanco mate, luz pareja, cámara perpendicular a la etiqueta. Producto entero, centrado, tapa y base visibles. Sin manos, sin reflejo fuerte, sin precio, sin cartel ni góndola, sin vaso ni accesorio. Una unidad suelta (no pack). Etiqueta legible con la capacidad y el envase. Mínimo 2000x2000 px, JPG o PNG.","Que el local tenga el producto en góndola (stock real). Si no lo vende, no fotografiar: queda pendiente.",Marca a confirmar
P2 (sin fuente autorizada para la marca),dilema-dulce-natural-botella-750ml,Dilema,Dilema Dulce Natural,Dulce Natural · 750 ml · botella · 1 unidad,Vinos,"frente completo, etiqueta legible",dilema-dulce-natural-botella-750ml__front.jpg,"Fondo blanco mate, luz pareja, cámara perpendicular a la etiqueta. Producto entero, centrado, tapa y base visibles. Sin manos, sin reflejo fuerte, sin precio, sin cartel ni góndola, sin vaso ni accesorio. Una unidad suelta (no pack). Etiqueta legible con la capacidad y el envase. Mínimo 2000x2000 px, JPG o PNG.","Que el local tenga el producto en góndola (stock real). Si no lo vende, no fotografiar: queda pendiente.",Marca a confirmar
P2 (sin fuente autorizada para la marca),canciller-dulce-blend-v-botella-750ml,Canciller,Canciller Dulce Blend V,Dulce Blend V · 750 ml · botella · 1 unidad,Vinos,"frente completo, etiqueta legible",canciller-dulce-blend-v-botella-750ml__front.jpg,"Fondo blanco mate, luz pareja, cámara perpendicular a la etiqueta. Producto entero, centrado, tapa y base visibles. Sin manos, sin reflejo fuerte, sin precio, sin cartel ni góndola, sin vaso ni accesorio. Una unidad suelta (no pack). Etiqueta legible con la capacidad y el envase. Mínimo 2000x2000 px, JPG o PNG.","Que el local tenga el producto en góndola (stock real). Si no lo vende, no fotografiar: queda pendiente.",Marca Canciller a confirmar
P2 (sin fuente autorizada para la marca),estancia-mendoza-chenin-chardonnay-botella-750ml,Estancia Mendoza,Estancia Mendoza Chenin Chardonnay,Chenin Chardonnay · 750 ml · botella · 1 unidad,Vinos,"frente completo, etiqueta legible",estancia-mendoza-chenin-chardonnay-botella-750ml__front.jpg,"Fondo blanco mate, luz pareja, cámara perpendicular a la etiqueta. Producto entero, centrado, tapa y base visibles. Sin manos, sin reflejo fuerte, sin precio, sin cartel ni góndola, sin vaso ni accesorio. Una unidad suelta (no pack). Etiqueta legible con la capacidad y el envase. Mínimo 2000x2000 px, JPG o PNG.","Que el local tenga el producto en góndola (stock real). Si no lo vende, no fotografiar: queda pendiente.",
P2 (sin fuente autorizada para la marca),canciller-blend-blanco-botella-1125ml,Canciller,Canciller Blend Blanco,Blend Blanco · 1125 ml · botella · 1 unidad,Vinos,"frente completo, etiqueta legible",canciller-blend-blanco-botella-1125ml__front.jpg,"Fondo blanco mate, luz pareja, cámara perpendicular a la etiqueta. Producto entero, centrado, tapa y base visibles. Sin manos, sin reflejo fuerte, sin precio, sin cartel ni góndola, sin vaso ni accesorio. Una unidad suelta (no pack). Etiqueta legible con la capacidad y el envase. Mínimo 2000x2000 px, JPG o PNG.","Que el local tenga el producto en góndola (stock real). Si no lo vende, no fotografiar: queda pendiente.",
P2 (sin fuente autorizada para la marca),resero-dulce-botella-1000ml,Resero,Resero Dulce,Dulce · 1000 ml · botella · 1 unidad,Vinos,"frente completo, etiqueta legible",resero-dulce-botella-1000ml__front.jpg,"Fondo blanco mate, luz pareja, cámara perpendicular a la etiqueta. Producto entero, centrado, tapa y base visibles. Sin manos, sin reflejo fuerte, sin precio, sin cartel ni góndola, sin vaso ni accesorio. Una unidad suelta (no pack). Etiqueta legible con la capacidad y el envase. Mínimo 2000x2000 px, JPG o PNG.","Que el local tenga el producto en góndola (stock real). Si no lo vende, no fotografiar: queda pendiente.",
P2 (sin fuente autorizada para la marca),vinas-de-balbo-chablis-botella-1125ml,Viñas de Balbo,Viñas de Balbo Chablis,Chablis · 1125 ml · botella · 1 unidad,Vinos,"frente completo, etiqueta legible",vinas-de-balbo-chablis-botella-1125ml__front.jpg,"Fondo blanco mate, luz pareja, cámara perpendicular a la etiqueta. Producto entero, centrado, tapa y base visibles. Sin manos, sin reflejo fuerte, sin precio, sin cartel ni góndola, sin vaso ni accesorio. Una unidad suelta (no pack). Etiqueta legible con la capacidad y el envase. Mínimo 2000x2000 px, JPG o PNG.","Que el local tenga el producto en góndola (stock real). Si no lo vende, no fotografiar: queda pendiente.",
P2 (sin fuente autorizada para la marca),finca-flichman-dulce-chardonnay-botella-750ml,Finca Flichman,Finca Flichman Dulce Chardonnay,Dulce Chardonnay · 750 ml · botella · 1 unidad,Vinos,"frente completo, etiqueta legible",finca-flichman-dulce-chardonnay-botella-750ml__front.jpg,"Fondo blanco mate, luz pareja, cámara perpendicular a la etiqueta. Producto entero, centrado, tapa y base visibles. Sin manos, sin reflejo fuerte, sin precio, sin cartel ni góndola, sin vaso ni accesorio. Una unidad suelta (no pack). Etiqueta legible con la capacidad y el envase. Mínimo 2000x2000 px, JPG o PNG.","Que el local tenga el producto en góndola (stock real). Si no lo vende, no fotografiar: queda pendiente.",
P2 (sin fuente autorizada para la marca),callia-dulce-botella-750ml,Callia,Callia Dulce,Dulce · 750 ml · botella · 1 unidad,Vinos,"frente completo, etiqueta legible",callia-dulce-botella-750ml__front.jpg,"Fondo blanco mate, luz pareja, cámara perpendicular a la etiqueta. Producto entero, centrado, tapa y base visibles. Sin manos, sin reflejo fuerte, sin precio, sin cartel ni góndola, sin vaso ni accesorio. Una unidad suelta (no pack). Etiqueta legible con la capacidad y el envase. Mínimo 2000x2000 px, JPG o PNG.","Que el local tenga el producto en góndola (stock real). Si no lo vende, no fotografiar: queda pendiente.",
P2 (sin fuente autorizada para la marca),finca-flichman-sauvignon-blanc-botella-750ml,Finca Flichman,Finca Flichman Sauvignon Blanc,Sauvignon Blanc · 750 ml · botella · 1 unidad,Vinos,"frente completo, etiqueta legible",finca-flichman-sauvignon-blanc-botella-750ml__front.jpg,"Fondo blanco mate, luz pareja, cámara perpendicular a la etiqueta. Producto entero, centrado, tapa y base visibles. Sin manos, sin reflejo fuerte, sin precio, sin cartel ni góndola, sin vaso ni accesorio. Una unidad suelta (no pack). Etiqueta legible con la capacidad y el envase. Mínimo 2000x2000 px, JPG o PNG.","Que el local tenga el producto en góndola (stock real). Si no lo vende, no fotografiar: queda pendiente.",
P2 (sin fuente autorizada para la marca),familia-gascon-chardonnay-botella-750ml,Familia Gascón,Familia Gascón Chardonnay,Chardonnay · 750 ml · botella · 1 unidad,Vinos,"frente completo, etiqueta legible",familia-gascon-chardonnay-botella-750ml__front.jpg,"Fondo blanco mate, luz pareja, cámara perpendicular a la etiqueta. Producto entero, centrado, tapa y base visibles. Sin manos, sin reflejo fuerte, sin precio, sin cartel ni góndola, sin vaso ni accesorio. Una unidad suelta (no pack). Etiqueta legible con la capacidad y el envase. Mínimo 2000x2000 px, JPG o PNG.","Que el local tenga el producto en góndola (stock real). Si no lo vende, no fotografiar: queda pendiente.",
P2 (sin fuente autorizada para la marca),portillo-salentein-sauvignon-blanc-botella-750ml,Portillo Salentein,Portillo Salentein Sauvignon Blanc,Sauvignon Blanc · 750 ml · botella · 1 unidad,Vinos,"frente completo, etiqueta legible",portillo-salentein-sauvignon-blanc-botella-750ml__front.jpg,"Fondo blanco mate, luz pareja, cámara perpendicular a la etiqueta. Producto entero, centrado, tapa y base visibles. Sin manos, sin reflejo fuerte, sin precio, sin cartel ni góndola, sin vaso ni accesorio. Una unidad suelta (no pack). Etiqueta legible con la capacidad y el envase. Mínimo 2000x2000 px, JPG o PNG.","Que el local tenga el producto en góndola (stock real). Si no lo vende, no fotografiar: queda pendiente.","Distinto del Portillo Salentein Malbec (ambiguo, no creado)"
P2 (sin fuente autorizada para la marca),la-linda-sweet-viognier-botella-750ml,La Linda,La Linda Sweet Viognier,Sweet Viognier · 750 ml · botella · 1 unidad,Vinos,"frente completo, etiqueta legible",la-linda-sweet-viognier-botella-750ml__front.jpg,"Fondo blanco mate, luz pareja, cámara perpendicular a la etiqueta. Producto entero, centrado, tapa y base visibles. Sin manos, sin reflejo fuerte, sin precio, sin cartel ni góndola, sin vaso ni accesorio. Una unidad suelta (no pack). Etiqueta legible con la capacidad y el envase. Mínimo 2000x2000 px, JPG o PNG.","Que el local tenga el producto en góndola (stock real). Si no lo vende, no fotografiar: queda pendiente.",
P2 (sin fuente autorizada para la marca),finca-flichman-reserva-chardonnay-botella-750ml,Finca Flichman,Finca Flichman Reserva Chardonnay,Reserva Chardonnay · 750 ml · botella · 1 unidad,Vinos,"frente completo, etiqueta legible",finca-flichman-reserva-chardonnay-botella-750ml__front.jpg,"Fondo blanco mate, luz pareja, cámara perpendicular a la etiqueta. Producto entero, centrado, tapa y base visibles. Sin manos, sin reflejo fuerte, sin precio, sin cartel ni góndola, sin vaso ni accesorio. Una unidad suelta (no pack). Etiqueta legible con la capacidad y el envase. Mínimo 2000x2000 px, JPG o PNG.","Que el local tenga el producto en góndola (stock real). Si no lo vende, no fotografiar: queda pendiente.",
P2 (sin fuente autorizada para la marca),santa-julia-chenin-dulce-lata-269ml,Santa Julia,Santa Julia Chenin Dulce,Chenin Dulce · 269 ml · lata · 1 unidad,Vinos,"frente completo, etiqueta legible",santa-julia-chenin-dulce-lata-269ml__front.jpg,"Fondo blanco mate, luz pareja, cámara perpendicular a la etiqueta. Producto entero, centrado, tapa y base visibles. Sin manos, sin reflejo fuerte, sin precio, sin cartel ni góndola, sin vaso ni accesorio. Una unidad suelta (no pack). Etiqueta legible con la capacidad y el envase. Mínimo 2000x2000 px, JPG o PNG.","Que el local tenga el producto en góndola (stock real). Si no lo vende, no fotografiar: queda pendiente.",
P2 (sin fuente autorizada para la marca),tardio-de-abril-dulce-botella-500ml,Tardío de Abril,Tardío de Abril Dulce,Dulce · 500 ml · botella · 1 unidad,Vinos,"frente completo, etiqueta legible",tardio-de-abril-dulce-botella-500ml__front.jpg,"Fondo blanco mate, luz pareja, cámara perpendicular a la etiqueta. Producto entero, centrado, tapa y base visibles. Sin manos, sin reflejo fuerte, sin precio, sin cartel ni góndola, sin vaso ni accesorio. Una unidad suelta (no pack). Etiqueta legible con la capacidad y el envase. Mínimo 2000x2000 px, JPG o PNG.","Que el local tenga el producto en góndola (stock real). Si no lo vende, no fotografiar: queda pendiente.",Marca y bodega a confirmar
P2 (sin fuente autorizada para la marca),emilia-malbec-dulce-botella-750ml,Emilia,Emilia Malbec Dulce,Malbec Dulce · 750 ml · botella · 1 unidad,Vinos,"frente completo, etiqueta legible",emilia-malbec-dulce-botella-750ml__front.jpg,"Fondo blanco mate, luz pareja, cámara perpendicular a la etiqueta. Producto entero, centrado, tapa y base visibles. Sin manos, sin reflejo fuerte, sin precio, sin cartel ni góndola, sin vaso ni accesorio. Una unidad suelta (no pack). Etiqueta legible con la capacidad y el envase. Mínimo 2000x2000 px, JPG o PNG.","Que el local tenga el producto en góndola (stock real). Si no lo vende, no fotografiar: queda pendiente.",Rosado según lista de referencia
P2 (sin fuente autorizada para la marca),la-linda-rosado-botella-750ml,La Linda,La Linda Rosado,Rosado · 750 ml · botella · 1 unidad,Vinos,"frente completo, etiqueta legible",la-linda-rosado-botella-750ml__front.jpg,"Fondo blanco mate, luz pareja, cámara perpendicular a la etiqueta. Producto entero, centrado, tapa y base visibles. Sin manos, sin reflejo fuerte, sin precio, sin cartel ni góndola, sin vaso ni accesorio. Una unidad suelta (no pack). Etiqueta legible con la capacidad y el envase. Mínimo 2000x2000 px, JPG o PNG.","Que el local tenga el producto en góndola (stock real). Si no lo vende, no fotografiar: queda pendiente.",
P2 (sin fuente autorizada para la marca),buhero-negro-botella-700ml,Buhero,Buhero Negro,Negro · 700 ml · botella · 1 unidad,Fernet,"frente completo, etiqueta legible",buhero-negro-botella-700ml__front.jpg,"Fondo blanco mate, luz pareja, cámara perpendicular a la etiqueta. Producto entero, centrado, tapa y base visibles. Sin manos, sin reflejo fuerte, sin precio, sin cartel ni góndola, sin vaso ni accesorio. Una unidad suelta (no pack). Etiqueta legible con la capacidad y el envase. Mínimo 2000x2000 px, JPG o PNG.","Que el local tenga el producto en góndola (stock real). Si no lo vende, no fotografiar: queda pendiente.",Marca a confirmar
P2 (sin fuente autorizada para la marca),carpano-rosso-botella-950ml,Carpano,Carpano Rosso,Rosso · 950 ml · botella · 1 unidad,Aperitivos,"frente completo, etiqueta legible",carpano-rosso-botella-950ml__front.jpg,"Fondo blanco mate, luz pareja, cámara perpendicular a la etiqueta. Producto entero, centrado, tapa y base visibles. Sin manos, sin reflejo fuerte, sin precio, sin cartel ni góndola, sin vaso ni accesorio. Una unidad suelta (no pack). Etiqueta legible con la capacidad y el envase. Mínimo 2000x2000 px, JPG o PNG.","Que el local tenga el producto en góndola (stock real). Si no lo vende, no fotografiar: queda pendiente.",
P2 (sin fuente autorizada para la marca),carpano-bianco-botella-950ml,Carpano,Carpano Bianco,Bianco · 950 ml · botella · 1 unidad,Aperitivos,"frente completo, etiqueta legible",carpano-bianco-botella-950ml__front.jpg,"Fondo blanco mate, luz pareja, cámara perpendicular a la etiqueta. Producto entero, centrado, tapa y base visibles. Sin manos, sin reflejo fuerte, sin precio, sin cartel ni góndola, sin vaso ni accesorio. Una unidad suelta (no pack). Etiqueta legible con la capacidad y el envase. Mínimo 2000x2000 px, JPG o PNG.","Que el local tenga el producto en góndola (stock real). Si no lo vende, no fotografiar: queda pendiente.",
P2 (sin fuente autorizada para la marca),amargo-obrero-19-botella-950ml,Amargo Obrero,Amargo Obrero 19°,19° · 950 ml · botella · 1 unidad,Aperitivos,"frente completo, etiqueta legible",amargo-obrero-19-botella-950ml__front.jpg,"Fondo blanco mate, luz pareja, cámara perpendicular a la etiqueta. Producto entero, centrado, tapa y base visibles. Sin manos, sin reflejo fuerte, sin precio, sin cartel ni góndola, sin vaso ni accesorio. Una unidad suelta (no pack). Etiqueta legible con la capacidad y el envase. Mínimo 2000x2000 px, JPG o PNG.","Que el local tenga el producto en góndola (stock real). Si no lo vende, no fotografiar: queda pendiente.",
"P1 (ya hay candidata descartada o dudosa, mejor foto propia)",dr-lemon-red-berries-5-lata-473ml,Dr. Lemon,Dr. Lemon Red Berries 5%,Red Berries 5% · 473 ml · lata · 1 unidad,Aperitivos,"frente completo, etiqueta legible",dr-lemon-red-berries-5-lata-473ml__front.jpg,"Fondo blanco mate, luz pareja, cámara perpendicular a la etiqueta. Producto entero, centrado, tapa y base visibles. Sin manos, sin reflejo fuerte, sin precio, sin cartel ni góndola, sin vaso ni accesorio. Una unidad suelta (no pack). Etiqueta legible con la capacidad y el envase. Mínimo 2000x2000 px, JPG o PNG.","Que el local tenga el producto en góndola (stock real). Si no lo vende, no fotografiar: queda pendiente.",
"P1 (ya hay candidata descartada o dudosa, mejor foto propia)",dr-lemon-limon-botella-1000ml,Dr. Lemon,Dr. Lemon Limón,Limón · 1000 ml · botella · 1 unidad,Aperitivos,"frente completo, etiqueta legible",dr-lemon-limon-botella-1000ml__front.jpg,"Fondo blanco mate, luz pareja, cámara perpendicular a la etiqueta. Producto entero, centrado, tapa y base visibles. Sin manos, sin reflejo fuerte, sin precio, sin cartel ni góndola, sin vaso ni accesorio. Una unidad suelta (no pack). Etiqueta legible con la capacidad y el envase. Mínimo 2000x2000 px, JPG o PNG.","Que el local tenga el producto en góndola (stock real). Si no lo vende, no fotografiar: queda pendiente.",
"P1 (ya hay candidata descartada o dudosa, mejor foto propia)",gancia-lima-limon-hibiscus-lata-473ml,Gancia,Gancia Lima limón Hibiscus,Lima limón Hibiscus · 473 ml · lata · 1 unidad,Aperitivos,"frente completo, etiqueta legible",gancia-lima-limon-hibiscus-lata-473ml__front.jpg,"Fondo blanco mate, luz pareja, cámara perpendicular a la etiqueta. Producto entero, centrado, tapa y base visibles. Sin manos, sin reflejo fuerte, sin precio, sin cartel ni góndola, sin vaso ni accesorio. Una unidad suelta (no pack). Etiqueta legible con la capacidad y el envase. Mínimo 2000x2000 px, JPG o PNG.","Que el local tenga el producto en góndola (stock real). Si no lo vende, no fotografiar: queda pendiente.",Par Gancia Hibiscus: el EAN de «Gancia Hibiscus Vodka Spritz 473» es 7790950144826 en varias cadenas. No apareció ningún producto «Lima Limón Hibiscus». Pendiente hasta demostrar si es el mismo producto
"P1 (ya hay candidata descartada o dudosa, mejor foto propia)",dr-lemon-vodka-original-botella-1000ml,Dr. Lemon,Dr. Lemon Vodka Original,Vodka Original · 1000 ml · botella · 1 unidad,Aperitivos,"frente completo, etiqueta legible",dr-lemon-vodka-original-botella-1000ml__front.jpg,"Fondo blanco mate, luz pareja, cámara perpendicular a la etiqueta. Producto entero, centrado, tapa y base visibles. Sin manos, sin reflejo fuerte, sin precio, sin cartel ni góndola, sin vaso ni accesorio. Una unidad suelta (no pack). Etiqueta legible con la capacidad y el envase. Mínimo 2000x2000 px, JPG o PNG.","Que el local tenga el producto en góndola (stock real). Si no lo vende, no fotografiar: queda pendiente.",
P2 (sin fuente autorizada para la marca),shake-pronto-original-lata-473ml,Shake Pronto,Shake Pronto Original,Original · 473 ml · lata · 1 unidad,Aperitivos,"frente completo, etiqueta legible",shake-pronto-original-lata-473ml__front.jpg,"Fondo blanco mate, luz pareja, cámara perpendicular a la etiqueta. Producto entero, centrado, tapa y base visibles. Sin manos, sin reflejo fuerte, sin precio, sin cartel ni góndola, sin vaso ni accesorio. Una unidad suelta (no pack). Etiqueta legible con la capacidad y el envase. Mínimo 2000x2000 px, JPG o PNG.","Que el local tenga el producto en góndola (stock real). Si no lo vende, no fotografiar: queda pendiente.",Marca y graduación a confirmar
"P1 (ya hay candidata descartada o dudosa, mejor foto propia)",gancia-vodka-hibiscus-lata-473ml,Gancia,Gancia Vodka Hibiscus,Vodka Hibiscus · 473 ml · lata · 1 unidad,Aperitivos,"frente completo, etiqueta legible",gancia-vodka-hibiscus-lata-473ml__front.jpg,"Fondo blanco mate, luz pareja, cámara perpendicular a la etiqueta. Producto entero, centrado, tapa y base visibles. Sin manos, sin reflejo fuerte, sin precio, sin cartel ni góndola, sin vaso ni accesorio. Una unidad suelta (no pack). Etiqueta legible con la capacidad y el envase. Mínimo 2000x2000 px, JPG o PNG.","Que el local tenga el producto en góndola (stock real). Si no lo vende, no fotografiar: queda pendiente.",Par Gancia Hibiscus: EAN 7790950144826 (Vodka Spritz Hibiscus 473 cc). Pendiente hasta demostrar si es el mismo producto que «Lima Limón Hibiscus»
P2 (sin fuente autorizada para la marca),smirnoff-ice-green-apple-lata-473ml,Smirnoff,Smirnoff Ice Green Apple,Ice Green Apple · 473 ml · lata · 1 unidad,Aperitivos,"frente completo, etiqueta legible",smirnoff-ice-green-apple-lata-473ml__front.jpg,"Fondo blanco mate, luz pareja, cámara perpendicular a la etiqueta. Producto entero, centrado, tapa y base visibles. Sin manos, sin reflejo fuerte, sin precio, sin cartel ni góndola, sin vaso ni accesorio. Una unidad suelta (no pack). Etiqueta legible con la capacidad y el envase. Mínimo 2000x2000 px, JPG o PNG.","Que el local tenga el producto en góndola (stock real). Si no lo vende, no fotografiar: queda pendiente.",
"P1 (ya hay candidata descartada o dudosa, mejor foto propia)",dr-lemon-green-apple-lata-473ml,Dr. Lemon,Dr. Lemon Green Apple,Green Apple · 473 ml · lata · 1 unidad,Aperitivos,"frente completo, etiqueta legible",dr-lemon-green-apple-lata-473ml__front.jpg,"Fondo blanco mate, luz pareja, cámara perpendicular a la etiqueta. Producto entero, centrado, tapa y base visibles. Sin manos, sin reflejo fuerte, sin precio, sin cartel ni góndola, sin vaso ni accesorio. Una unidad suelta (no pack). Etiqueta legible con la capacidad y el envase. Mínimo 2000x2000 px, JPG o PNG.","Que el local tenga el producto en góndola (stock real). Si no lo vende, no fotografiar: queda pendiente.",
"P1 (ya hay candidata descartada o dudosa, mejor foto propia)",dr-lemon-mojito-lata-473ml,Dr. Lemon,Dr. Lemon Mojito,Mojito · 473 ml · lata · 1 unidad,Aperitivos,"frente completo, etiqueta legible",dr-lemon-mojito-lata-473ml__front.jpg,"Fondo blanco mate, luz pareja, cámara perpendicular a la etiqueta. Producto entero, centrado, tapa y base visibles. Sin manos, sin reflejo fuerte, sin precio, sin cartel ni góndola, sin vaso ni accesorio. Una unidad suelta (no pack). Etiqueta legible con la capacidad y el envase. Mínimo 2000x2000 px, JPG o PNG.","Que el local tenga el producto en góndola (stock real). Si no lo vende, no fotografiar: queda pendiente.",
P2 (sin fuente autorizada para la marca),emilia-cocktail-sangria-botella-750ml,Emilia,Emilia Cocktail Sangría,Cocktail Sangría · 750 ml · botella · 1 unidad,Aperitivos,"frente completo, etiqueta legible",emilia-cocktail-sangria-botella-750ml__front.jpg,"Fondo blanco mate, luz pareja, cámara perpendicular a la etiqueta. Producto entero, centrado, tapa y base visibles. Sin manos, sin reflejo fuerte, sin precio, sin cartel ni góndola, sin vaso ni accesorio. Una unidad suelta (no pack). Etiqueta legible con la capacidad y el envase. Mínimo 2000x2000 px, JPG o PNG.","Que el local tenga el producto en góndola (stock real). Si no lo vende, no fotografiar: queda pendiente.",
P2 (sin fuente autorizada para la marca),tinti-de-verano-lata-473ml,Tinti,Tinti de Verano,de Verano · 473 ml · lata · 1 unidad,Aperitivos,"frente completo, etiqueta legible",tinti-de-verano-lata-473ml__front.jpg,"Fondo blanco mate, luz pareja, cámara perpendicular a la etiqueta. Producto entero, centrado, tapa y base visibles. Sin manos, sin reflejo fuerte, sin precio, sin cartel ni góndola, sin vaso ni accesorio. Una unidad suelta (no pack). Etiqueta legible con la capacidad y el envase. Mínimo 2000x2000 px, JPG o PNG.","Que el local tenga el producto en góndola (stock real). Si no lo vende, no fotografiar: queda pendiente.",Marca y graduación a confirmar
P2 (sin fuente autorizada para la marca),sernova-wild-berries-botella-700ml,Sernova,Sernova Wild Berries,Wild Berries · 700 ml · botella · 1 unidad,Destilados,"frente completo, etiqueta legible",sernova-wild-berries-botella-700ml__front.jpg,"Fondo blanco mate, luz pareja, cámara perpendicular a la etiqueta. Producto entero, centrado, tapa y base visibles. Sin manos, sin reflejo fuerte, sin precio, sin cartel ni góndola, sin vaso ni accesorio. Una unidad suelta (no pack). Etiqueta legible con la capacidad y el envase. Mínimo 2000x2000 px, JPG o PNG.","Que el local tenga el producto en góndola (stock real). Si no lo vende, no fotografiar: queda pendiente.",
P2 (sin fuente autorizada para la marca),sernova-candy-glow-botella-700ml,Sernova,Sernova Candy Glow,Candy Glow · 700 ml · botella · 1 unidad,Destilados,"frente completo, etiqueta legible",sernova-candy-glow-botella-700ml__front.jpg,"Fondo blanco mate, luz pareja, cámara perpendicular a la etiqueta. Producto entero, centrado, tapa y base visibles. Sin manos, sin reflejo fuerte, sin precio, sin cartel ni góndola, sin vaso ni accesorio. Una unidad suelta (no pack). Etiqueta legible con la capacidad y el envase. Mínimo 2000x2000 px, JPG o PNG.","Que el local tenga el producto en góndola (stock real). Si no lo vende, no fotografiar: queda pendiente.",
P2 (sin fuente autorizada para la marca),sernova-ice-pop-botella-700ml,Sernova,Sernova Ice Pop,Ice Pop · 700 ml · botella · 1 unidad,Destilados,"frente completo, etiqueta legible",sernova-ice-pop-botella-700ml__front.jpg,"Fondo blanco mate, luz pareja, cámara perpendicular a la etiqueta. Producto entero, centrado, tapa y base visibles. Sin manos, sin reflejo fuerte, sin precio, sin cartel ni góndola, sin vaso ni accesorio. Una unidad suelta (no pack). Etiqueta legible con la capacidad y el envase. Mínimo 2000x2000 px, JPG o PNG.","Que el local tenga el producto en góndola (stock real). Si no lo vende, no fotografiar: queda pendiente.",
P2 (sin fuente autorizada para la marca),sernova-clasico-botella-700ml,Sernova,Sernova Clásico,Clásico · 700 ml · botella · 1 unidad,Destilados,"frente completo, etiqueta legible",sernova-clasico-botella-700ml__front.jpg,"Fondo blanco mate, luz pareja, cámara perpendicular a la etiqueta. Producto entero, centrado, tapa y base visibles. Sin manos, sin reflejo fuerte, sin precio, sin cartel ni góndola, sin vaso ni accesorio. Una unidad suelta (no pack). Etiqueta legible con la capacidad y el envase. Mínimo 2000x2000 px, JPG o PNG.","Que el local tenga el producto en góndola (stock real). Si no lo vende, no fotografiar: queda pendiente.",
P2 (sin fuente autorizada para la marca),absolut-raspberri-botella-700ml,Absolut,Absolut Raspberri,Raspberri · 700 ml · botella · 1 unidad,Destilados,"frente completo, etiqueta legible",absolut-raspberri-botella-700ml__front.jpg,"Fondo blanco mate, luz pareja, cámara perpendicular a la etiqueta. Producto entero, centrado, tapa y base visibles. Sin manos, sin reflejo fuerte, sin precio, sin cartel ni góndola, sin vaso ni accesorio. Una unidad suelta (no pack). Etiqueta legible con la capacidad y el envase. Mínimo 2000x2000 px, JPG o PNG.","Que el local tenga el producto en góndola (stock real). Si no lo vende, no fotografiar: queda pendiente.",
P2 (sin fuente autorizada para la marca),jack-daniel-s-tennessee-honey-botella-700ml,Jack Daniel's,Jack Daniel's Tennessee Honey,Tennessee Honey · 700 ml · botella · 1 unidad,Destilados,"frente completo, etiqueta legible",jack-daniel-s-tennessee-honey-botella-700ml__front.jpg,"Fondo blanco mate, luz pareja, cámara perpendicular a la etiqueta. Producto entero, centrado, tapa y base visibles. Sin manos, sin reflejo fuerte, sin precio, sin cartel ni góndola, sin vaso ni accesorio. Una unidad suelta (no pack). Etiqueta legible con la capacidad y el envase. Mínimo 2000x2000 px, JPG o PNG.","Que el local tenga el producto en góndola (stock real). Si no lo vende, no fotografiar: queda pendiente.",
P2 (sin fuente autorizada para la marca),jack-daniel-s-tennessee-fire-botella-700ml,Jack Daniel's,Jack Daniel's Tennessee Fire,Tennessee Fire · 700 ml · botella · 1 unidad,Destilados,"frente completo, etiqueta legible",jack-daniel-s-tennessee-fire-botella-700ml__front.jpg,"Fondo blanco mate, luz pareja, cámara perpendicular a la etiqueta. Producto entero, centrado, tapa y base visibles. Sin manos, sin reflejo fuerte, sin precio, sin cartel ni góndola, sin vaso ni accesorio. Una unidad suelta (no pack). Etiqueta legible con la capacidad y el envase. Mínimo 2000x2000 px, JPG o PNG.","Que el local tenga el producto en góndola (stock real). Si no lo vende, no fotografiar: queda pendiente.",
P2 (sin fuente autorizada para la marca),merle-london-dry-botella-750ml,Merle,Merle London Dry,London Dry · 750 ml · botella · 1 unidad,Destilados,"frente completo, etiqueta legible",merle-london-dry-botella-750ml__front.jpg,"Fondo blanco mate, luz pareja, cámara perpendicular a la etiqueta. Producto entero, centrado, tapa y base visibles. Sin manos, sin reflejo fuerte, sin precio, sin cartel ni góndola, sin vaso ni accesorio. Una unidad suelta (no pack). Etiqueta legible con la capacidad y el envase. Mínimo 2000x2000 px, JPG o PNG.","Que el local tenga el producto en góndola (stock real). Si no lo vende, no fotografiar: queda pendiente.",
P2 (sin fuente autorizada para la marca),merle-pink-botella-750ml,Merle,Merle Pink,Pink · 750 ml · botella · 1 unidad,Destilados,"frente completo, etiqueta legible",merle-pink-botella-750ml__front.jpg,"Fondo blanco mate, luz pareja, cámara perpendicular a la etiqueta. Producto entero, centrado, tapa y base visibles. Sin manos, sin reflejo fuerte, sin precio, sin cartel ni góndola, sin vaso ni accesorio. Una unidad suelta (no pack). Etiqueta legible con la capacidad y el envase. Mínimo 2000x2000 px, JPG o PNG.","Que el local tenga el producto en góndola (stock real). Si no lo vende, no fotografiar: queda pendiente.",
P2 (sin fuente autorizada para la marca),heredero-pink-botella-700ml,Heredero,Heredero Pink,Pink · 700 ml · botella · 1 unidad,Destilados,"frente completo, etiqueta legible",heredero-pink-botella-700ml__front.jpg,"Fondo blanco mate, luz pareja, cámara perpendicular a la etiqueta. Producto entero, centrado, tapa y base visibles. Sin manos, sin reflejo fuerte, sin precio, sin cartel ni góndola, sin vaso ni accesorio. Una unidad suelta (no pack). Etiqueta legible con la capacidad y el envase. Mínimo 2000x2000 px, JPG o PNG.","Que el local tenga el producto en góndola (stock real). Si no lo vende, no fotografiar: queda pendiente.",
P2 (sin fuente autorizada para la marca),heredero-premium-botella-700ml,Heredero,Heredero Premium,Premium · 700 ml · botella · 1 unidad,Destilados,"frente completo, etiqueta legible",heredero-premium-botella-700ml__front.jpg,"Fondo blanco mate, luz pareja, cámara perpendicular a la etiqueta. Producto entero, centrado, tapa y base visibles. Sin manos, sin reflejo fuerte, sin precio, sin cartel ni góndola, sin vaso ni accesorio. Una unidad suelta (no pack). Etiqueta legible con la capacidad y el envase. Mínimo 2000x2000 px, JPG o PNG.","Que el local tenga el producto en góndola (stock real). Si no lo vende, no fotografiar: queda pendiente.",
P2 (sin fuente autorizada para la marca),brighton-original-botella-700ml,Brighton,Brighton Original,Original · 700 ml · botella · 1 unidad,Destilados,"frente completo, etiqueta legible",brighton-original-botella-700ml__front.jpg,"Fondo blanco mate, luz pareja, cámara perpendicular a la etiqueta. Producto entero, centrado, tapa y base visibles. Sin manos, sin reflejo fuerte, sin precio, sin cartel ni góndola, sin vaso ni accesorio. Una unidad suelta (no pack). Etiqueta legible con la capacidad y el envase. Mínimo 2000x2000 px, JPG o PNG.","Que el local tenga el producto en góndola (stock real). Si no lo vende, no fotografiar: queda pendiente.",
P2 (sin fuente autorizada para la marca),malibu-original-botella-750ml,Malibu,Malibu Original,Original · 750 ml · botella · 1 unidad,Destilados,"frente completo, etiqueta legible",malibu-original-botella-750ml__front.jpg,"Fondo blanco mate, luz pareja, cámara perpendicular a la etiqueta. Producto entero, centrado, tapa y base visibles. Sin manos, sin reflejo fuerte, sin precio, sin cartel ni góndola, sin vaso ni accesorio. Una unidad suelta (no pack). Etiqueta legible con la capacidad y el envase. Mínimo 2000x2000 px, JPG o PNG.","Que el local tenga el producto en góndola (stock real). Si no lo vende, no fotografiar: queda pendiente.",
P2 (sin fuente autorizada para la marca),julia-dulce-natural-botella-750ml,Julia,Julia Dulce Natural,Dulce Natural · 750 ml · botella · 1 unidad,Espumantes,"frente completo, etiqueta legible",julia-dulce-natural-botella-750ml__front.jpg,"Fondo blanco mate, luz pareja, cámara perpendicular a la etiqueta. Producto entero, centrado, tapa y base visibles. Sin manos, sin reflejo fuerte, sin precio, sin cartel ni góndola, sin vaso ni accesorio. Una unidad suelta (no pack). Etiqueta legible con la capacidad y el envase. Mínimo 2000x2000 px, JPG o PNG.","Que el local tenga el producto en góndola (stock real). Si no lo vende, no fotografiar: queda pendiente.",
P2 (sin fuente autorizada para la marca),mumm-extra-brut-cuvee-lata-269ml,Mumm,Mumm Extra Brut Cuvée,Extra Brut Cuvée · 269 ml · lata · 1 unidad,Espumantes,"frente completo, etiqueta legible",mumm-extra-brut-cuvee-lata-269ml__front.jpg,"Fondo blanco mate, luz pareja, cámara perpendicular a la etiqueta. Producto entero, centrado, tapa y base visibles. Sin manos, sin reflejo fuerte, sin precio, sin cartel ni góndola, sin vaso ni accesorio. Una unidad suelta (no pack). Etiqueta legible con la capacidad y el envase. Mínimo 2000x2000 px, JPG o PNG.","Que el local tenga el producto en góndola (stock real). Si no lo vende, no fotografiar: queda pendiente.",
P2 (sin fuente autorizada para la marca),la-linda-extra-brut-botella-750ml,La Linda,La Linda Extra Brut,Extra Brut · 750 ml · botella · 1 unidad,Espumantes,"frente completo, etiqueta legible",la-linda-extra-brut-botella-750ml__front.jpg,"Fondo blanco mate, luz pareja, cámara perpendicular a la etiqueta. Producto entero, centrado, tapa y base visibles. Sin manos, sin reflejo fuerte, sin precio, sin cartel ni góndola, sin vaso ni accesorio. Una unidad suelta (no pack). Etiqueta legible con la capacidad y el envase. Mínimo 2000x2000 px, JPG o PNG.","Que el local tenga el producto en góndola (stock real). Si no lo vende, no fotografiar: queda pendiente.",
P2 (sin fuente autorizada para la marca),luigi-bosca-brut-nature-botella-750ml,Luigi Bosca,Luigi Bosca Brut Nature,Brut Nature · 750 ml · botella · 1 unidad,Espumantes,"frente completo, etiqueta legible",luigi-bosca-brut-nature-botella-750ml__front.jpg,"Fondo blanco mate, luz pareja, cámara perpendicular a la etiqueta. Producto entero, centrado, tapa y base visibles. Sin manos, sin reflejo fuerte, sin precio, sin cartel ni góndola, sin vaso ni accesorio. Una unidad suelta (no pack). Etiqueta legible con la capacidad y el envase. Mínimo 2000x2000 px, JPG o PNG.","Que el local tenga el producto en góndola (stock real). Si no lo vende, no fotografiar: queda pendiente.",
P2 (sin fuente autorizada para la marca),nieto-senetiner-extra-brut-0-0-botella-750ml,Nieto Senetiner,Nieto Senetiner Extra Brut 0.0,Extra Brut 0.0 · 750 ml · botella · 1 unidad,Espumantes,"frente completo, etiqueta legible",nieto-senetiner-extra-brut-0-0-botella-750ml__front.jpg,"Fondo blanco mate, luz pareja, cámara perpendicular a la etiqueta. Producto entero, centrado, tapa y base visibles. Sin manos, sin reflejo fuerte, sin precio, sin cartel ni góndola, sin vaso ni accesorio. Una unidad suelta (no pack). Etiqueta legible con la capacidad y el envase. Mínimo 2000x2000 px, JPG o PNG.","Que el local tenga el producto en góndola (stock real). Si no lo vende, no fotografiar: queda pendiente.",Rótulo 0.0: el validador exige alcohol en Espumantes; decisión comercial
P2 (sin fuente autorizada para la marca),luigi-bosca-extra-brut-botella-750ml,Luigi Bosca,Luigi Bosca Extra Brut,Extra Brut · 750 ml · botella · 1 unidad,Espumantes,"frente completo, etiqueta legible",luigi-bosca-extra-brut-botella-750ml__front.jpg,"Fondo blanco mate, luz pareja, cámara perpendicular a la etiqueta. Producto entero, centrado, tapa y base visibles. Sin manos, sin reflejo fuerte, sin precio, sin cartel ni góndola, sin vaso ni accesorio. Una unidad suelta (no pack). Etiqueta legible con la capacidad y el envase. Mínimo 2000x2000 px, JPG o PNG.","Que el local tenga el producto en góndola (stock real). Si no lo vende, no fotografiar: queda pendiente.",
