product_name,brand,variant,presentation,capacity,pack_count,category,source_url,image_source_url,source_domain,source_title,source_type,retrieved_at,commercial_status,identity_status,rights_status,notes,sha256
"Sprite","Sprite","Sin azúcar","Botella PET · 600 ml · Unidad","600","1","gaseosas","https://www.jumbo.com.ar/gaseosa-zero-lima-limon-600-ml-sprite/p","https://jumboargentina.vtexassets.com/arquivos/ids/881688/Gaseosa-Zero-Lima-Lim-n-600-Ml-Sprite-2-1040313.jpg?v=638919057897470000","jumbo.com.ar","Gaseosa Zero Sabor Lima Limón 600 Ml Sprite - Jumbo","cadena_comercial_secundaria","2026-08-02T20:05:26.934Z","identity_verified_price_pending","approved","pending_review","Identidad y packshot revisados contra ficha de cadena comercial. Derechos de publicación pendientes; precio pendiente por diseño; no comprable.","d059b3d12169848587a8772c2c7a88ea67fe63facf2181532c3d9a5c5daf2828"
"Fanta Naranja","Fanta","Naranja","Botella PET · 2,25 L · Unidad","2250","1","gaseosas","https://www.jumbo.com.ar/gaseosa-naranja-2-25-lts-fanta/p","https://jumboargentina.vtexassets.com/arquivos/ids/893206/Gaseosa-Naranja-2-25-Lts-Fanta-2-248227.jpg?v=639009777706070000","jumbo.com.ar","Gaseosa Sabor Naranja 2,25 Lts Fanta - Jumbo","cadena_comercial_secundaria","2026-08-02T20:05:26.934Z","identity_verified_price_pending","approved","pending_review","Identidad y packshot revisados contra ficha de cadena comercial. Derechos de publicación pendientes; precio pendiente por diseño; no comprable.","b2540cb81b9d77dddceb4824c307b23542e98036411a445a21630f5d687254fc"
"Pepsi Black","Pepsi","Sin azúcar","Botella PET · 1,5 L · Unidad","1500","1","gaseosas","https://www.jumbo.com.ar/gaseosa-pepsi-black-1-5lt/p","https://jumboargentina.vtexassets.com/arquivos/ids/907119/Gaseosa-Pepsi-Black-1-5lt-1-237512.jpg?v=639124043883700000","jumbo.com.ar","Gaseosa Cola Black Sin Azúcar 1.5 Lts Pepsi - Jumbo","cadena_comercial_secundaria","2026-08-02T20:05:26.934Z","identity_verified_price_pending","approved","pending_review","Identidad y packshot revisados contra ficha de cadena comercial. Derechos de publicación pendientes; precio pendiente por diseño; no comprable.","3bb830d4ae94b5861b0ec93da7f3a567bc188afb957188ec43ff45633e286175"
"Schweppes Pomelo","Schweppes","Sin azúcar","Botella PET · 2,25 L · Unidad","2250","1","mixers","https://www.jumbo.com.ar/gaseosa-schweppes-pomelo-zero-2-25lt/p","https://jumboargentina.vtexassets.com/arquivos/ids/795703/Gaseosa-Schweppes-Pomelo-Sin-Az-cares-Bot-2-25-L-Gaseosa-Schweppes-Sin-Az-car-Pomelo-2l-2-17444.jpg?v=638312637649830000","jumbo.com.ar","Gaseosa Sin Azúcar Sabor Pomelo 2.25 Lts Schweppes - Jumbo","cadena_comercial_secundaria","2026-08-02T20:05:26.934Z","identity_verified_price_pending","approved","pending_review","Identidad y packshot revisados contra ficha de cadena comercial. Derechos de publicación pendientes; precio pendiente por diseño; no comprable.","567376cc630171200601b285123a6dc77ca579ff6e4b1c60723b1e96be81a473"
"Schweppes Ginger Ale","Schweppes","Ginger ale","Lata · 310 ml · Unidad","310","1","mixers","https://www.jumbo.com.ar/gaseosa-ginger-ale-310-ml-schweppes/p","https://jumboargentina.vtexassets.com/arquivos/ids/881660/Gaseosa-Schweppes-Ginger-Ale-310-Cc-2-1011093.jpg?v=638919057777500000","jumbo.com.ar","Gaseosa Ginger Ale 310 Ml Schweppes - Jumbo","cadena_comercial_secundaria","2026-08-02T20:05:26.934Z","identity_verified_price_pending","approved","pending_review","Identidad y packshot revisados contra ficha de cadena comercial. Derechos de publicación pendientes; precio pendiente por diseño; no comprable.","66085b2c2b19538179dd535458121eab832af419f931a5c7a993bc95cf0d6ea5"
"Paso de los Toros Pomelo","Paso de los Toros","Pomelo","Botella PET · 1,5 L · Unidad","1500","1","mixers","https://www.jumbo.com.ar/gaseosa-paso-de-los-toros-pomelo-botella-1-5ltx1/p","https://jumboargentina.vtexassets.com/arquivos/ids/907124/Gaseosa-Paso-De-Los-Toros-Pomelo-Botella-1-5ltx1-1-248189.jpg?v=639124043903800000","jumbo.com.ar","Gaseosa Sabor Pomelo 1.5 Lts Paso de los Toros - Jumbo","cadena_comercial_secundaria","2026-08-02T20:05:26.934Z","identity_verified_price_pending","approved","pending_review","Identidad y packshot revisados contra ficha de cadena comercial. Derechos de publicación pendientes; precio pendiente por diseño; no comprable.","b03dc8c1df125a5ef02cd32f9b0f731c054f249c5c9769302e8e1878742f352c"
"Paso de los Toros Tónica","Paso de los Toros","Tónica","Botella PET · 1,5 L · Unidad","1500","1","mixers","https://www.jumbo.com.ar/gaseosa-paso-de-los-toros-tonica-botella-1-5ltx1/p","https://jumboargentina.vtexassets.com/arquivos/ids/907118/Gaseosa-Paso-De-Los-Toros-T-nica-Botella-1-5ltx1-1-17223.jpg?v=639124043880030000","jumbo.com.ar","Gaseosa Agua Tónica 1.5 Lts Paso de los Toros - Jumbo","cadena_comercial_secundaria","2026-08-02T20:05:26.934Z","identity_verified_price_pending","approved","pending_review","Identidad y packshot revisados contra ficha de cadena comercial. Derechos de publicación pendientes; precio pendiente por diseño; no comprable.","95e01fc6555de50588d4d58e17664f45285b7e8ec4a15852c57db6450c0d4754"
"Soda Ivess","Ivess","Soda","Sifón · 1,5 L · Unidad","1500","1","mixers","https://www.jumbo.com.ar/soda-ivess-1-5-l/p","https://jumboargentina.vtexassets.com/arquivos/ids/414473/Sada-Ivess-15-L-1-240495.jpg?v=636442100707630000","jumbo.com.ar","SODA IVESS 1,5 L - Jumbo","cadena_comercial_secundaria","2026-08-02T20:05:26.934Z","identity_verified_price_pending","approved","pending_review","Identidad y packshot revisados contra ficha de cadena comercial. Derechos de publicación pendientes; precio pendiente por diseño; no comprable.","ed015022ab4bd24bc2610ab8e1c23707956a2582f405ed84bdcbc78d3d21d64b"
"Britvic Ginger Beer","Britvic","Ginger beer","Botella · 200 ml · Unidad","200","1","mixers","https://www.jumbo.com.ar/bebida-ginger-beer-britvic-botella-200-ml/p","https://jumboargentina.vtexassets.com/arquivos/ids/602421/Bebida-Ginger-Beer-Britvic-200-1-849372.jpg?v=637354354652300000","jumbo.com.ar","Gaseosa Sabor Ginger Beer 200 Ml Britvic - Jumbo","cadena_comercial_secundaria","2026-08-02T20:05:26.934Z","identity_verified_price_pending","approved","pending_review","Identidad y packshot revisados contra ficha de cadena comercial. Derechos de publicación pendientes; precio pendiente por diseño; no comprable.","b7aae02313f29a838d861e1253bc9dbec5048b62bb94d3b575f8ef30e44792d3"
"Villavicencio","Villavicencio","Sin gas","Botella PET · 500 ml · Unidad","500","1","aguas","https://www.jumbo.com.ar/agua-sin-gas-villavicencio-500-ml/p","https://jumboargentina.vtexassets.com/arquivos/ids/795828/Agua-Villavicencio-Sin-Gas-500cc-1-997464.jpg?v=638313501973800000","jumbo.com.ar","Agua Mineral Sin Gas 500 Ml Villavicencio - Jumbo","cadena_comercial_secundaria","2026-08-02T20:05:26.934Z","identity_verified_price_pending","approved","pending_review","Identidad y packshot revisados contra ficha de cadena comercial. Derechos de publicación pendientes; precio pendiente por diseño; no comprable.","85446b91105baa90e2bc83862738e17c164ec8307198fb916a6e4e0494bc651a"
"Eco de los Andes","Eco de los Andes","Sin gas","Botella PET · 2 L · Unidad","2000","1","aguas","https://www.jumbo.com.ar/agua-mineral-eco-de-los-andes-sin-gas-2-l/p","https://jumboargentina.vtexassets.com/arquivos/ids/816033/Agua-Mineral-Eco-De-Los-Andes-Sin-Gas-2-L-1-239957.jpg?v=638467190629970000","jumbo.com.ar","Agua Mineral Sin Gas 2 Lts Eco de los Andes - Jumbo","cadena_comercial_secundaria","2026-08-02T20:05:26.934Z","identity_verified_price_pending","approved","pending_review","Identidad y packshot revisados contra ficha de cadena comercial. Derechos de publicación pendientes; precio pendiente por diseño; no comprable.","7d072c2670ec39cce11e6e39b0b17b50775d24b331f68d5679f83f2d38b5b598"
"Glaciar","Glaciar","Sin gas, baja en sodio","Botella PET · 1,5 L · Unidad","1500","1","aguas","https://www.jumbo.com.ar/agua-mineral-glaciar-sin-gas-bajo-sodio-1-5-l/p","https://jumboargentina.vtexassets.com/arquivos/ids/893692/Agua-Mineral-Glaciar-Sin-Gas-Bajo-Sodio-1-5-L-1-237511.jpg?v=639014961662370000","jumbo.com.ar","Agua Mineral sin Gas Bajo Sodio 1.5 Lts Glaciar - Jumbo","cadena_comercial_secundaria","2026-08-02T20:05:26.934Z","identity_verified_price_pending","approved","pending_review","Identidad y packshot revisados contra ficha de cadena comercial. Derechos de publicación pendientes; precio pendiente por diseño; no comprable.","516b58e9b27b2368c4ea47c9b809172584cae2a73047e8ce7f5f6ee9c9704f86"
"Glaciar","Glaciar","Con gas, baja en sodio","Botella PET · 1,5 L · Unidad","1500","1","aguas","https://www.jumbo.com.ar/agua-baja-en-sodio-glaciar-con-gas-1-5-l/p","https://jumboargentina.vtexassets.com/arquivos/ids/545287/Agua-Baja-En-Sodio-Glaciar-Con-Gas-15-L-2-240110.jpg?v=639118581890070000","jumbo.com.ar","Agua con Gas Baja en Sodio 1.5 Lts Glaciar - Jumbo","cadena_comercial_secundaria","2026-08-02T20:05:26.934Z","identity_verified_price_pending","approved","pending_review","Identidad y packshot revisados contra ficha de cadena comercial. Derechos de publicación pendientes; precio pendiente por diseño; no comprable.","f25d2298c5969ab2709e75ad1e12605eed5e23522ae4d822ded6bece937361ac"
"H2OH!","H2OH!","Limón","Botella PET · 1,5 L · Unidad","1500","1","aguas-saborizadas","https://www.jumbo.com.ar/saborizada-limon-sin-gas-1-5-l-h2oh-2/p","https://jumboargentina.vtexassets.com/arquivos/ids/822564/Saborizada-H2oh-Lim-n-Sin-Gas-1-5lt-1-1007672.jpg?v=638508236846500000","jumbo.com.ar","Agua Saborizada Sin Gas Sabor Limón 1.5 Lts H2Oh - Jumbo","cadena_comercial_secundaria","2026-08-02T20:05:26.934Z","identity_verified_price_pending","approved","pending_review","Identidad y packshot revisados contra ficha de cadena comercial. Derechos de publicación pendientes; precio pendiente por diseño; no comprable.","95ba2b92e9115c116b367391fa2aea4521ef40fedbffec45980a17669df52a2e"
"Red Bull Energy Drink","Red Bull","Original","Lata · 355 ml · Unidad","355","1","energizantes","https://www.jumbo.com.ar/energizate-red-bull-energy-drink-355cc/p","https://jumboargentina.vtexassets.com/arquivos/ids/872053/Energizate-Red-Bull-Energy-Drink-355cc-1-828794.jpg?v=638854274005130000","jumbo.com.ar","Bebida Energizante Energy Drink 355 Cc Red Bull - Jumbo","cadena_comercial_secundaria","2026-08-02T20:05:26.934Z","identity_verified_price_pending","approved","pending_review","Identidad y packshot revisados contra ficha de cadena comercial. Derechos de publicación pendientes; precio pendiente por diseño; no comprable.","8a6412ad95bd27b27946d231fd64edc6d47c4c10edeed0dd1e0d4cf80138221e"
"Monster Mango Loco","Monster","Mango Loco","Lata · 473 ml · Unidad","473","1","energizantes","https://www.jumbo.com.ar/bebida-energizante-mango-loco-473-ml-monster/p","https://jumboargentina.vtexassets.com/arquivos/ids/917509/7798422620045-1.jpg?v=639161065797170000","jumbo.com.ar","Bebida Energizante Mango Loco Sabor Mango 473 Ml Monster - Jumbo","cadena_comercial_secundaria","2026-08-02T20:05:26.934Z","identity_verified_price_pending","approved","pending_review","Identidad y packshot revisados contra ficha de cadena comercial. Derechos de publicación pendientes; precio pendiente por diseño; no comprable.","4f741b4603f4e831a282a212d5794acc5f415132022292527a3ea1f8177b4030"
"Speed Zero","Speed","Sin azúcar","Lata · 473 ml · Unidad","473","1","energizantes","https://www.jumbo.com.ar/energizante-speed-zero-473-cc-2/p","https://jumboargentina.vtexassets.com/arquivos/ids/815448/Energizante-Speed-Zero-473-Cc-1-1010210.jpg?v=638464598405200000","jumbo.com.ar","Bebida Energizante Zero 473 Cc Speed - Jumbo","cadena_comercial_secundaria","2026-08-02T20:05:26.934Z","identity_verified_price_pending","approved","pending_review","Identidad y packshot revisados contra ficha de cadena comercial. Derechos de publicación pendientes; precio pendiente por diseño; no comprable.","05d42db5e99ca49cf8f8889434322b9bf6836dda9c5857d5a6ac4400a3a0cf41"
"Gatorade Zero","Gatorade","Fresa y kiwi","Botella PET · 400 ml · Unidad","400","1","isotonicas","https://www.jumbo.com.ar/isotonico-zero-fresa-kiwi-400-ml-gatorade/p","https://jumboargentina.vtexassets.com/arquivos/ids/899167/Isotonico-Zero-Fresa-Kiwi-400-Ml-Gatorade-Isotonico-Gatorade-Zero-Fresa-kiwi-400-Ml-1-1054866.jpg?v=639070476426700000","jumbo.com.ar","Bebida Isotónica Zero Sabor Fresa y Kiwi 400 Ml Gatorade - Jumbo","cadena_comercial_secundaria","2026-08-02T20:05:26.934Z","identity_verified_price_pending","approved","pending_review","Identidad y packshot revisados contra ficha de cadena comercial. Derechos de publicación pendientes; precio pendiente por diseño; no comprable.","45727244a85983841e328071ed25150fbdd1e190842443adb41ee3d0cb52ad70"
"Powerade","Powerade","Mountain Blast","Botella PET · 995 ml · Unidad","995","1","isotonicas","https://www.jumbo.com.ar/isotonico-powerade-mountain-blast-995cc/p","https://jumboargentina.vtexassets.com/arquivos/ids/895078/Isotonico-Powerade-Mountain-Blast-995cc-2-40615.jpg?v=639033969729500000","jumbo.com.ar","Bebida Isotónica Sabor Mountain Blast 995 Cc Powerade - Jumbo","cadena_comercial_secundaria","2026-08-02T20:05:26.934Z","identity_verified_price_pending","approved","pending_review","Identidad y packshot revisados contra ficha de cadena comercial. Derechos de publicación pendientes; precio pendiente por diseño; no comprable.","55e6a5de8bcd294291a121c4bceb6198b49fdafb90b910b5e102da136d344adb"
"Buhero Negro","Buhero","Original","Botella · 450 ml · Unidad","450","1","fernet","https://www.jumbo.com.ar/fernet-buhero-negro-450ml/p","https://jumboargentina.vtexassets.com/arquivos/ids/916034/Fernet-Buhero-Negro-450ml-1-1058701.jpg?v=639155145771100000","jumbo.com.ar","fernet BUHERO negro 450ml - Jumbo","cadena_comercial_secundaria","2026-08-02T20:05:26.934Z","identity_verified_price_pending","approved","pending_review","Identidad y packshot revisados contra ficha de cadena comercial. Derechos de publicación pendientes; precio pendiente por diseño; no comprable.","5a1576b1a7d71616d528f7eaed7772d53d42b13b4afa231cd83b51de42d6d62a"
"Cinzano Rosso","Cinzano","Rosso","Botella · 950 ml · Unidad","950","1","aperitivos","https://www.jumbo.com.ar/vermouth-cinzano-rosso-950-ml/p","https://jumboargentina.vtexassets.com/arquivos/ids/602984/Vermouth-Cinzano-Rosso-1-L-1-42317.jpg?v=637358232396730000","jumbo.com.ar","Aperitivo Sabor Rosso 950 Ml Cinzano - Jumbo","cadena_comercial_secundaria","2026-08-02T20:05:26.934Z","identity_verified_price_pending","approved","pending_review","Identidad y packshot revisados contra ficha de cadena comercial. Derechos de publicación pendientes; precio pendiente por diseño; no comprable.","17d7fa69204538d4bbf3c2ec673cbd6ee13ac3580d649d95db0f983e6c47473d"
"Campari Bitter","Campari","Bitter","Botella · 750 ml · Unidad","750","1","aperitivos","https://www.jumbo.com.ar/aperitivo-campari-bitter-750-cc/p","https://jumboargentina.vtexassets.com/arquivos/ids/829514/Aperitivo-Campari-Bitter-750-Cc-1-1020208.jpg?v=638582098978330000","jumbo.com.ar","Aperitivo Sabor Naranjas y Hierbas 750 Cc Campari - Jumbo","cadena_comercial_secundaria","2026-08-02T20:05:26.934Z","identity_verified_price_pending","approved","pending_review","Identidad y packshot revisados contra ficha de cadena comercial. Derechos de publicación pendientes; precio pendiente por diseño; no comprable.","3e5d28ccab3347ac2ce77e6c8d2ad9eb07017285a798bcdcf2fd60f4873901a4"
"Aperol","Aperol","Original","Botella · 750 ml · Unidad","750","1","aperitivos","https://www.jumbo.com.ar/aperitivo-aperol-750-ml/p","https://jumboargentina.vtexassets.com/arquivos/ids/602973/Aperitivo-Aperol-750-Ml-1-27617.jpg?v=637358232367930000","jumbo.com.ar","Aperitivo Sabor Hierbas 750 Ml Aperol - Jumbo","cadena_comercial_secundaria","2026-08-02T20:05:26.934Z","identity_verified_price_pending","approved","pending_review","Identidad y packshot revisados contra ficha de cadena comercial. Derechos de publicación pendientes; precio pendiente por diseño; no comprable.","79b4c6ad725573abc4ae1f20828e376b10949538b9fc76de0a6a34d8887cc76f"
"Quilmes Clásica","Quilmes","Lager","Lata · 710 ml · Unidad","710","1","cervezas","https://www.jumbo.com.ar/cerveza-quilmes-clasica-710cc/p","https://jumboargentina.vtexassets.com/arquivos/ids/907546/12440106102.jpg?v=639129031832400000","jumbo.com.ar","Cerveza Lager 710 Cc Quilmes - Jumbo","cadena_comercial_secundaria","2026-08-02T20:05:26.934Z","identity_verified_price_pending","approved","pending_review","Identidad y packshot revisados contra ficha de cadena comercial. Derechos de publicación pendientes; precio pendiente por diseño; no comprable.","dff4c3d2c9b1a85a7988f533495a1980bec94a5a600f231632adb5a6162c8f7c"
"Patagonia Lager del Sur","Patagonia","Lager","Botella · 730 ml · Unidad","730","1","cervezas","https://www.jumbo.com.ar/cerveza-patagonia-lager-del-sur-730cc-2/p","https://jumboargentina.vtexassets.com/arquivos/ids/907137/Cerveza-Patagonia-Lager-Del-Sur-730cc-1-1028502.jpg?v=639124043958000000","jumbo.com.ar","Cerveza Lager del Sur 730 Cc Patagonia - Jumbo","cadena_comercial_secundaria","2026-08-02T20:05:26.934Z","identity_verified_price_pending","approved","pending_review","Identidad y packshot revisados contra ficha de cadena comercial. Derechos de publicación pendientes; precio pendiente por diseño; no comprable.","534c31ed67673862596f9be92d960cdc27c6c8ccd32b2ede4511ce57e6a065b2"
"Heineken","Heineken","Lager","Lata · 710 ml · Unidad","710","1","cervezas","https://www.jumbo.com.ar/cerveza-heineken-rubia-710cc/p","https://jumboargentina.vtexassets.com/arquivos/ids/579473/Cerveza-Heineken-Premiun-710-Cc-1-781941.jpg?v=637215672769700000","jumbo.com.ar","Cerveza Rubia 710 Cc Heineken - Jumbo","cadena_comercial_secundaria","2026-08-02T20:05:26.934Z","identity_verified_price_pending","approved","pending_review","Identidad y packshot revisados contra ficha de cadena comercial. Derechos de publicación pendientes; precio pendiente por diseño; no comprable.","c94745725623d9e5708b20a6c3e8755749c92a52ad61d0bca022cf7752d74b2d"
"Stella Artois","Stella Artois","Sin alcohol","Botella · 330 ml · Unidad","330","1","cervezas","https://www.jumbo.com.ar/cerveza-stella-artois-sin-alcohol-330-ml/p","https://jumboargentina.vtexassets.com/arquivos/ids/890564/Cerveza-Stella-Artois-Sin-Alcohol-330-Ml-1-1011014.jpg?v=639123766326200000","jumbo.com.ar","Cerveza Rubia Sin Alcohol 330 Cc Stella Artois - Jumbo","cadena_comercial_secundaria","2026-08-02T20:05:26.934Z","identity_verified_price_pending","approved","pending_review","Identidad y packshot revisados contra ficha de cadena comercial. Derechos de publicación pendientes; precio pendiente por diseño; no comprable.","419b82de001ee9246e238084e96af2571c6ba3112937b8b597cc81ff7a494a42"
"Corona Extra","Corona","Lager","Botella · 330 ml · Unidad","330","1","cervezas","https://www.jumbo.com.ar/cerveza-rubia-330ml-corona-2/p","https://jumboargentina.vtexassets.com/arquivos/ids/890503/Cerveza-Rubia-330ml-Corona-1-23252.jpg?v=639140661868430000","jumbo.com.ar","Cerveza Rubia 330 Cc Corona - Jumbo","cadena_comercial_secundaria","2026-08-02T20:05:26.934Z","identity_verified_price_pending","approved","pending_review","Identidad y packshot revisados contra ficha de cadena comercial. Derechos de publicación pendientes; precio pendiente por diseño; no comprable.","edc4976eb3b1567afcf5cb00a5b16a9d651fec0bd2381f05efc4ed7f0d2b2d16"
"Imperial Golden","Imperial","Golden","Lata · 473 ml · Unidad","473","1","cervezas","https://www.jumbo.com.ar/cerveza-imperial-golden-473cc/p","https://jumboargentina.vtexassets.com/arquivos/ids/891202/7793147571689.jpg?v=638996950720870000","jumbo.com.ar","Cerveza Golden 473 Cc Imperial - Jumbo","cadena_comercial_secundaria","2026-08-02T20:05:26.934Z","identity_verified_price_pending","approved","pending_review","Identidad y packshot revisados contra ficha de cadena comercial. Derechos de publicación pendientes; precio pendiente por diseño; no comprable.","5ca04c5fdf439ea9469c9c5145219fbc2538a2a70b91e2002076ae0fe57802c2"
"Brahma Chopp","Brahma","Rubia","Botella retornable · 1 L · Unidad","1000","1","cervezas","https://www.jumbo.com.ar/cerveza-brahma-chopp-rubia-1lt-ret/p","https://jumboargentina.vtexassets.com/arquivos/ids/890499/Cerveza-Brahma-Chopp-Rubia-1lt-Ret-1-18524.jpg?v=638987206047170000","jumbo.com.ar","Cerveza Brahma Chopp Rubia 1lt Ret - Jumbo","cadena_comercial_secundaria","2026-08-02T20:05:26.934Z","identity_verified_price_pending","approved","pending_review","Identidad y packshot revisados contra ficha de cadena comercial. Derechos de publicación pendientes; precio pendiente por diseño; no comprable.","dc49063744606c4b239181f95060029f102b44f6a5e80477820596b25f892bd9"
"Amstel Lager","Amstel","Lager","Lata · 473 ml · Unidad","473","1","cervezas","https://www.jumbo.com.ar/cerveza-amstel-lager-473-cc/p","https://jumboargentina.vtexassets.com/arquivos/ids/831379/12440520009.jpg?v=638599352913000000","jumbo.com.ar","Cerveza Lager 473 Cc Amstel - Jumbo","cadena_comercial_secundaria","2026-08-02T20:05:26.934Z","identity_verified_price_pending","approved","pending_review","Identidad y packshot revisados contra ficha de cadena comercial. Derechos de publicación pendientes; precio pendiente por diseño; no comprable.","d2012f9a70970c63ecde79e51d6ba74592e971f3f5d830440fda531d41ca8e8d"
"Rutini Malbec","Rutini","Malbec","Botella · 750 ml · Unidad","750","1","vinos","https://www.jumbo.com.ar/vino-tinto-rutini-malbec-750-cc/p","https://jumboargentina.vtexassets.com/arquivos/ids/177129/Vino-Rutini-Malbec-Vino-Rutini-Malbec--Botella-750-Cc-1-2964.jpg?v=636383344150670000","jumbo.com.ar","Vino Tinto Rutini Malbec 750 Cc - Jumbo","cadena_comercial_secundaria","2026-08-02T20:05:26.934Z","identity_verified_price_pending","approved","pending_review","Identidad y packshot revisados contra ficha de cadena comercial. Derechos de publicación pendientes; precio pendiente por diseño; no comprable.","9104a64ea89c9b727bfceeea75b4b5680206fb7504a2f59abbc0941c79371925"
"Trapiche Reserva Malbec","Trapiche","Malbec","Botella · 750 ml · Unidad","750","1","vinos","https://www.jumbo.com.ar/vino-trapiche-reserva-malbec-750cc/p","https://jumboargentina.vtexassets.com/arquivos/ids/581181/Vino-Tinto-Trapiche-Reserva-Malbec-750-Cc-1-239861.jpg?v=637225176719970000","jumbo.com.ar","Vino Tinto Malbec 750 Cc Trapiche - Jumbo","cadena_comercial_secundaria","2026-08-02T20:05:26.934Z","identity_verified_price_pending","approved","pending_review","Identidad y packshot revisados contra ficha de cadena comercial. Derechos de publicación pendientes; precio pendiente por diseño; no comprable.","af08382512881582597ba7d3a46f745b217b572be6fb3e6de7fb21289d8705d9"
"Fin del Mundo","Fin del Mundo","Cabernet Franc","Botella · 750 ml · Unidad","750","1","vinos","https://www.jumbo.com.ar/vino-fin-cabernet-franc-750cc-2/p","https://jumboargentina.vtexassets.com/arquivos/ids/773379/Vino-Fin-Cabernet-Franc-750cc-1-947120.jpg?v=638140810242900000","jumbo.com.ar","vino FIN cabernet franc 750cc - Jumbo","cadena_comercial_secundaria","2026-08-02T20:05:26.934Z","identity_verified_price_pending","approved","pending_review","Identidad y packshot revisados contra ficha de cadena comercial. Derechos de publicación pendientes; precio pendiente por diseño; no comprable.","b67365177d30ba367c1c1552c40075aa792feb1a32f77f776aa88a5f6f45f9b8"
"Chandon Délice","Chandon","Délice","Botella · 750 ml · Unidad","750","1","espumantes","https://www.jumbo.com.ar/espumante-chandon-delice-750-ml-3/p","https://jumboargentina.vtexassets.com/arquivos/ids/793064/Espumante-Chandon-Delice-750ml-1-861819.jpg?v=638301297742430000","jumbo.com.ar","Espumante Chandon Délice 750 Ml - Jumbo","cadena_comercial_secundaria","2026-08-02T20:05:26.934Z","identity_verified_price_pending","approved","pending_review","Identidad y packshot revisados contra ficha de cadena comercial. Derechos de publicación pendientes; precio pendiente por diseño; no comprable.","f16ce0b7661a7a9f473880413eddb9033c7cab9d3eb2ecffa2bb231077172acb"
"Tanqueray Dry","Tanqueray","London Dry","Botella · 700 ml · Unidad","700","1","gin","https://www.jumbo.com.ar/gin-tanqueray-dry-700-ml/p","https://jumboargentina.vtexassets.com/arquivos/ids/791071/Gin-Tanqueray-Dry-700-Ml-1-875755.jpg?v=638283369906400000","jumbo.com.ar","Gin Tanqueray Dry 700 Ml - Jumbo","cadena_comercial_secundaria","2026-08-02T20:05:26.934Z","identity_verified_price_pending","approved","pending_review","Identidad y packshot revisados contra ficha de cadena comercial. Derechos de publicación pendientes; precio pendiente por diseño; no comprable.","9192f7251b222012eac804a1bb76be85c88ded76a3e817eebe6b31e925147cf8"
"Bombay Sapphire","Bombay Sapphire","London Dry","Botella · 750 ml · Unidad","750","1","gin","https://www.jumbo.com.ar/gin-bombay-750-ml/p","https://jumboargentina.vtexassets.com/arquivos/ids/793738/Gin-Bombay-750-Gin-Bombay-750-Ml-2-31356.jpg?v=638303997636830000","jumbo.com.ar","Gin Bombay 750 Ml - Jumbo","cadena_comercial_secundaria","2026-08-02T20:05:26.934Z","identity_verified_price_pending","approved","pending_review","Identidad y packshot revisados contra ficha de cadena comercial. Derechos de publicación pendientes; precio pendiente por diseño; no comprable.","62a5326fc4d01e7ee5016026b9c3954317f136021982f72aa6cbc45d2a4b0b7c"
"Bosque Nativo","Bosque","Nativo","Botella · 500 ml · Unidad","500","1","gin","https://www.jumbo.com.ar/gin-bosque-nativo-botella-500mlx1-2/p","https://jumboargentina.vtexassets.com/arquivos/ids/675789/Gin-Bosque-Bot500cc-1-880471.jpg?v=637722635195600000","jumbo.com.ar","GIN BOSQUE NATIVO BOTELLA 500MLX1 - Jumbo","cadena_comercial_secundaria","2026-08-02T20:05:26.934Z","identity_verified_price_pending","approved","pending_review","Identidad y packshot revisados contra ficha de cadena comercial. Derechos de publicación pendientes; precio pendiente por diseño; no comprable.","19a1f808373ae19c3873886d77ed166d782afb8c665996c89e4dc8e481943956"
"Johnnie Walker Red Label","Johnnie Walker","Red Label","Botella · 750 ml · Unidad","750","1","whisky","https://www.jumbo.com.ar/whisky-johnnie-walker-red-label-botella-750ml/p","https://jumboargentina.vtexassets.com/arquivos/ids/791050/Whisky-Johnnie-Walker-Red-Label-Botella-750ml-1-3355.jpg?v=638283369813670000","jumbo.com.ar","Whisky Red Label 750 Ml Johnnie Walker - Jumbo","cadena_comercial_secundaria","2026-08-02T20:05:26.934Z","identity_verified_price_pending","approved","pending_review","Identidad y packshot revisados contra ficha de cadena comercial. Derechos de publicación pendientes; precio pendiente por diseño; no comprable.","2ec16fe9e4e2b6d64cac914570f777a5dd8f5c34943d90a8c49c91f8184de801"
"Hielo Cristal","Cristal","Bolsa de hielo","Bolsa · 4 kg · Unidad","4000","1","complementos","https://www.jumbo.com.ar/hielo-cristal-bolsa-4-kg/p","https://jumboargentina.vtexassets.com/arquivos/ids/840454/Hielo-Cristal-Bolsa-4-Kg-1-19310.jpg?v=638651237838630000","jumbo.com.ar","Hielo Cristal 4 Kg - Jumbo","cadena_comercial_secundaria","2026-08-02T20:05:26.934Z","identity_verified_price_pending","approved","pending_review","Identidad y packshot revisados contra ficha de cadena comercial. Derechos de publicación pendientes; precio pendiente por diseño; no comprable.","9927abf61d9f6abc95907c216915aec12316ff7584bdc9cb37c9939b5a64e1a1"
