sku,brand,name,price,regular_price,price_status,publication_status,notes
"red-bull-original-lata-250ml-pack-4","Red Bull","Red Bull Energy Drink","","","pending","","Precio próximamente. Producto bloqueado para carrito y checkout."
"coca-cola-original-2250ml","Coca-Cola","Coca-Cola Sabor Original","","","pending","blocked","Precio próximamente. Producto bloqueado para carrito y checkout."
"coca-cola-sin-azucar-2250ml","Coca-Cola","Coca-Cola Sin Azúcar","","","pending","blocked","Precio próximamente. Producto bloqueado para carrito y checkout."
"sprite-sin-azucar-600ml","Sprite","Sprite","","","pending","blocked","Precio próximamente. Producto bloqueado para carrito y checkout."
"fanta-naranja-2250ml","Fanta","Fanta Naranja","","","pending","blocked","Precio próximamente. Producto bloqueado para carrito y checkout."
"pepsi-black-1500ml","Pepsi","Pepsi Black","","","pending","blocked","Precio próximamente. Producto bloqueado para carrito y checkout."
"schweppes-tonica-354ml","Schweppes","Schweppes Tónica","","","pending","blocked","Precio próximamente. Producto bloqueado para carrito y checkout."
"schweppes-pomelo-sin-azucar-2250ml","Schweppes","Schweppes Pomelo","","","pending","blocked","Precio próximamente. Producto bloqueado para carrito y checkout."
"schweppes-ginger-ale-310ml","Schweppes","Schweppes Ginger Ale","","","pending","blocked","Precio próximamente. Producto bloqueado para carrito y checkout."
"paso-de-los-toros-pomelo-1500ml","Paso de los Toros","Paso de los Toros Pomelo","","","pending","blocked","Precio próximamente. Producto bloqueado para carrito y checkout."
"paso-de-los-toros-tonica-1500ml","Paso de los Toros","Paso de los Toros Tónica","","","pending","blocked","Precio próximamente. Producto bloqueado para carrito y checkout."
"soda-ivess-1500ml","Ivess","Soda Ivess","","","pending","blocked","Precio próximamente. Producto bloqueado para carrito y checkout."
"britvic-ginger-beer-200ml","Britvic","Britvic Ginger Beer","","","pending","blocked","Precio próximamente. Producto bloqueado para carrito y checkout."
"villavicencio-sin-gas-500ml","Villavicencio","Villavicencio","","","pending","blocked","Precio próximamente. Producto bloqueado para carrito y checkout."
"eco-de-los-andes-sin-gas-2000ml","Eco de los Andes","Eco de los Andes","","","pending","blocked","Precio próximamente. Producto bloqueado para carrito y checkout."
"glaciar-sin-gas-1500ml","Glaciar","Glaciar","","","pending","blocked","Precio próximamente. Producto bloqueado para carrito y checkout."
"glaciar-con-gas-1500ml","Glaciar","Glaciar","","","pending","blocked","Precio próximamente. Producto bloqueado para carrito y checkout."
"levite-manzana-2250ml","Levité","Levité","","","pending","blocked","Precio próximamente. Producto bloqueado para carrito y checkout."
"aquarius-pera-2200ml","Aquarius","Aquarius","","","pending","blocked","Precio próximamente. Producto bloqueado para carrito y checkout."
"h2oh-limon-1500ml","H2OH!","H2OH!","","","pending","blocked","Precio próximamente. Producto bloqueado para carrito y checkout."
"red-bull-energy-drink-355ml","Red Bull","Red Bull Energy Drink","","","pending","blocked","Precio próximamente. Producto bloqueado para carrito y checkout."
"monster-mango-loco-473ml","Monster","Monster Mango Loco","","","pending","blocked","Precio próximamente. Producto bloqueado para carrito y checkout."
"monster-ultra-473ml","Monster","Monster Ultra","","","pending","blocked","Precio próximamente. Producto bloqueado para carrito y checkout."
"speed-zero-473ml","Speed","Speed Zero","","","pending","blocked","Precio próximamente. Producto bloqueado para carrito y checkout."
"gatorade-zero-fresa-kiwi-400ml","Gatorade","Gatorade Zero","","","pending","blocked","Precio próximamente. Producto bloqueado para carrito y checkout."
"powerade-mountain-blast-995ml","Powerade","Powerade","","","pending","blocked","Precio próximamente. Producto bloqueado para carrito y checkout."
"brancamenta-450ml","Brancamenta","Brancamenta","","","pending","blocked","Precio próximamente. Producto bloqueado para carrito y checkout."
"buhero-negro-450ml","Buhero","Buhero Negro","","","pending","blocked","Precio próximamente. Producto bloqueado para carrito y checkout."
"gancia-americano-950ml","Gancia","Gancia","","","pending","blocked","Precio próximamente. Producto bloqueado para carrito y checkout."
"cinzano-rosso-950ml","Cinzano","Cinzano Rosso","","","pending","blocked","Precio próximamente. Producto bloqueado para carrito y checkout."
"campari-bitter-750ml","Campari","Campari Bitter","","","pending","blocked","Precio próximamente. Producto bloqueado para carrito y checkout."
"aperol-750ml","Aperol","Aperol","","","pending","blocked","Precio próximamente. Producto bloqueado para carrito y checkout."
"martini-bianco-1000ml","Martini","Martini Bianco","","","pending","blocked","Precio próximamente. Producto bloqueado para carrito y checkout."
"quilmes-clasica-710ml","Quilmes","Quilmes Clásica","","","pending","blocked","Precio próximamente. Producto bloqueado para carrito y checkout."
"patagonia-lager-del-sur-730ml","Patagonia","Patagonia Lager del Sur","","","pending","blocked","Precio próximamente. Producto bloqueado para carrito y checkout."
"heineken-710ml","Heineken","Heineken","","","pending","blocked","Precio próximamente. Producto bloqueado para carrito y checkout."
"stella-artois-sin-alcohol-330ml","Stella Artois","Stella Artois","","","pending","blocked","Precio próximamente. Producto bloqueado para carrito y checkout."
"corona-extra-330ml","Corona","Corona Extra","","","pending","blocked","Precio próximamente. Producto bloqueado para carrito y checkout."
"imperial-golden-473ml","Imperial","Imperial Golden","","","pending","blocked","Precio próximamente. Producto bloqueado para carrito y checkout."
"brahma-chopp-1000ml","Brahma","Brahma Chopp","","","pending","blocked","Precio próximamente. Producto bloqueado para carrito y checkout."
"amstel-lager-473ml","Amstel","Amstel Lager","","","pending","blocked","Precio próximamente. Producto bloqueado para carrito y checkout."
"rutini-malbec-750ml","Rutini","Rutini Malbec","","","pending","blocked","Precio próximamente. Producto bloqueado para carrito y checkout."
"trapiche-reserva-malbec-750ml","Trapiche","Trapiche Reserva Malbec","","","pending","blocked","Precio próximamente. Producto bloqueado para carrito y checkout."
"fin-del-mundo-cabernet-franc-750ml","Fin del Mundo","Fin del Mundo","","","pending","blocked","Precio próximamente. Producto bloqueado para carrito y checkout."
"chandon-delice-750ml","Chandon","Chandon Délice","","","pending","blocked","Precio próximamente. Producto bloqueado para carrito y checkout."
"tanqueray-dry-700ml","Tanqueray","Tanqueray Dry","","","pending","blocked","Precio próximamente. Producto bloqueado para carrito y checkout."
"bombay-sapphire-750ml","Bombay Sapphire","Bombay Sapphire","","","pending","blocked","Precio próximamente. Producto bloqueado para carrito y checkout."
"bosque-nativo-500ml","Bosque","Bosque Nativo","","","pending","blocked","Precio próximamente. Producto bloqueado para carrito y checkout."
"smirnoff-700ml","Smirnoff","Smirnoff","","","pending","blocked","Precio próximamente. Producto bloqueado para carrito y checkout."
"johnnie-walker-red-label-750ml","Johnnie Walker","Johnnie Walker Red Label","","","pending","blocked","Precio próximamente. Producto bloqueado para carrito y checkout."
"hielo-cristal-4kg","Cristal","Hielo Cristal","","","pending","blocked","Precio próximamente. Producto bloqueado para carrito y checkout."
