sku,producto,categoria,alcohol,precio,stock,publicar,notas
bonaqua-sin-gas-2250ml-local,"Bonaqua Sin gas · Botella PET · 2,25 L · Unidad",Aguas,no,,,,
eco-de-los-andes-sin-gas-2000ml,Eco de los Andes Sin gas · Botella PET · 2 L · Unidad,Aguas,no,,,,
glaciar-con-gas-1500ml,"Glaciar Con gas, baja en sodio · Botella PET · 1,5 L · Unidad",Aguas,no,,,,
glaciar-sin-gas-1500ml,"Glaciar Sin gas, baja en sodio · Botella PET · 1,5 L · Unidad",Aguas,no,,,,
villavicencio-sin-gas-500ml,Villavicencio Sin gas · Botella PET · 500 ml · Unidad,Aguas,no,,,,
aquarius-pera-2200ml,"Aquarius Pera · Botella PET · 2,2 L · Unidad",Aguas saborizadas,no,,,,
h2oh-limon-1500ml,"H2OH! Limón · Botella PET · 1,5 L · Unidad",Aguas saborizadas,no,,,,
levite-manzana-2250ml,"Levité Manzana · Botella PET · 2,25 L · Unidad",Aguas saborizadas,no,,,,
levite-manzana-2250ml-local,"Levité Manzana · Botella PET · 2,25 L · Unidad",Aguas saborizadas,no,,,,
aperol-750ml,Aperol Original · Botella · 750 ml · Unidad,Aperitivos,si,,,,
campari-bitter-750ml,Campari Bitter · Botella · 750 ml · Unidad,Aperitivos,si,,,,
cinzano-rosso-950ml,Cinzano Rosso · Botella · 950 ml · Unidad,Aperitivos,si,,,,
gancia-americano-950ml-local,Gancia Americano · Botella · 950 ml · Unidad,Aperitivos,si,,,,
gancia-americano-950ml,Gancia Americano y limón · Botella · 950 ml · Unidad,Aperitivos,si,,,,
martini-bianco-1000ml,Martini Bianco · Botella · 1 L · Unidad,Aperitivos,si,,,,
martini-bianco-1000ml-local,Martini Bianco · Botella · 1 L · Unidad,Aperitivos,si,,,,
amstel-lager-473ml,Amstel Lager · Lata · 473 ml · Unidad,Cervezas,si,,,,
brahma-chopp-1000ml,Brahma Chopp Rubia · Botella retornable · 1 L · Unidad,Cervezas,si,,,,
budweiser-lata-473ml-pack-6-local,Budweiser Lager · Lata · 473 ml · Pack x6,Cervezas,si,,,,
corona-extra-botella-330ml,Corona Extra · Botella · 330 ml · Unidad,Cervezas,si,3600,,,
corona-extra-330ml,Corona Extra Lager · Botella · 330 ml · Unidad,Cervezas,si,,,,
heineken-710ml,Heineken Lager · Lata · 710 ml · Unidad,Cervezas,si,,,,
heineken-original-lata-473ml,Heineken Original · Lata · 473 ml · Unidad,Cervezas,si,3900,,,
imperial-apa-lata-473ml,Imperial APA · Lata · 473 ml · Unidad,Cervezas,si,3000,,,
imperial-cream-stout-lata-473ml,Imperial Cream Stout · Lata · 473 ml · Unidad,Cervezas,si,3000,,,
imperial-extra-lager-lata-473ml,Imperial Extra Lager · Lata · 473 ml · Unidad,Cervezas,si,3000,,,
imperial-golden-lata-473ml,Imperial Golden · Lata · 473 ml · Unidad,Cervezas,si,3000,,,
imperial-golden-473ml,Imperial Golden · Lata · 473 ml · Unidad,Cervezas,si,,,,
patagonia-lager-del-sur-730ml,Patagonia Lager del Sur · Botella · 730 ml · Unidad,Cervezas,si,,,,
quilmes-clasica-710ml,Quilmes Clásica Lager · Lata · 710 ml · Unidad,Cervezas,si,,,,
schneider-rubia-lata-710ml,Schneider Rubia · Lata · 710 ml · Unidad,Cervezas,si,3500,,,
stella-artois-sin-alcohol-330ml,Stella Artois Sin alcohol · Botella · 330 ml · Unidad,Cervezas,no,,,,
bombay-sapphire-750ml,Bombay Sapphire London Dry · Botella · 750 ml · Unidad,Destilados,si,,,,
bosque-nativo-500ml,Bosque Nativo · Botella · 500 ml · Unidad,Destilados,si,,,,
johnnie-walker-red-label-750ml,Johnnie Walker Red Label · Botella · 750 ml · Unidad,Destilados,si,,,,
smirnoff-700ml,Smirnoff Original · Botella · 700 ml · Unidad,Destilados,si,,,,
tanqueray-dry-700ml,Tanqueray Dry London Dry · Botella · 700 ml · Unidad,Destilados,si,,,,
monster-mango-loco-lata-473ml,Monster Mango Loco · Lata · 473 ml · Unidad,Energizantes,no,3390,,,
monster-mango-loco-473ml,Monster Mango Loco · Lata · 473 ml · Unidad,Energizantes,no,,,,
monster-ultra-473ml,Monster Ultra Sin azúcar · Lata · 473 ml · Unidad,Energizantes,no,,,,
monster-ultra-473ml-local,Monster Ultra Sin azúcar · Lata · 473 ml · Unidad,Energizantes,no,,,,
red-bull-original-lata-250ml,Red Bull Energy Drink Original · Lata · 250 ml · Unidad,Energizantes,no,3576,,,
red-bull-energy-drink-355ml,Red Bull Energy Drink Original · Lata · 355 ml · Unidad,Energizantes,no,,,,
speed-original-lata-473ml,Speed Unlimited Original · Lata · 473 ml · Unidad,Energizantes,no,2925,,,
speed-zero-lata-473ml,Speed Unlimited Zero Sugar · Lata · 473 ml · Unidad,Energizantes,no,2925,,,
speed-zero-473ml,Speed Zero Sin azúcar · Lata · 473 ml · Unidad,Energizantes,no,,,,
chandon-delice-750ml,Chandon Délice · Botella · 750 ml · Unidad,Espumantes y sidras,si,,,,
brancamenta-450ml,Brancamenta · Botella · 450 ml · Unidad,Fernet y amargos,si,,,,
buhero-negro-450ml,Buhero Negro Original · Botella · 450 ml · Unidad,Fernet y amargos,si,,,,
fernet-branca-edicion-mundial-750ml,Fernet Branca Edición Mundial · Botella · 750 ml · Unidad,Fernet y amargos,si,,,,
fernet-vittone-1000ml,Vittone Fernet Vittone Original · Botella · 1 L · Unidad,Fernet y amargos,si,,,,
7up-original-2000ml-local,7UP Original · Botella PET · 2 L · Unidad,Gaseosas,no,,,,
coca-cola-original-2250ml,"Coca-Cola Sabor Original · Botella PET · 2,25 L · Unidad",Gaseosas,no,,,,
coca-cola-original-2250ml-local,"Coca-Cola Sabor Original · Botella PET · 2,25 L · Unidad",Gaseosas,no,,,,
coca-cola-sin-azucar-2250ml,"Coca-Cola Sin Azúcar · Botella PET · 2,25 L · Unidad",Gaseosas,no,,,,
coca-cola-sin-azucar-2250ml-local,"Coca-Cola Sin Azúcar · Botella PET · 2,25 L · Unidad",Gaseosas,no,,,,
fanta-naranja-2250ml,"Fanta Naranja · Botella PET · 2,25 L · Unidad",Gaseosas,no,,,,
manaos-lima-limon-2250ml-local,"Manaos Lima limón · Botella PET · 2,25 L · Unidad",Gaseosas,no,,,,
manaos-naranja-2250ml-local,"Manaos Naranja · Botella PET · 2,25 L · Unidad",Gaseosas,no,,,,
pepsi-black-1500ml,"Pepsi Black Sin azúcar · Botella PET · 1,5 L · Unidad",Gaseosas,no,,,,
pepsi-black-2250ml-local,"Pepsi Black Sin azúcar · Botella PET · 2,25 L · Unidad",Gaseosas,no,,,,
sprite-sin-azucar-2250ml-local,"Sprite Sin azúcar · Botella PET · 2,25 L · Unidad",Gaseosas,no,,,,
sprite-sin-azucar-600ml,Sprite Sin azúcar · Botella PET · 600 ml · Unidad,Gaseosas,no,,,,
hielo-cristal-4kg,Cristal Hielo Cristal Bolsa de hielo · Bolsa · 4 kg · Unidad,Hielo,no,,,,
gatorade-zero-fresa-kiwi-400ml,Gatorade Zero Fresa y kiwi · Botella PET · 400 ml · Unidad,Isotónicas,no,,,,
powerade-mountain-blast-995ml,Powerade Mountain Blast · Botella PET · 995 ml · Unidad,Isotónicas,no,,,,
britvic-ginger-beer-200ml,Britvic Ginger Beer · Botella · 200 ml · Unidad,Mixers,no,,,,
soda-ivess-1500ml,"Ivess Soda Ivess · Sifón · 1,5 L · Unidad",Mixers,no,,,,
paso-de-los-toros-pomelo-1500ml,"Paso de los Toros Pomelo · Botella PET · 1,5 L · Unidad",Mixers,no,,,,
paso-de-los-toros-tonica-1500ml,"Paso de los Toros Tónica · Botella PET · 1,5 L · Unidad",Mixers,no,,,,
schweppes-ginger-ale-310ml,Schweppes Ginger Ale · Lata · 310 ml · Unidad,Mixers,no,,,,
schweppes-pomelo-sin-azucar-2250ml,"Schweppes Pomelo Sin azúcar · Botella PET · 2,25 L · Unidad",Mixers,no,,,,
schweppes-tonica-354ml,Schweppes Tónica · Lata · 354 ml · Unidad,Mixers,no,,,,
schweppes-tonica-354ml-local,Schweppes Tónica · Lata · 354 ml · Unidad,Mixers,no,,,,
alamos-malbec-750ml-local,Alamos Malbec · Botella · 750 ml · Unidad,Vinos,si,,,,
fin-del-mundo-cabernet-franc-750ml,Fin del Mundo Cabernet Franc · Botella · 750 ml · Unidad,Vinos,si,,,,
norton-malbec-750ml-local,Norton Malbec · Botella · 750 ml · Unidad,Vinos,si,,,,
rutini-cabernet-malbec-750ml-local,Rutini Cabernet y Malbec · Botella · 750 ml · Unidad,Vinos,si,,,,
rutini-malbec-750ml,Rutini Malbec · Botella · 750 ml · Unidad,Vinos,si,,,,
trapiche-reserva-malbec-750ml,Trapiche Reserva Malbec · Botella · 750 ml · Unidad,Vinos,si,,,,
trumpeter-malbec-750ml-local,Trumpeter Malbec · Botella · 750 ml · Unidad,Vinos,si,,,,
