id,external_id,sku,gtin,brand,name,variant,presentation,capacity_value,capacity_unit,pack_count,category_id,subcategory_id,alcohol_percentage,age_restricted,is_active,is_verified,price,regular_price,price_status,stock_status,image_master,image_thumbnail,image_rights_status,image_sha256,catalog_status
"coca-cola-original-pet-500ml-pack-12","coca-cola-original-pet-500ml-pack-12","coca-cola-original-pet-500ml-pack-12","","Coca-Cola","Coca-Cola Original","Original","Botella PET · 500 ml · Pack x12","500","ml","12","gaseosas","cola","","false","true","false","17100","","confirmed","confirmation_required","assets/catalog/beverages/coca-cola-original-pet-500ml-pack-12/product.webp","assets/catalog/beverages/coca-cola-original-pet-500ml-pack-12/thumbnail.webp","pending_review","04dfcc7856cedc7a9e1cc607623e492f2327f8aee4e2584e86e89862d1b3b3af","review_only"
"coca-cola-zero-pet-500ml-pack-12","coca-cola-zero-pet-500ml-pack-12","coca-cola-zero-pet-500ml-pack-12","","Coca-Cola","Coca-Cola Zero","Sin azúcar","Botella PET · 500 ml · Pack x12","500","ml","12","gaseosas","cola-sin-azucar","","false","true","false","17100","","confirmed","confirmation_required","assets/catalog/beverages/coca-cola-zero-pet-500ml-pack-12/product.webp","assets/catalog/beverages/coca-cola-zero-pet-500ml-pack-12/thumbnail.webp","pending_review","29bf5929f93628536b56642d81aab2cc901348c1f370cf46303616215768c0ee","review_only"
"sprite-original-pet-500ml-pack-12","sprite-original-pet-500ml-pack-12","sprite-original-pet-500ml-pack-12","","Sprite","Sprite","Original","Botella PET · 500 ml · Pack x12","500","ml","12","gaseosas","lima-limon","","false","true","false","17100","","confirmed","confirmation_required","assets/catalog/beverages/sprite-original-pet-500ml-pack-12/product.webp","assets/catalog/beverages/sprite-original-pet-500ml-pack-12/thumbnail.webp","pending_review","b19917623b223ce03dd390b4d5bd81f1a58e313a6816d63bee493fc924e3022f","review_only"
"coca-cola-original-pet-1500ml-pack-6","coca-cola-original-pet-1500ml-pack-6","coca-cola-original-pet-1500ml-pack-6","","Coca-Cola","Coca-Cola Original","Original","Botella PET · 1500 ml · Pack x6","1500","ml","6","gaseosas","cola","","false","true","false","19999","","confirmed","confirmation_required","assets/catalog/beverages/coca-cola-original-pet-1500ml-pack-6/product.webp","assets/catalog/beverages/coca-cola-original-pet-1500ml-pack-6/thumbnail.webp","pending_review","c902a03bb7d90fa1882b952c15ee184780f57e7727e037f8fae6bca0a6f52926","review_only"
"coca-cola-zero-pet-1500ml-pack-6","coca-cola-zero-pet-1500ml-pack-6","coca-cola-zero-pet-1500ml-pack-6","","Coca-Cola","Coca-Cola Zero","Sin azúcar","Botella PET · 1500 ml · Pack x6","1500","ml","6","gaseosas","cola-sin-azucar","","false","true","false","19999","","confirmed","confirmation_required","assets/catalog/beverages/coca-cola-zero-pet-1500ml-pack-6/product.webp","assets/catalog/beverages/coca-cola-zero-pet-1500ml-pack-6/thumbnail.webp","pending_review","9556ac06b128e0f12491a4d9581144919bbe56e41056c91344a9a35f57072d27","review_only"
"sprite-original-pet-1500ml-pack-6","sprite-original-pet-1500ml-pack-6","sprite-original-pet-1500ml-pack-6","","Sprite","Sprite","Original","Botella PET · 1500 ml · Pack x6","1500","ml","6","gaseosas","lima-limon","","false","true","false","19999","","confirmed","confirmation_required","assets/catalog/beverages/sprite-original-pet-1500ml-pack-6/product.webp","assets/catalog/beverages/sprite-original-pet-1500ml-pack-6/thumbnail.webp","pending_review","b4d20a5baa5f2a5ae0ddfc0f34b6236837c9bee0688e96798b46c077234d37c8","review_only"
"fanta-naranja-pet-1500ml-pack-6","fanta-naranja-pet-1500ml-pack-6","fanta-naranja-pet-1500ml-pack-6","","Fanta","Fanta Naranja","Naranja","Botella PET · 1500 ml · Pack x6","1500","ml","6","gaseosas","naranja","","false","true","false","19999","","confirmed","confirmation_required","assets/catalog/beverages/fanta-naranja-pet-1500ml-pack-6/product.webp","assets/catalog/beverages/fanta-naranja-pet-1500ml-pack-6/thumbnail.webp","pending_review","1db67196a34cef6720a12ad981aa96ae5fa54f1615343cc285dfd157f5e63c5f","review_only"
"schweppes-tonica-pet-1500ml-pack-6","schweppes-tonica-pet-1500ml-pack-6","schweppes-tonica-pet-1500ml-pack-6","","Schweppes","Schweppes Tónica","Tónica","Botella PET · 1500 ml · Pack x6","1500","ml","6","mixers","tonica","","false","true","false","19999","","confirmed","confirmation_required","assets/catalog/beverages/schweppes-tonica-pet-1500ml-pack-6/product.webp","assets/catalog/beverages/schweppes-tonica-pet-1500ml-pack-6/thumbnail.webp","pending_review","626c925037c60e3f231d42f06e5df2a7c1405c679a6d40aafbfff6b9a019d036","review_only"
"schweppes-citrus-pet-1500ml-pack-6","schweppes-citrus-pet-1500ml-pack-6","schweppes-citrus-pet-1500ml-pack-6","","Schweppes","Schweppes Citrus","Citrus","Botella PET · 1500 ml · Pack x6","1500","ml","6","mixers","citrus","","false","true","false","19999","","confirmed","confirmation_required","assets/catalog/beverages/schweppes-citrus-pet-1500ml-pack-6/product.webp","assets/catalog/beverages/schweppes-citrus-pet-1500ml-pack-6/thumbnail.webp","pending_review","d558fc8259b96ff5cf0697375c241cab1bf6a8375b23a0e7a5a65ac25a1ac436","review_only"
"red-bull-original-lata-250ml","red-bull-original-lata-250ml","red-bull-original-lata-250ml","","Red Bull","Red Bull Energy Drink","Original","Lata · 250 ml · Unidad","250","ml","1","energizantes","original","","false","true","false","3576","","confirmed","confirmation_required","assets/catalog/beverages/red-bull-original-lata-250ml/product.webp","assets/catalog/beverages/red-bull-original-lata-250ml/thumbnail.webp","pending_review","2c87ba6374277260f655409bd60086d54446089c835af7a48a97d06dcbbe3284","review_only"
"red-bull-original-lata-250ml-pack-4","red-bull-original-lata-250ml-pack-4","red-bull-original-lata-250ml-pack-4","","Red Bull","Red Bull Energy Drink","Original","Lata · 250 ml · Pack x4","250","ml","4","energizantes","original","","false","false","false","","","pending","unavailable","assets/catalog/beverages/red-bull-original-lata-250ml-pack-4/product.webp","assets/catalog/beverages/red-bull-original-lata-250ml-pack-4/thumbnail.webp","pending_review","2510f4f923172d310cd678df3e4376b646ea59c06ba49f71be4914df4ee2c086","review_only"
"speed-original-lata-473ml","speed-original-lata-473ml","speed-original-lata-473ml","","Speed","Speed Unlimited","Original","Lata · 473 ml · Unidad","473","ml","1","energizantes","original","","false","true","false","2925","","confirmed","confirmation_required","assets/catalog/beverages/speed-original-lata-473ml/product.webp","assets/catalog/beverages/speed-original-lata-473ml/thumbnail.webp","pending_review","4e009cb3351fcf747d92fa02683010947fffad8b465aedc9cab3def14b3c8308","review_only"
"speed-zero-lata-473ml","speed-zero-lata-473ml","speed-zero-lata-473ml","","Speed","Speed Unlimited","Zero Sugar","Lata · 473 ml · Unidad","473","ml","1","energizantes","sin-azucar","","false","true","false","2925","","confirmed","confirmation_required","assets/catalog/beverages/speed-zero-lata-473ml/product.webp","assets/catalog/beverages/speed-zero-lata-473ml/thumbnail.webp","pending_review","ef7a5d8a4db3a52d0390f8948b07f4b0ab9e12311cf89265df6d3565ec3b9a6c","review_only"
"monster-mango-loco-lata-473ml","monster-mango-loco-lata-473ml","monster-mango-loco-lata-473ml","","Monster","Monster Mango Loco","Mango Loco","Lata · 473 ml · Unidad","473","ml","1","energizantes","juice-monster","","false","true","false","3390","","confirmed","confirmation_required","assets/catalog/beverages/monster-mango-loco-lata-473ml/product.webp","assets/catalog/beverages/monster-mango-loco-lata-473ml/thumbnail.webp","pending_review","35f4bdbd38d7ffb3de23343075a4d6de83baba0bf02a2fb5e6447d0c596201f9","review_only"
"heineken-original-lata-473ml","heineken-original-lata-473ml","heineken-original-lata-473ml","","Heineken","Heineken","Original","Lata · 473 ml · Unidad","473","ml","1","cervezas","lager","","true","true","false","3900","","confirmed","confirmation_required","assets/catalog/beverages/heineken-original-lata-473ml/product.webp","assets/catalog/beverages/heineken-original-lata-473ml/thumbnail.webp","pending_review","ef3789546e789f47524a39d718ac84690dd1d11c7169a24e3d2963bba4c326b2","review_only"
"heineken-original-lata-473ml-pack-6","heineken-original-lata-473ml-pack-6","heineken-original-lata-473ml-pack-6","","Heineken","Heineken","Original","Lata · 473 ml · Pack x6","473","ml","6","cervezas","lager","","true","false","false","","","rejected","unavailable","assets/catalog/beverages/heineken-original-lata-473ml-pack-6/product.webp","assets/catalog/beverages/heineken-original-lata-473ml-pack-6/thumbnail.webp","pending_review","ef3789546e789f47524a39d718ac84690dd1d11c7169a24e3d2963bba4c326b2","rejected"
"imperial-golden-lata-473ml","imperial-golden-lata-473ml","imperial-golden-lata-473ml","","Imperial","Imperial Golden","Golden","Lata · 473 ml · Unidad","473","ml","1","cervezas","lager","","true","true","false","3000","","confirmed","confirmation_required","assets/catalog/beverages/imperial-golden-lata-473ml/product.webp","assets/catalog/beverages/imperial-golden-lata-473ml/thumbnail.webp","pending_review","c05f6df16930fd0ac4ce9fb8cf2a3391379bcf9a729ef116b1c2060781ffc532","review_only"
"imperial-extra-lager-lata-473ml","imperial-extra-lager-lata-473ml","imperial-extra-lager-lata-473ml","","Imperial","Imperial Extra Lager","Extra Lager","Lata · 473 ml · Unidad","473","ml","1","cervezas","lager","","true","true","false","3000","","confirmed","confirmation_required","assets/catalog/beverages/imperial-extra-lager-lata-473ml/product.webp","assets/catalog/beverages/imperial-extra-lager-lata-473ml/thumbnail.webp","pending_review","9e752cb4d310190d33c4dab7dcb30f99f2e8b6dc8708a79cccb505b2e6786664","review_only"
"imperial-apa-lata-473ml","imperial-apa-lata-473ml","imperial-apa-lata-473ml","","Imperial","Imperial APA","APA","Lata · 473 ml · Unidad","473","ml","1","cervezas","apa","","true","true","false","3000","","confirmed","confirmation_required","assets/catalog/beverages/imperial-apa-lata-473ml/product.webp","assets/catalog/beverages/imperial-apa-lata-473ml/thumbnail.webp","pending_review","97237bc8b45d562d3d25efa7669a146dbccd8d4a0e8e76fa3210f68ea36cae68","review_only"
"imperial-cream-stout-lata-473ml","imperial-cream-stout-lata-473ml","imperial-cream-stout-lata-473ml","","Imperial","Imperial Cream Stout","Cream Stout","Lata · 473 ml · Unidad","473","ml","1","cervezas","stout","","true","true","false","3000","","confirmed","confirmation_required","assets/catalog/beverages/imperial-cream-stout-lata-473ml/product.webp","assets/catalog/beverages/imperial-cream-stout-lata-473ml/thumbnail.webp","pending_review","5713d8684b7243984b388c93d4ba7b96bea5e453a113d97877c2e9c281c3182b","review_only"
"schneider-rubia-lata-710ml","schneider-rubia-lata-710ml","schneider-rubia-lata-710ml","","Schneider","Schneider Rubia","Rubia","Lata · 710 ml · Unidad","710","ml","1","cervezas","lager","","true","true","false","3500","","confirmed","confirmation_required","assets/catalog/beverages/schneider-rubia-lata-710ml/product.webp","assets/catalog/beverages/schneider-rubia-lata-710ml/thumbnail.webp","pending_review","c9908164a74d2697f44976dce054f0dbdb91ebfabecedba3af964b181429f798","review_only"
"corona-extra-botella-330ml","corona-extra-botella-330ml","corona-extra-botella-330ml","","Corona","Corona Extra","Extra","Botella · 330 ml · Unidad","330","ml","1","cervezas","lager","","true","true","false","3600","","confirmed","confirmation_required","assets/catalog/beverages/corona-extra-botella-330ml/product.webp","assets/catalog/beverages/corona-extra-botella-330ml/thumbnail.webp","pending_review","eb14789fc9ba2b5e2ca408cd6c4de35a8cfc7241d7e17fcd89b13182e9f544c8","review_only"
