sku,brand,product,variant,size,packaging,category,subcategory,product_source_url,image_source,source_domain,image_status,image_rights_status,image_visual_status,price_status,stock_status,publish_status,canary,http_status,source_title,date_retrieved
"coca-cola-original-2250ml-local","Coca-Cola","Coca-Cola Sabor Original 2,25 L","Original","2,25 L","Botella PET","Gaseosas","original","https://www.jumbo.com.ar/gaseosa-coca-cola-sabor-original-2-25-l/p","https://jumboargentina.vtexassets.com/arquivos/ids/783070/Gaseosa-Coca-cola-Sabor-Original-2-25-L-1-247191.jpg?v=638206690815300000","jumboargentina.vtexassets.com","DRAFT_IMAGE_REQUIRED","IMAGE_LICENSE_REVIEW_REQUIRED","REPLACE: retailer image includes a large side panel and extra wording","UNCONFIRMED","UNCONFIRMED","DRAFT_PRICE_REQUIRED","true","200","Gaseosa Cola Sabor Original 2.25 Lts Coca Cola - Jumbo","2026-09-26"
"coca-cola-sin-azucar-2250ml-local","Coca-Cola","Coca-Cola Sin Azúcar 2,25 L","Sin azúcar","2,25 L","Botella PET","Gaseosas","sin-azucar","https://www.jumbo.com.ar/coca-cola-zero-2-25-lt/p","https://jumboargentina.vtexassets.com/arquivos/ids/799920/Gaseosa-Coca-Cola-Sin-Azucar-2-25lt-1-19721.jpg?v=638349573899270000","jumboargentina.vtexassets.com","DRAFT_IMAGE_REQUIRED","IMAGE_LICENSE_REVIEW_REQUIRED","REPLACE: retailer image includes a large side panel","UNCONFIRMED","UNCONFIRMED","DRAFT_PRICE_REQUIRED","true","200","Gaseosa Cola Zero 2,25 Lts Coca Cola - Jumbo","2026-09-26"
"sprite-sin-azucar-2250ml-local","Sprite","Sprite Sin Azúcar 2,25 L","Sin azúcar","2,25 L","Botella PET","Gaseosas","sin-azucar","https://www.vea.com.ar/gaseosa-sprite-lima-limon-zero-2-25lt-2/p","https://jumboargentina.vtexassets.com/arquivos/ids/562193/Gaseosa-Sprite-225-Lts-Sin-Azucar-1-838913.jpg?v=637117604012800000","jumboargentina.vtexassets.com","DRAFT_IMAGE_REQUIRED","IMAGE_LICENSE_REVIEW_REQUIRED","REPLACE: packshot is visibly blurry","UNCONFIRMED","UNCONFIRMED","DRAFT_PRICE_REQUIRED","true","200","gaseosa SPRITE Lima Limon Zero 2.25lt - Vea","2026-09-26"
"fanta-naranja-2250ml","Fanta","Fanta Naranja 2,25 L","Naranja","2,25 L","Botella PET","Gaseosas","naranja","https://www.jumbo.com.ar/gaseosa-naranja-2-25-lts-fanta/p","https://jumboargentina.vtexassets.com/arquivos/ids/893230/Gaseosa-Naranja-2-25-Lts-Fanta-1-248227.jpg?v=639009777826030000","jumboargentina.vtexassets.com","DRAFT_IMAGE_REQUIRED","IMAGE_LICENSE_REVIEW_REQUIRED","REPLACE: retailer image includes a large side panel","UNCONFIRMED","UNCONFIRMED","DRAFT_PRICE_REQUIRED","true","200","Gaseosa Sabor Naranja 2,25 Lts Fanta - Jumbo","2026-09-26"
"pepsi-black-1500ml","Pepsi","Pepsi Black 1,5 L","Sin azúcar","1,5 L","Botella PET","Gaseosas","sin-azucar","https://www.jumbo.com.ar/gaseosa-pepsi-black-1-5lt/p","https://jumboargentina.vtexassets.com/arquivos/ids/907119/Gaseosa-Pepsi-Black-1-5lt-1-237512.jpg?v=639124043883700000","jumboargentina.vtexassets.com","IMAGE_LICENSE_REVIEW_REQUIRED","IMAGE_LICENSE_REVIEW_REQUIRED","NOT_VISUALLY_REVIEWED","UNCONFIRMED","UNCONFIRMED","DRAFT_PRICE_REQUIRED","false","200","Gaseosa Cola Black Sin Azúcar 1.5 Lts Pepsi - Jumbo","2026-09-26"
"pepsi-black-2250ml-local","Pepsi","Pepsi Black 2,25 L","Sin azúcar","2,25 L","Botella PET","Gaseosas","sin-azucar","https://www.vea.com.ar/pepsi-sin-azucar-2-25-l/p","https://jumboargentina.vtexassets.com/arquivos/ids/411939/Pepsi-Sin-Azucar-225-L-1-237878.jpg?v=636442054847200000","jumboargentina.vtexassets.com","IMAGE_LICENSE_REVIEW_REQUIRED","IMAGE_LICENSE_REVIEW_REQUIRED","NOT_VISUALLY_REVIEWED","UNCONFIRMED","UNCONFIRMED","DRAFT_PRICE_REQUIRED","false","200","PEPSI SIN AZÚCAR 2,25 L - Vea","2026-09-26"
"sprite-sin-azucar-600ml","Sprite","Sprite Sin Azúcar 600 ml","Sin azúcar","600 ml","Botella PET","Gaseosas","sin-azucar","https://www.jumbo.com.ar/gaseosa-zero-lima-limon-600-ml-sprite/p","https://jumboargentina.vtexassets.com/arquivos/ids/881795/Gaseosa-Zero-Lima-Lim-n-600-Ml-Sprite-1-1040313.jpg?v=638919058299530000","jumboargentina.vtexassets.com","IMAGE_LICENSE_REVIEW_REQUIRED","IMAGE_LICENSE_REVIEW_REQUIRED","NOT_VISUALLY_REVIEWED","UNCONFIRMED","UNCONFIRMED","DRAFT_PRICE_REQUIRED","false","200","Gaseosa Zero Sabor Lima Limón 600 Ml Sprite - Jumbo","2026-09-26"
"paso-de-los-toros-pomelo-1500ml","Paso de los Toros","Paso de los Toros Pomelo 1,5 L","Pomelo","1,5 L","Botella PET","Mixers","pomelo","https://www.jumbo.com.ar/gaseosa-paso-de-los-toros-pomelo-botella-1-5ltx1/p","https://jumboargentina.vtexassets.com/arquivos/ids/907124/Gaseosa-Paso-De-Los-Toros-Pomelo-Botella-1-5ltx1-1-248189.jpg?v=639124043903800000","jumboargentina.vtexassets.com","IMAGE_LICENSE_REVIEW_REQUIRED","IMAGE_LICENSE_REVIEW_REQUIRED","NOT_VISUALLY_REVIEWED","UNCONFIRMED","UNCONFIRMED","DRAFT_PRICE_REQUIRED","false","200","Gaseosa Sabor Pomelo 1.5 Lts Paso de los Toros - Jumbo","2026-09-26"
"paso-de-los-toros-tonica-1500ml","Paso de los Toros","Paso de los Toros Tónica 1,5 L","Tónica","1,5 L","Botella PET","Mixers","tonica","https://www.jumbo.com.ar/gaseosa-paso-de-los-toros-tonica-botella-1-5ltx1/p","https://jumboargentina.vtexassets.com/arquivos/ids/907118/Gaseosa-Paso-De-Los-Toros-T-nica-Botella-1-5ltx1-1-17223.jpg?v=639124043880030000","jumboargentina.vtexassets.com","IMAGE_LICENSE_REVIEW_REQUIRED","IMAGE_LICENSE_REVIEW_REQUIRED","NOT_VISUALLY_REVIEWED","UNCONFIRMED","UNCONFIRMED","DRAFT_PRICE_REQUIRED","false","200","Gaseosa Agua Tónica 1.5 Lts Paso de los Toros - Jumbo","2026-09-26"
"schweppes-tonica-354ml-local","Schweppes","Schweppes Tónica 354 ml","Tónica","354 ml","Lata","Mixers","tonica","https://www.jumbo.com.ar/gaseosa-schweppes-tonica-354-ml/p","https://jumboargentina.vtexassets.com/arquivos/ids/926761/12111302007.jpg?v=639240604643400000","jumboargentina.vtexassets.com","IMAGE_LICENSE_REVIEW_REQUIRED","IMAGE_LICENSE_REVIEW_REQUIRED","NOT_VISUALLY_REVIEWED","UNCONFIRMED","UNCONFIRMED","DRAFT_PRICE_REQUIRED","false","200","Gaseosa Agua Tónica 354 Ml Schweppes - Jumbo","2026-09-26"
"schweppes-pomelo-sin-azucar-2250ml","Schweppes","Schweppes Pomelo Sin Azúcar 2,25 L","Sin azúcar","2,25 L","Botella PET","Mixers","sin-azucar","https://www.jumbo.com.ar/gaseosa-schweppes-pomelo-zero-2-25lt/p","https://jumboargentina.vtexassets.com/arquivos/ids/930482/12111185002.jpg?v=639256196167070000","jumboargentina.vtexassets.com","IMAGE_LICENSE_REVIEW_REQUIRED","IMAGE_LICENSE_REVIEW_REQUIRED","NOT_VISUALLY_REVIEWED","UNCONFIRMED","UNCONFIRMED","DRAFT_PRICE_REQUIRED","false","200","Gaseosa Sin Azúcar Sabor Pomelo 2.25 Lts Schweppes - Jumbo","2026-09-26"
"villavicencio-sin-gas-500ml","Villavicencio","Villavicencio Sin Gas 500 ml","Sin gas","500 ml","Botella PET","Aguas","sin-gas","https://www.jumbo.com.ar/agua-sin-gas-villavicencio-500-ml/p","https://jumboargentina.vtexassets.com/arquivos/ids/795828/Agua-Villavicencio-Sin-Gas-500cc-1-997464.jpg?v=638313501973800000","jumboargentina.vtexassets.com","IMAGE_LICENSE_REVIEW_REQUIRED","IMAGE_LICENSE_REVIEW_REQUIRED","PACKSHOT_MATCH: clean bottle, 500 ml and sin gas visible","UNCONFIRMED","UNCONFIRMED","DRAFT_PRICE_REQUIRED","true","200","Agua Mineral Sin Gas 500 Ml Villavicencio - Jumbo","2026-09-26"
"eco-de-los-andes-sin-gas-2000ml","Eco de los Andes","Eco de los Andes Sin Gas 2 L","Sin gas","2 L","Botella PET","Aguas","sin-gas","https://www.jumbo.com.ar/agua-mineral-eco-de-los-andes-sin-gas-2-l/p","https://jumboargentina.vtexassets.com/arquivos/ids/816033/Agua-Mineral-Eco-De-Los-Andes-Sin-Gas-2-L-1-239957.jpg?v=638467190629970000","jumboargentina.vtexassets.com","IMAGE_LICENSE_REVIEW_REQUIRED","IMAGE_LICENSE_REVIEW_REQUIRED","NOT_VISUALLY_REVIEWED","UNCONFIRMED","UNCONFIRMED","DRAFT_PRICE_REQUIRED","false","200","Agua Mineral Sin Gas 2 Lts Eco de los Andes - Jumbo","2026-09-26"
"glaciar-sin-gas-1500ml","Glaciar","Glaciar Sin Gas Baja en Sodio 1,5 L","Sin gas, baja en sodio","1,5 L","Botella PET","Aguas","sin-gas-baja-en-sodio","https://www.jumbo.com.ar/agua-mineral-glaciar-sin-gas-bajo-sodio-1-5-l/p","https://jumboargentina.vtexassets.com/arquivos/ids/893692/Agua-Mineral-Glaciar-Sin-Gas-Bajo-Sodio-1-5-L-1-237511.jpg?v=639014961662370000","jumboargentina.vtexassets.com","IMAGE_LICENSE_REVIEW_REQUIRED","IMAGE_LICENSE_REVIEW_REQUIRED","NOT_VISUALLY_REVIEWED","UNCONFIRMED","UNCONFIRMED","DRAFT_PRICE_REQUIRED","false","200","Agua Mineral sin Gas Bajo Sodio 1.5 Lts Glaciar - Jumbo","2026-09-26"
"glaciar-con-gas-1500ml","Glaciar","Glaciar Con Gas Baja en Sodio 1,5 L","Con gas, baja en sodio","1,5 L","Botella PET","Aguas","con-gas-baja-en-sodio","https://www.jumbo.com.ar/agua-baja-en-sodio-glaciar-con-gas-1-5-l/p","https://jumboargentina.vtexassets.com/arquivos/ids/544763/Agua-Baja-En-Sodio-Glaciar-Con-Gas-15-L-1-240110.jpg?v=637014360501200000","jumboargentina.vtexassets.com","IMAGE_LICENSE_REVIEW_REQUIRED","IMAGE_LICENSE_REVIEW_REQUIRED","NOT_VISUALLY_REVIEWED","UNCONFIRMED","UNCONFIRMED","DRAFT_PRICE_REQUIRED","false","200","Agua con Gas Baja en Sodio 1.5 Lts Glaciar - Jumbo","2026-09-26"
"bonaqua-sin-gas-2250ml-local","Bonaqua","Bonaqua Sin Gas 2,25 L","Sin gas","2,25 L","Botella PET","Aguas","sin-gas","https://www.vea.com.ar/agua-mineral-bonaqua-sin-gas-2-25-lt/p","https://jumboargentina.vtexassets.com/arquivos/ids/580641/Bonaqua-Agua-Sin-Gas-225-L-1-244936.jpg?v=637219994244430000","jumboargentina.vtexassets.com","IMAGE_LICENSE_REVIEW_REQUIRED","IMAGE_LICENSE_REVIEW_REQUIRED","NOT_VISUALLY_REVIEWED","UNCONFIRMED","UNCONFIRMED","DRAFT_PRICE_REQUIRED","false","200","Agua Mineral Bonaqua Sin Gas 2.25 Lt - Vea","2026-09-26"
"red-bull-energy-drink-355ml","Red Bull","Red Bull Energy Drink 355 ml","Original","355 ml","Lata","Energizantes","original","https://www.jumbo.com.ar/energizate-red-bull-energy-drink-355cc/p","https://jumboargentina.vtexassets.com/arquivos/ids/872052/Bebida-Red-Bull-Lata-355-Cc-1-828794.jpg?v=638854274004800000","jumboargentina.vtexassets.com","DRAFT_IMAGE_REQUIRED","IMAGE_LICENSE_REVIEW_REQUIRED","REPLACE: retailer image includes a large side panel","UNCONFIRMED","UNCONFIRMED","DRAFT_PRICE_REQUIRED","true","200","Bebida Energizante Energy Drink 355 Cc Red Bull - Jumbo","2026-09-26"
"monster-mango-loco-473ml","Monster","Monster Mango Loco 473 ml","Mango Loco","473 ml","Lata","Energizantes","mango-loco","https://www.jumbo.com.ar/bebida-energizante-mango-loco-473-ml-monster/p","https://jumboargentina.vtexassets.com/arquivos/ids/917508/7798422620045.jpg?v=639161065796630000","jumboargentina.vtexassets.com","IMAGE_LICENSE_REVIEW_REQUIRED","IMAGE_LICENSE_REVIEW_REQUIRED","NOT_VISUALLY_REVIEWED","UNCONFIRMED","UNCONFIRMED","DRAFT_PRICE_REQUIRED","false","200","Bebida Energizante Mango Loco 473 Ml Monster - Jumbo","2026-09-26"
"speed-zero-473ml","Speed","Speed Zero 473 ml","Sin azúcar","473 ml","Lata","Energizantes","sin-azucar","https://www.jumbo.com.ar/energizante-speed-zero-473-cc-2/p","https://jumboargentina.vtexassets.com/arquivos/ids/815448/Energizante-Speed-Zero-473-Cc-1-1010210.jpg?v=638464598405200000","jumboargentina.vtexassets.com","IMAGE_LICENSE_REVIEW_REQUIRED","IMAGE_LICENSE_REVIEW_REQUIRED","NOT_VISUALLY_REVIEWED","UNCONFIRMED","UNCONFIRMED","DRAFT_PRICE_REQUIRED","false","200","Bebida Energizante Zero 473 Cc Speed - Jumbo","2026-09-26"
"monster-ultra-473ml-local","Monster","Monster Ultra 473 ml","Sin azúcar","473 ml","Lata","Energizantes","sin-azucar","https://www.jumbo.com.ar/bebida-energizante-energy-ultra-473-ml-monster/p","https://jumboargentina.vtexassets.com/arquivos/ids/881755/Bebida-Energizante-Energy-Ultra-473-Ml-Monster-1-597947.jpg?v=638919058123870000","jumboargentina.vtexassets.com","IMAGE_LICENSE_REVIEW_REQUIRED","IMAGE_LICENSE_REVIEW_REQUIRED","NOT_VISUALLY_REVIEWED","UNCONFIRMED","UNCONFIRMED","DRAFT_PRICE_REQUIRED","false","200","Bebida Energizante Energy Ultra 473 Ml Monster - Jumbo","2026-09-26"
"quilmes-clasica-710ml","Quilmes","Quilmes Clásica 710 ml","Lager","710 ml","Lata","Cervezas","lager","https://www.jumbo.com.ar/cerveza-quilmes-clasica-710cc/p","https://jumboargentina.vtexassets.com/arquivos/ids/907546/12440106102.jpg?v=639129031832400000","jumboargentina.vtexassets.com","DRAFT_IMAGE_REQUIRED","IMAGE_LICENSE_REVIEW_REQUIRED","REPLACE: image shows a limited World Cup edition, not the standard Clásica can","UNCONFIRMED","UNCONFIRMED","DRAFT_PRICE_REQUIRED","true","200","Cerveza Lager 710 Cc Quilmes - Jumbo","2026-09-26"
"patagonia-lager-del-sur-730ml","Patagonia","Patagonia Lager del Sur 730 ml","Lager","730 ml","Botella","Cervezas","lager","https://www.jumbo.com.ar/cerveza-patagonia-lager-del-sur-730cc-2/p","https://jumboargentina.vtexassets.com/arquivos/ids/907137/Cerveza-Patagonia-Lager-Del-Sur-730cc-1-1028502.jpg?v=639124043958000000","jumboargentina.vtexassets.com","IMAGE_LICENSE_REVIEW_REQUIRED","IMAGE_LICENSE_REVIEW_REQUIRED","NOT_VISUALLY_REVIEWED","UNCONFIRMED","UNCONFIRMED","DRAFT_PRICE_REQUIRED","false","200","Cerveza Lager del Sur 730 Cc Patagonia - Jumbo","2026-09-26"
"heineken-710ml","Heineken","Heineken Lager 710 ml","Lager","710 ml","Lata","Cervezas","lager","https://www.jumbo.com.ar/cerveza-heineken-rubia-710cc/p","https://jumboargentina.vtexassets.com/arquivos/ids/579473/Cerveza-Heineken-Premiun-710-Cc-1-781941.jpg?v=637215672769700000","jumboargentina.vtexassets.com","DRAFT_IMAGE_REQUIRED","IMAGE_LICENSE_REVIEW_REQUIRED","REPLACE: retailer image includes a large side panel","UNCONFIRMED","UNCONFIRMED","DRAFT_PRICE_REQUIRED","true","200","Cerveza Rubia 710 Cc Heineken - Jumbo","2026-09-26"
"corona-extra-330ml","Corona","Corona Extra 330 ml","Lager","330 ml","Botella","Cervezas","lager","https://www.jumbo.com.ar/cerveza-corona-extra/p","https://jumboargentina.vtexassets.com/arquivos/ids/161547/Cerveza-Corona-Extra-Cerveza-Corona-Extra-Botella-330-Cc-1-6416.jpg?v=636383032576970000","jumboargentina.vtexassets.com","IMAGE_LICENSE_REVIEW_REQUIRED","IMAGE_LICENSE_REVIEW_REQUIRED","NOT_VISUALLY_REVIEWED","UNCONFIRMED","UNCONFIRMED","DRAFT_PRICE_REQUIRED","false","200","CERVEZA CORONA EXTRA BOTELLA 330 CC - Jumbo","2026-09-26"
"imperial-golden-473ml","Imperial","Imperial Golden 473 ml","Golden","473 ml","Lata","Cervezas","golden","https://www.jumbo.com.ar/cerveza-imperial-golden-473cc/p","https://jumboargentina.vtexassets.com/arquivos/ids/891202/7793147571689.jpg?v=638996950720870000","jumboargentina.vtexassets.com","IMAGE_LICENSE_REVIEW_REQUIRED","IMAGE_LICENSE_REVIEW_REQUIRED","NOT_VISUALLY_REVIEWED","UNCONFIRMED","UNCONFIRMED","DRAFT_PRICE_REQUIRED","false","200","cerveza IMPERIAL Golden 473cc - Jumbo","2026-09-26"
"brahma-chopp-1000ml","Brahma","Brahma Chopp Rubia 1 L","Rubia","1 L","Botella retornable","Cervezas","rubia","https://www.jumbo.com.ar/cerveza-brahma-chopp-rubia-1lt-ret/p","https://jumboargentina.vtexassets.com/arquivos/ids/890499/Cerveza-Brahma-Chopp-Rubia-1lt-Ret-1-18524.jpg?v=638987206047170000","jumboargentina.vtexassets.com","IMAGE_LICENSE_REVIEW_REQUIRED","IMAGE_LICENSE_REVIEW_REQUIRED","NOT_VISUALLY_REVIEWED","UNCONFIRMED","UNCONFIRMED","DRAFT_PRICE_REQUIRED","false","200","Cerveza Brahma Chopp Rubia 1lt Ret - Jumbo","2026-09-26"
"cinzano-rosso-950ml","Cinzano","Cinzano Rosso 950 ml","Rosso","950 ml","Botella","Aperitivos","rosso","https://www.jumbo.com.ar/vermouth-cinzano-rosso-950-ml/p","https://jumboargentina.vtexassets.com/arquivos/ids/602984/Vermouth-Cinzano-Rosso-1-L-1-42317.jpg?v=637358232396730000","jumboargentina.vtexassets.com","IMAGE_LICENSE_REVIEW_REQUIRED","IMAGE_LICENSE_REVIEW_REQUIRED","NOT_VISUALLY_REVIEWED","UNCONFIRMED","UNCONFIRMED","DRAFT_PRICE_REQUIRED","false","200","Aperitivo Sabor Rosso 950 Ml Cinzano - Jumbo","2026-09-26"
"campari-bitter-750ml","Campari","Campari Bitter 750 ml","Bitter","750 ml","Botella","Aperitivos","bitter","https://www.jumbo.com.ar/aperitivo-campari-bitter-750-cc/p","https://jumboargentina.vtexassets.com/arquivos/ids/829514/Aperitivo-Campari-Bitter-750-Cc-1-1020208.jpg?v=638582098978330000","jumboargentina.vtexassets.com","IMAGE_LICENSE_REVIEW_REQUIRED","IMAGE_LICENSE_REVIEW_REQUIRED","NOT_VISUALLY_REVIEWED","UNCONFIRMED","UNCONFIRMED","DRAFT_PRICE_REQUIRED","false","200","Aperitivo Sabor Naranjas y Hierbas 750 Cc Campari - Jumbo","2026-09-26"
"aperol-750ml","Aperol","Aperol 750 ml","Original","750 ml","Botella","Aperitivos","original","https://www.jumbo.com.ar/aperitivo-aperol-750-ml/p","https://jumboargentina.vtexassets.com/arquivos/ids/602973/Aperitivo-Aperol-750-Ml-1-27617.jpg?v=637358232367930000","jumboargentina.vtexassets.com","IMAGE_LICENSE_REVIEW_REQUIRED","IMAGE_LICENSE_REVIEW_REQUIRED","NOT_VISUALLY_REVIEWED","UNCONFIRMED","UNCONFIRMED","DRAFT_PRICE_REQUIRED","false","200","Aperitivo Sabor Hierbas 750 Ml Aperol - Jumbo","2026-09-26"
"alamos-malbec-750ml-local","Alamos","Alamos Malbec 750 ml","Malbec","750 ml","Botella","Vinos","malbec","https://www.jumbo.com.ar/vino-alamos-malbec-x-750cc/p","https://jumboargentina.vtexassets.com/arquivos/ids/709749/Vino-Alamos-Malbec-X-750cc-1-159111.jpg?v=637927402400100000","jumboargentina.vtexassets.com","IMAGE_LICENSE_REVIEW_REQUIRED","IMAGE_LICENSE_REVIEW_REQUIRED","NOT_VISUALLY_REVIEWED","UNCONFIRMED","UNCONFIRMED","DRAFT_PRICE_REQUIRED","false","200","Vino Tinto Malbec 750 Cc Alamos - Jumbo","2026-09-26"
"norton-malbec-750ml-local","Norton","Norton Select Malbec 750 ml","Malbec","750 ml","Botella","Vinos","malbec","https://www.vea.com.ar/vino-norton-malbec-750-ml-select/p","https://jumboargentina.vtexassets.com/arquivos/ids/878665/Vino-Norton-Malbec-750-Ml-Select-1-987113.jpg?v=638894217756570000","jumboargentina.vtexassets.com","IMAGE_LICENSE_REVIEW_REQUIRED","IMAGE_LICENSE_REVIEW_REQUIRED","NOT_VISUALLY_REVIEWED","UNCONFIRMED","UNCONFIRMED","DRAFT_PRICE_REQUIRED","false","200","VINO NORTON MALBEC 750 ML SELECT - Vea","2026-09-26"
"hielo-cristal-4kg","Cristal","Hielo Cristal 4 kg","Bolsa de hielo","4 kg","Bolsa","Hielo","bolsa-de-hielo","https://www.jumbo.com.ar/hielo-cristal-bolsa-4-kg/p","https://jumboargentina.vtexassets.com/arquivos/ids/840454/Hielo-Cristal-Bolsa-4-Kg-1-19310.jpg?v=638651237838630000","jumboargentina.vtexassets.com","IMAGE_LICENSE_REVIEW_REQUIRED","IMAGE_LICENSE_REVIEW_REQUIRED","NOT_VISUALLY_REVIEWED","UNCONFIRMED","UNCONFIRMED","DRAFT_PRICE_REQUIRED","false","200","Hielo Cristal 4 Kg - Jumbo","2026-09-26"
"fernet-branca-750ml","Branca","Fernet Branca 750 ml","Original","750 ml","Botella","Fernet","","https://www.jumbo.com.ar/fernet-branca-750-ml/p","https://jumboargentina.vtexassets.com/arquivos/ids/585172/Fernet-Branca-750-Ml-1-238506.jpg?v=637251960754770000","jumboargentina.vtexassets.com","DRAFT_IMAGE_REQUIRED","IMAGE_LICENSE_REVIEW_REQUIRED","REPLACE: bottle is cropped and retailer image includes a side panel","UNCONFIRMED","UNCONFIRMED","DRAFT_PRICE_REQUIRED","true","200","FERNET BRANCA 750 ML - Jumbo","2026-09-26"
"branca-menta-750ml","Branca","Branca Menta 750 ml","Menta","750 ml","Botella","Aperitivos","","https://www.jumbo.com.ar/fernet-branca-menta-750-ml/p","https://jumboargentina.vtexassets.com/arquivos/ids/818702/Fernet-Branca-Menta-750-Ml-1-244737.jpg?v=638488029696600000","jumboargentina.vtexassets.com","IMAGE_LICENSE_REVIEW_REQUIRED","IMAGE_LICENSE_REVIEW_REQUIRED","NOT_VISUALLY_REVIEWED","UNCONFIRMED","UNCONFIRMED","DRAFT_PRICE_REQUIRED","false","200","Aperitivo Sabor Menta 750 Ml Branca - Jumbo","2026-09-26"
"cepita-naranja-1000ml","Cepita","Cepita Naranja 1 L","Naranja","1 L","Botella","Jugos","","https://www.jumbo.com.ar/jugo-naranja-tentacion-1-lts-cepita-del-valle/p","https://jumboargentina.vtexassets.com/arquivos/ids/921811/7790895648267.jpg?v=639196295705000000","jumboargentina.vtexassets.com","IMAGE_LICENSE_REVIEW_REQUIRED","IMAGE_LICENSE_REVIEW_REQUIRED","NOT_VISUALLY_REVIEWED","UNCONFIRMED","UNCONFIRMED","DRAFT_PRICE_REQUIRED","false","200","Jugo Sabor Naranja 1 Lts Cepita - Jumbo","2026-09-26"
"cepita-durazno-1000ml","Cepita","Cepita Durazno 1 L","Durazno","1 L","Botella","Jugos","","https://www.jumbo.com.ar/jugo-listo-cepita-durazno-1lt/p","https://jumboargentina.vtexassets.com/arquivos/ids/921759/7790895009846.jpg?v=639196285755470000","jumboargentina.vtexassets.com","IMAGE_LICENSE_REVIEW_REQUIRED","IMAGE_LICENSE_REVIEW_REQUIRED","NOT_VISUALLY_REVIEWED","UNCONFIRMED","UNCONFIRMED","DRAFT_PRICE_REQUIRED","false","200","Jugo Sabor Durazno 1 Lts Cepita - Jumbo","2026-09-26"
"trapiche-cabernet-sauvignon-750ml","Trapiche","Trapiche Cabernet Sauvignon 750 ml","Cabernet Sauvignon","750 ml","Botella","Vinos","","https://www.jumbo.com.ar/vino-trapiche-reserva-cabernet-sauvignon-750cc/p","https://jumboargentina.vtexassets.com/arquivos/ids/581222/Vino-Tinto-Trapiche-Reserva-Cabernet-Sauvignon-750-Cc-1-248345.jpg?v=637225176833500000","jumboargentina.vtexassets.com","IMAGE_LICENSE_REVIEW_REQUIRED","IMAGE_LICENSE_REVIEW_REQUIRED","NOT_VISUALLY_REVIEWED","UNCONFIRMED","UNCONFIRMED","DRAFT_PRICE_REQUIRED","false","200","Vino Tinto Cabernet Sauvignon 750 Cc Trapiche - Jumbo","2026-09-26"
"trapiche-red-blend-750ml","Trapiche","Trapiche Red Blend 750 ml","Red Blend","750 ml","Botella","Vinos","","https://www.jumbo.com.ar/vino-trapiche-reserva-red-blend-750cc/p","https://jumboargentina.vtexassets.com/arquivos/ids/845685/Vino-Trapiche-Reserva-Red-Blend-750cc-1-1029241.jpg?v=638669577930070000","jumboargentina.vtexassets.com","IMAGE_LICENSE_REVIEW_REQUIRED","IMAGE_LICENSE_REVIEW_REQUIRED","NOT_VISUALLY_REVIEWED","UNCONFIRMED","UNCONFIRMED","DRAFT_PRICE_REQUIRED","false","200","Vino Tinto Red Blend 750 Cc Trapiche - Jumbo","2026-09-26"
"santa-julia-chenin-dulce-750ml","Santa Julia","Santa Julia Chenin Dulce Natural 750 ml","Chenin dulce","750 ml","Botella","Vinos","","https://www.jumbo.com.ar/vino-chenin-dulce-natural-santa-julia-3/p","https://jumboargentina.vtexassets.com/arquivos/ids/798464/Vino-Santa-Julia-Chenin-Dulce-Natural-1-996970.jpg?v=638340185309530000","jumboargentina.vtexassets.com","IMAGE_LICENSE_REVIEW_REQUIRED","IMAGE_LICENSE_REVIEW_REQUIRED","NOT_VISUALLY_REVIEWED","UNCONFIRMED","UNCONFIRMED","DRAFT_PRICE_REQUIRED","false","200","VINO CHENIN DULCE NATURAL SANTA JULIA - Jumbo","2026-09-26"
"stella-artois-rubia-473ml","Stella Artois","Stella Artois Rubia 473 ml","Rubia","473 ml","Lata","Cervezas","","https://www.jumbo.com.ar/cerveza-stella-artois-rubia-473-ml/p","https://jumboargentina.vtexassets.com/arquivos/ids/890507/Cerveza-Stella-Artois-Rubia-473-Ml-1-38031.jpg?v=638987206078500000","jumboargentina.vtexassets.com","IMAGE_LICENSE_REVIEW_REQUIRED","IMAGE_LICENSE_REVIEW_REQUIRED","NOT_VISUALLY_REVIEWED","UNCONFIRMED","UNCONFIRMED","DRAFT_PRICE_REQUIRED","false","200","Cerveza Rubia 473 Cc Stella Artois - Jumbo","2026-09-26"
"schneider-rubia-710ml","Schneider","Schneider Rubia 710 ml","Rubia","710 ml","Lata","Cervezas","","https://www.jumbo.com.ar/cerveza-rubia-710-ml-schneider/p","https://jumboargentina.vtexassets.com/arquivos/ids/883177/Cerveza-Schneider-Lager-Rubia-710cc-1-417654.jpg?v=638931153879230000","jumboargentina.vtexassets.com","IMAGE_LICENSE_REVIEW_REQUIRED","IMAGE_LICENSE_REVIEW_REQUIRED","NOT_VISUALLY_REVIEWED","UNCONFIRMED","UNCONFIRMED","DRAFT_PRICE_REQUIRED","false","200","Cerveza Rubia 710 Cc Schneider - Jumbo","2026-09-26"
"lays-clasicas-134g","Lay’s","Lay’s Clásicas 134 g","Clásicas","134 g","Bolsa","Snacks","","https://www.jumbo.com.ar/papas-fritas-lays-clasicas-134-g/p","https://jumboargentina.vtexassets.com/arquivos/ids/919999/11130101210.jpg?v=639180172820100000","jumboargentina.vtexassets.com","IMAGE_LICENSE_REVIEW_REQUIRED","IMAGE_LICENSE_REVIEW_REQUIRED","NOT_VISUALLY_REVIEWED","UNCONFIRMED","UNCONFIRMED","DRAFT_PRICE_REQUIRED","false","200","Papas Fritas Sabor Clásicas 134 Grs Lay´s - Jumbo","2026-09-26"
"lays-clasicas-40g","Lay’s","Lay’s Clásicas 40 g","Clásicas","40 g","Bolsa","Snacks","","https://www.jumbo.com.ar/papas-fritas-lays-clasicas-40-g/p","https://jumboargentina.vtexassets.com/arquivos/ids/826817/Papas-Fritas-Lays-Cl-sicas-X-40-Gr-1-971799.jpg?v=638556933777600000","jumboargentina.vtexassets.com","IMAGE_LICENSE_REVIEW_REQUIRED","IMAGE_LICENSE_REVIEW_REQUIRED","NOT_VISUALLY_REVIEWED","UNCONFIRMED","UNCONFIRMED","DRAFT_PRICE_REQUIRED","false","200","Papas Fritas Lays Clásicas 40 G - Jumbo","2026-09-26"
"doritos-queso-129g","Doritos","Doritos Queso 129 g","Queso","129 g","Bolsa","Snacks","","https://www.jumbo.com.ar/nachos-doritos-queso-129-g/p","https://jumboargentina.vtexassets.com/arquivos/ids/826825/Nachos-Sabor-A-Queso-Doritos-X-129-Gr-1-972365.jpg?v=638556933803570000","jumboargentina.vtexassets.com","IMAGE_LICENSE_REVIEW_REQUIRED","IMAGE_LICENSE_REVIEW_REQUIRED","NOT_VISUALLY_REVIEWED","UNCONFIRMED","UNCONFIRMED","DRAFT_PRICE_REQUIRED","false","200","Nachos Sabor Queso 129 Grs Doritos - Jumbo","2026-09-26"
"pehuamar-palitos-salados-90g","Pehuamar","Pehuamar Palitos Salados 90 g","Original","90 g","Bolsa","Snacks","","https://www.jumbo.com.ar/palitos-salados-90-grs-pehuamar/p","https://jumboargentina.vtexassets.com/arquivos/ids/826796/Palitos-Salados-Pehuamar-X-90-Gr-1-859472.jpg?v=638556933698530000","jumboargentina.vtexassets.com","IMAGE_LICENSE_REVIEW_REQUIRED","IMAGE_LICENSE_REVIEW_REQUIRED","NOT_VISUALLY_REVIEWED","UNCONFIRMED","UNCONFIRMED","DRAFT_PRICE_REQUIRED","false","200","Palitos Salados 90 Grs Pehuamar - Jumbo","2026-09-26"
"mani-king-salado-sin-piel-100g","Mani King","Mani King Maní Salado sin Piel 100 g","Salado sin piel","100 g","Bolsa","Snacks","","https://www.jumbo.com.ar/mani-salado-sin-piel-mani-king-100-gr/p","https://jumboargentina.vtexassets.com/arquivos/ids/788483/Man-Mani-King-Salado-Sin-Piel-X100g-1-976844.jpg?v=638253790004330000","jumboargentina.vtexassets.com","IMAGE_LICENSE_REVIEW_REQUIRED","IMAGE_LICENSE_REVIEW_REQUIRED","NOT_VISUALLY_REVIEWED","UNCONFIRMED","UNCONFIRMED","DRAFT_PRICE_REQUIRED","false","200","Maní Salado sin Piel 100 Grs Mani King - Jumbo","2026-09-26"
