sku,external_id,origen,marca,producto,variante,capacidad_ml,envase,units_per_pack,sold_as_pack,alcohol,disponible,precio,image_status,source_status,confidence,fuente_tipo,fuente_titulo,fuente_url
andes-origen-roja-lata-473ml,andes-origen-roja-lata-473ml,gondola-neuquen,Andes Origen,Andes Origen Roja,Roja,473,lata,1,false,true,false,2650,SIN_IMAGEN,SIN_CANDIDATO,,,,
andes-origen-rubia-lata-473ml,andes-origen-rubia-lata-473ml,gondola-neuquen,Andes Origen,Andes Origen Rubia,Rubia,473,lata,1,false,true,false,2650,MASTER_LISTO_SIN_ASOCIAR,SIN_CANDIDATO,,,,
andes-origen-rubia-lata-473ml-pack-6,andes-origen-rubia-lata-473ml-pack-6,gondola-retail-final,Andes Origen,Andes Origen Rubia,Rubia,473,lata,6,true,true,false,23390,MASTER_LISTO_SIN_ASOCIAR,SIN_CANDIDATO,,,,
aquarius-manzana-1500ml,aquarius-manzana-1500ml,produccion,Aquarius,Aquarius Manzana,Manzana,1500,botella-pet,1,false,false,true,1800,PUBLICADA,SIN_CANDIDATO,,,,
aquarius-pera-1500ml,aquarius-pera-1500ml,produccion,Aquarius,Aquarius Pera,Pera,1500,botella-pet,1,false,false,true,1800,PUBLICADA,SIN_CANDIDATO,,,,
aquarius-pomelo-2250ml,aquarius-pomelo-2250ml,produccion,Aquarius,Aquarius Pomelo,Pomelo,2250,botella-pet,1,false,false,true,2650,PUBLICADA,SIN_CANDIDATO,,,,
benedictino-sin-gas-2250ml,benedictino-sin-gas-2250ml,produccion,Benedictino,Benedictino,Sin gas,2250,botella-pet,1,false,false,true,2250,PUBLICADA,SIN_CANDIDATO,,,,
brahma-chopp-lata-473ml-pack-6,brahma-chopp-lata-473ml-pack-6,gondola-retail-final,Brahma,Brahma Chopp,Rubia,473,lata,6,true,true,false,14990,MASTER_LISTO_SIN_ASOCIAR,SIN_CANDIDATO,,,,
brahma-chopp-lata-710ml,brahma-chopp-lata-710ml,gondola-neuquen,Brahma,Brahma Chopp,Rubia,710,lata,1,false,true,false,3000,SIN_IMAGEN,SIN_CANDIDATO,,,,
budweiser-lata-473ml,budweiser-lata-473ml,gondola-neuquen,Budweiser,Budweiser,Lager,473,lata,1,false,true,false,2350,MASTER_LISTO_SIN_ASOCIAR,SIN_CANDIDATO,,,,
budweiser-lata-473ml-pack-6,budweiser-lata-473ml-pack-6,gondola-retail-final,Budweiser,Budweiser,Lager,473,lata,6,true,true,false,19990,MASTER_LISTO_SIN_ASOCIAR,SIN_CANDIDATO,,,,
cafayate-torrontes-750ml,cafayate-torrontes-750ml,gondola-neuquen,Cafayate,Cafayate Torrontés,Torrontés,750,botella,1,false,true,false,5400,SIN_IMAGEN,SIN_CANDIDATO,,,,
cepita-durazno-pet-1500ml,cepita-durazno-pet-1500ml,gondola-retail-final,Cepita,Cepita Durazno,Durazno,1500,botella-pet,1,false,false,false,4490,SIN_IMAGEN,SIN_CANDIDATO,,,,
cepita-naranja-pet-1500ml,cepita-naranja-pet-1500ml,gondola-retail-final,Cepita,Cepita Naranja,Naranja,1500,botella-pet,1,false,false,false,4490,SIN_IMAGEN,SIN_CANDIDATO,,,,
coca-cola-original-2250ml,coca-cola-original-2250ml,produccion,Coca-Cola,Coca-Cola,Original,2250,botella-pet,1,false,false,true,5900,PUBLICADA,SIN_CANDIDATO,,,,
coca-cola-original-botella-pet-500-ml-pack-x12,coca-cola-original-botella-pet-500-ml-pack-x12,produccion,Coca-Cola,Coca-Cola Original,Botella PET · 500 ml · Pack x12,500,botella-pet,12,true,false,true,17100,PUBLICADA,HIGH,HIGH,fabricante,Coca–Cola Original 500ml x12,https://tienda.coca-cola.com.ar/coca-cola-original-500ml-12-100116/p
coca-cola-original-lata-354ml,coca-cola-original-lata-354ml,produccion,Coca-Cola,Coca-Cola,Original,354,lata,1,false,false,true,1800,PUBLICADA,SIN_CANDIDATO,,,,
coca-cola-original-pet-1500ml,coca-cola-original-pet-1500ml,produccion,Coca-Cola,Coca-Cola Original,Original,1500,botella-pet,1,false,false,true,4990,PUBLICADA,SIN_CANDIDATO,,,,
coca-cola-original-pet-500ml,coca-cola-original-pet-500ml,retail-unidades,Coca-Cola,Coca-Cola Original,500 ml,500,botella-pet,1,false,false,false,2290,SIN_IMAGEN,SIN_CANDIDATO,,,,
coca-cola-zero-2250ml,coca-cola-zero-2250ml,produccion,Coca-Cola,Coca-Cola Zero,Sin azúcar,2250,botella-pet,1,false,false,true,5900,PUBLICADA,SIN_CANDIDATO,,,,
coca-cola-zero-botella-pet-500-ml-pack-x12,coca-cola-zero-botella-pet-500-ml-pack-x12,produccion,Coca-Cola,Coca-Cola Zero,Botella PET · 500 ml · Pack x12,500,botella-pet,12,true,false,true,17100,PUBLICADA,HIGH,HIGH,fabricante,Coca–Cola Zero 500ml x12,https://tienda.coca-cola.com.ar/coca-cola-zero-500ml-12-101816/p
coca-cola-zero-lata-354ml,coca-cola-zero-lata-354ml,produccion,Coca-Cola,Coca-Cola Zero,Sin azúcar,354,lata,1,false,false,true,1800,PUBLICADA,SIN_CANDIDATO,,,,
coca-cola-zero-pet-1500ml,coca-cola-zero-pet-1500ml,gondola-retail-final,Coca-Cola,Coca-Cola Zero,Sin azúcar,1500,botella-pet,1,false,false,false,4990,SIN_IMAGEN,SIN_CANDIDATO,,,,
coca-cola-zero-pet-500ml,coca-cola-zero-pet-500ml,retail-unidades,Coca-Cola,Coca-Cola Zero,500 ml,500,botella-pet,1,false,false,false,2290,SIN_IMAGEN,SIN_CANDIDATO,,,,
corona-extra-botella-330ml,corona-extra-botella-330ml,gondola-neuquen,Corona,Corona Extra,Lager,330,botella,1,false,true,false,3400,MASTER_LISTO_SIN_ASOCIAR,SIN_CANDIDATO,,,,
dada-caramel-750ml,dada-caramel-750ml,gondola-neuquen,Dada,Dada Caramel,Caramel,750,botella,1,false,true,false,5900,SIN_IMAGEN,MANUAL_REVIEW,MEDIUM,,,
dr-lemon-vodka-pomelo-lata-473ml,dr-lemon-vodka-pomelo-lata-473ml,gondola-neuquen,Dr. Lemon,Dr. Lemon Vodka Pomelo,Vodka pomelo,473,lata,1,false,true,false,2200,SIN_IMAGEN,SIN_FUENTE,,,,
fanta-naranja-2250ml,fanta-naranja-2250ml,produccion,Fanta,Fanta Naranja,Naranja,2250,botella-pet,1,false,false,true,5900,PUBLICADA,SIN_CANDIDATO,,,,
fanta-naranja-botella-pet-1500-ml-pack-x6,fanta-naranja-botella-pet-1500-ml-pack-x6,pack-lanzamiento,Fanta,Fanta Naranja,Botella PET · 1500 ml · Pack x6,1500,botella-pet,6,true,false,false,,MASTER_LISTO_SIN_ASOCIAR,HIGH,HIGH,fabricante,"Fanta Naranja 1,5L x6",https://tienda.coca-cola.com.ar/fanta-naranja-1-5l-6-7790895000454/p
fanta-naranja-pet-1500ml,fanta-naranja-pet-1500ml,retail-unidades,Fanta,Fanta Naranja,"1,5 L",1500,botella-pet,1,false,false,false,4990,SIN_IMAGEN,SIN_CANDIDATO,,,,
fernet-1882-750ml,fernet-1882-750ml,gondola-neuquen,1882,Fernet 1882,Original,750,botella,1,false,true,false,8950,SIN_IMAGEN,SIN_FUENTE,,,,
fernet-branca-1000ml,fernet-branca-1000ml,gondola-neuquen,Fernet Branca,Fernet Branca,Original,1000,botella,1,false,true,false,26250,MASTER_LISTO_SIN_ASOCIAR,SIN_CANDIDATO,,,,
gancia-americano-450ml,gancia-americano-450ml,gondola-neuquen,Gancia,Gancia Americano,Americano,450,botella,1,false,true,false,4350,SIN_IMAGEN,SIN_CANDIDATO,,,,
gancia-lima-limon-lata-473ml,gancia-lima-limon-lata-473ml,gondola-neuquen,Gancia,Gancia Lima Limón,Lima limón,473,lata,1,false,true,false,2550,MASTER_LISTO_SIN_ASOCIAR,SIN_CANDIDATO,,,,
gatorade-cool-blue-500ml,gatorade-cool-blue-500ml,produccion,Gatorade,Gatorade Cool Blue,Cool Blue,500,botella-pet,1,false,false,true,2000,PUBLICADA,SIN_CANDIDATO,,,,
gatorade-manzana-1250ml,gatorade-manzana-1250ml,produccion,Gatorade,Gatorade Manzana,Manzana,1250,botella-pet,1,false,false,true,2650,PUBLICADA,SIN_CANDIDATO,,,,
gin-gordons-700ml,gin-gordons-700ml,gondola-neuquen,Gordon's,Gordon's London Dry,London Dry,700,botella,1,false,true,false,16800,SIN_IMAGEN,MANUAL_REVIEW,MEDIUM,,,
monster-green-zero-473ml,monster-green-zero-473ml,produccion,Monster,Monster Green Zero,Sin azúcar,473,lata,1,false,false,true,3250,PUBLICADA,SIN_CANDIDATO,,,,
paso-de-los-toros-pomelo-1500ml,paso-de-los-toros-pomelo-1500ml,produccion,Paso de los Toros,Paso de los Toros Pomelo,Pomelo,1500,botella-pet,1,false,false,true,3250,PUBLICADA,SIN_CANDIDATO,,,,
paso-de-los-toros-tonica-1500ml,paso-de-los-toros-tonica-1500ml,produccion,Paso de los Toros,Paso de los Toros Tónica,Tónica,1500,botella-pet,1,false,false,true,3250,PUBLICADA,SIN_CANDIDATO,,,,
patagonia-amber-lager-botella-730ml,patagonia-amber-lager-botella-730ml,gondola-neuquen,Patagonia,Patagonia Amber Lager,Amber Lager,730,botella,1,false,true,false,5300,MASTER_LISTO_SIN_ASOCIAR,SIN_CANDIDATO,,,,
pepsi-black-1500ml,pepsi-black-1500ml,produccion,Pepsi,Pepsi Black,Sin azúcar,1500,botella-pet,1,false,false,true,2650,PUBLICADA,SIN_CANDIDATO,,,,
pepsi-original-2000ml,pepsi-original-2000ml,produccion,Pepsi,Pepsi,Original,2000,botella-pet,1,false,false,true,3800,PUBLICADA,SIN_CANDIDATO,,,,
powerade-mountain-blast-500ml,powerade-mountain-blast-500ml,produccion,Powerade,Powerade Mountain Blast,Mountain Blast,500,botella-pet,1,false,false,true,1450,PUBLICADA,MANUAL_REVIEW,MEDIUM,,,
quilmes-clasica-botella-710ml,quilmes-clasica-botella-710ml,gondola-neuquen,Quilmes,Quilmes Clásica,Lager,710,botella,1,false,true,false,3000,SIN_IMAGEN,SIN_CANDIDATO,,,,
quilmes-clasica-lata-473ml,quilmes-clasica-lata-473ml,gondola-neuquen,Quilmes,Quilmes Clásica,Lager,473,lata,1,false,true,false,2050,SIN_IMAGEN,SIN_CANDIDATO,,,,
quilmes-clasica-lata-473ml-pack-6,quilmes-clasica-lata-473ml-pack-6,gondola-neuquen,Quilmes,Quilmes Clásica,Lager,473,lata,6,true,true,false,11400,SIN_IMAGEN,SIN_CANDIDATO,,,,
quilmes-stout-lata-473ml,quilmes-stout-lata-473ml,gondola-neuquen,Quilmes,Quilmes Stout,Stout,473,lata,1,false,true,false,2050,MASTER_LISTO_SIN_ASOCIAR,SIN_CANDIDATO,,,,
red-bull-original-250ml,red-bull-original-250ml,produccion,Red Bull,Red Bull,Original,250,lata,1,false,false,true,2800,PUBLICADA,SIN_CANDIDATO,,,,
red-bull-sin-azucar-250ml,red-bull-sin-azucar-250ml,produccion,Red Bull,Red Bull Sugarfree,Sin azúcar,250,lata,1,false,false,true,2800,PUBLICADA,SIN_CANDIDATO,,,,
seven-up-original-2000ml,seven-up-original-2000ml,produccion,7UP,7UP,Original,2000,botella-pet,1,false,false,true,3800,PUBLICADA,SIN_CANDIDATO,,,,
soda-manaos-sifon-2000ml,soda-manaos-sifon-2000ml,produccion,Manaos,Soda Manaos,Soda,2000,sifon,1,false,false,true,1750,PUBLICADA,SIN_CANDIDATO,,,,
speed-original-473ml,speed-original-473ml,produccion,Speed,Speed,Original,473,lata,1,false,false,true,2850,PUBLICADA,SIN_CANDIDATO,,,,
speed-zero-473ml,speed-zero-473ml,produccion,Speed,Speed Zero,Sin azúcar,473,lata,1,false,false,true,2850,PUBLICADA,SIN_CANDIDATO,,,,
sprite-botella-pet-500-ml-pack-x12,sprite-botella-pet-500-ml-pack-x12,produccion,Sprite,Sprite,Botella PET · 500 ml · Pack x12,500,botella-pet,12,true,false,true,17100,PUBLICADA,HIGH,HIGH,fabricante,Sprite 500ml x12,https://tienda.coca-cola.com.ar/sprite-500ml-12-7790895000829/p
sprite-original-2250ml,sprite-original-2250ml,produccion,Sprite,Sprite,Original,2250,botella-pet,1,false,false,true,5900,PUBLICADA,SIN_CANDIDATO,,,,
sprite-original-lata-354ml,sprite-original-lata-354ml,produccion,Sprite,Sprite,Original,354,lata,1,false,false,true,1800,PUBLICADA,SIN_CANDIDATO,,,,
sprite-original-pet-1500ml,sprite-original-pet-1500ml,gondola-retail-final,Sprite,Sprite,Original,1500,botella-pet,1,false,false,false,4990,SIN_IMAGEN,SIN_CANDIDATO,,,,
sprite-pet-500ml,sprite-pet-500ml,retail-unidades,Sprite,Sprite,500 ml,500,botella-pet,1,false,false,false,2290,SIN_IMAGEN,SIN_CANDIDATO,,,,
sprite-zero-2250ml,sprite-zero-2250ml,produccion,Sprite,Sprite Zero,Sin azúcar,2250,botella-pet,1,false,false,true,5900,PUBLICADA,SIN_CANDIDATO,,,,
sprite-zero-pet-1500ml,sprite-zero-pet-1500ml,gondola-retail-final,Sprite,Sprite Zero,Sin azúcar,1500,botella-pet,1,false,false,false,4990,SIN_IMAGEN,SIN_CANDIDATO,,,,
stella-artois-lata-473ml,stella-artois-lata-473ml,gondola-neuquen,Stella Artois,Stella Artois,Lager,473,lata,1,false,true,false,3600,MASTER_LISTO_SIN_ASOCIAR,SIN_CANDIDATO,,,,
stella-artois-lata-473ml-pack-6,stella-artois-lata-473ml-pack-6,gondola-retail-final,Stella Artois,Stella Artois,Lager,473,lata,6,true,true,false,29490,MASTER_LISTO_SIN_ASOCIAR,SIN_CANDIDATO,,,,
toro-tinto-1000ml,toro-tinto-1000ml,gondola-neuquen,Toro,Toro,Tinto,1000,botella,1,false,true,false,2300,SIN_IMAGEN,SIN_CANDIDATO,,,,
toro-viejo-clasico-tinto-750ml,toro-viejo-clasico-tinto-750ml,gondola-neuquen,Toro Viejo,Toro Viejo Clásico,Tinto,750,botella,1,false,true,false,2550,SIN_IMAGEN,SIN_CANDIDATO,,,,
trapiche-origen-malbec-750ml,trapiche-origen-malbec-750ml,gondola-neuquen,Trapiche,Trapiche Origen Malbec,Malbec,750,botella,1,false,true,false,6150,SIN_IMAGEN,HIGH,HIGH,distribuidor_oficial,ORIGEN BY TRAPICHE MALBEC 1X750ml,https://tienda.coca-cola.com.ar/origen-by-trapiche-malbec-1x750ml/p
villa-del-sur-sin-gas-600ml,villa-del-sur-sin-gas-600ml,produccion,Villa del Sur,Villa del Sur,Sin gas,600,botella-pet,1,false,false,true,1700,PUBLICADA,SIN_CANDIDATO,,,,
villa-del-sur-sin-gas-pet-2250ml,villa-del-sur-sin-gas-pet-2250ml,gondola-retail-final,Villa del Sur,Villa del Sur,Sin gas,2250,botella-pet,1,false,false,false,2890,SIN_IMAGEN,SIN_CANDIDATO,,,,
villavicencio-con-gas-500ml,villavicencio-con-gas-500ml,produccion,Villavicencio,Villavicencio,Con gas,500,botella-pet,1,false,false,true,1900,PUBLICADA,SIN_CANDIDATO,,,,
villavicencio-con-gas-pet-1500ml,villavicencio-con-gas-pet-1500ml,gondola-retail-final,Villavicencio,Villavicencio,Con gas,1500,botella-pet,1,false,false,false,3490,SIN_IMAGEN,SIN_CANDIDATO,,,,
villavicencio-sin-gas-1500ml,villavicencio-sin-gas-1500ml,produccion,Villavicencio,Villavicencio,Sin gas,1500,botella-pet,1,false,false,true,2400,PUBLICADA,SIN_CANDIDATO,,,,
vodka-skyy-700ml,vodka-skyy-700ml,gondola-neuquen,Skyy,Skyy Vodka,Original,700,botella,1,false,true,false,9500,SIN_IMAGEN,SIN_CANDIDATO,,,,
