path,status,size,classification,decision,reason
C:/1212/la-taba-commerce-v3/artifacts/taba2-gondola-neuquen/01-home.png, M,341199,C,preserve,Trabajo local conservado para revisión; no implica certificación.
C:/1212/la-taba-commerce-v3/artifacts/taba2-gondola-neuquen/02-catalogo.png, M,452115,C,preserve,Trabajo local conservado para revisión; no implica certificación.
C:/1212/la-taba-commerce-v3/artifacts/taba2-gondola-neuquen/03-cervezas.png, M,131577,C,preserve,Trabajo local conservado para revisión; no implica certificación.
C:/1212/la-taba-commerce-v3/artifacts/taba2-gondola-neuquen/04-fernet.png, M,48389,C,preserve,Trabajo local conservado para revisión; no implica certificación.
C:/1212/la-taba-commerce-v3/artifacts/taba2-gondola-neuquen/05-ficha.png, M,35678,C,preserve,Trabajo local conservado para revisión; no implica certificación.
C:/1212/la-taba-promos-packshots/assets/catalog/beverages/coca-cola-original-pet-1500ml-pack-6/product.webp, M,19520,C,preserve,Trabajo local conservado para revisión; no implica certificación.
C:/1212/la-taba-promos-packshots/assets/catalog/beverages/coca-cola-original-pet-1500ml-pack-6/thumbnail.webp, M,6492,C,preserve,Trabajo local conservado para revisión; no implica certificación.
C:/1212/la-taba-promos-packshots/assets/catalog/beverages/coca-cola-original-pet-500ml-pack-12/product.webp, M,20490,C,preserve,Trabajo local conservado para revisión; no implica certificación.
C:/1212/la-taba-promos-packshots/assets/catalog/beverages/coca-cola-original-pet-500ml-pack-12/thumbnail.webp, M,6346,C,preserve,Trabajo local conservado para revisión; no implica certificación.
C:/1212/la-taba-promos-packshots/assets/catalog/beverages/coca-cola-zero-pet-1500ml-pack-6/product.webp, M,17700,C,preserve,Trabajo local conservado para revisión; no implica certificación.
C:/1212/la-taba-promos-packshots/assets/catalog/beverages/coca-cola-zero-pet-1500ml-pack-6/thumbnail.webp, M,6000,C,preserve,Trabajo local conservado para revisión; no implica certificación.
C:/1212/la-taba-promos-packshots/assets/catalog/beverages/coca-cola-zero-pet-500ml-pack-12/product.webp, M,17300,C,preserve,Trabajo local conservado para revisión; no implica certificación.
C:/1212/la-taba-promos-packshots/assets/catalog/beverages/coca-cola-zero-pet-500ml-pack-12/thumbnail.webp, M,5836,C,preserve,Trabajo local conservado para revisión; no implica certificación.
C:/1212/la-taba-promos-packshots/assets/catalog/beverages/corona-extra-botella-330ml/product.webp, M,31136,C,preserve,Trabajo local conservado para revisión; no implica certificación.
C:/1212/la-taba-promos-packshots/assets/catalog/beverages/corona-extra-botella-330ml/thumbnail.webp, M,7636,C,preserve,Trabajo local conservado para revisión; no implica certificación.
C:/1212/la-taba-promos-packshots/assets/catalog/beverages/fanta-naranja-pet-1500ml-pack-6/product.webp, M,17988,C,preserve,Trabajo local conservado para revisión; no implica certificación.
C:/1212/la-taba-promos-packshots/assets/catalog/beverages/fanta-naranja-pet-1500ml-pack-6/thumbnail.webp, M,5712,C,preserve,Trabajo local conservado para revisión; no implica certificación.
C:/1212/la-taba-promos-packshots/assets/catalog/beverages/heineken-original-lata-473ml-pack-6/product.webp, M,40084,C,preserve,Trabajo local conservado para revisión; no implica certificación.
C:/1212/la-taba-promos-packshots/assets/catalog/beverages/heineken-original-lata-473ml-pack-6/thumbnail.webp, M,9672,C,preserve,Trabajo local conservado para revisión; no implica certificación.
C:/1212/la-taba-promos-packshots/assets/catalog/beverages/heineken-original-lata-473ml/product.webp, M,40084,C,preserve,Trabajo local conservado para revisión; no implica certificación.
C:/1212/la-taba-promos-packshots/assets/catalog/beverages/heineken-original-lata-473ml/thumbnail.webp, M,9672,C,preserve,Trabajo local conservado para revisión; no implica certificación.
C:/1212/la-taba-promos-packshots/assets/catalog/beverages/imperial-apa-lata-473ml/product.webp, M,27002,C,preserve,Trabajo local conservado para revisión; no implica certificación.
C:/1212/la-taba-promos-packshots/assets/catalog/beverages/imperial-apa-lata-473ml/thumbnail.webp, M,7378,C,preserve,Trabajo local conservado para revisión; no implica certificación.
C:/1212/la-taba-promos-packshots/assets/catalog/beverages/imperial-cream-stout-lata-473ml/product.webp, M,31898,C,preserve,Trabajo local conservado para revisión; no implica certificación.
C:/1212/la-taba-promos-packshots/assets/catalog/beverages/imperial-cream-stout-lata-473ml/thumbnail.webp, M,7970,C,preserve,Trabajo local conservado para revisión; no implica certificación.
C:/1212/la-taba-promos-packshots/assets/catalog/beverages/imperial-extra-lager-lata-473ml/product.webp, M,22308,C,preserve,Trabajo local conservado para revisión; no implica certificación.
C:/1212/la-taba-promos-packshots/assets/catalog/beverages/imperial-extra-lager-lata-473ml/thumbnail.webp, M,6176,C,preserve,Trabajo local conservado para revisión; no implica certificación.
C:/1212/la-taba-promos-packshots/assets/catalog/beverages/imperial-golden-lata-473ml/product.webp, M,31098,C,preserve,Trabajo local conservado para revisión; no implica certificación.
C:/1212/la-taba-promos-packshots/assets/catalog/beverages/imperial-golden-lata-473ml/thumbnail.webp, M,10036,C,preserve,Trabajo local conservado para revisión; no implica certificación.
C:/1212/la-taba-promos-packshots/assets/catalog/beverages/monster-mango-loco-lata-473ml/product.webp, M,73026,C,preserve,Trabajo local conservado para revisión; no implica certificación.
C:/1212/la-taba-promos-packshots/assets/catalog/beverages/monster-mango-loco-lata-473ml/thumbnail.webp, M,18524,C,preserve,Trabajo local conservado para revisión; no implica certificación.
C:/1212/la-taba-promos-packshots/assets/catalog/beverages/red-bull-original-lata-250ml-pack-4/product.webp, M,60118,C,preserve,Trabajo local conservado para revisión; no implica certificación.
C:/1212/la-taba-promos-packshots/assets/catalog/beverages/red-bull-original-lata-250ml-pack-4/thumbnail.webp, M,13560,C,preserve,Trabajo local conservado para revisión; no implica certificación.
C:/1212/la-taba-promos-packshots/assets/catalog/beverages/red-bull-original-lata-250ml/product.webp, M,28828,C,preserve,Trabajo local conservado para revisión; no implica certificación.
C:/1212/la-taba-promos-packshots/assets/catalog/beverages/red-bull-original-lata-250ml/thumbnail.webp, M,7968,C,preserve,Trabajo local conservado para revisión; no implica certificación.
C:/1212/la-taba-promos-packshots/assets/catalog/beverages/schneider-rubia-lata-710ml/product.webp, M,22622,C,preserve,Trabajo local conservado para revisión; no implica certificación.
C:/1212/la-taba-promos-packshots/assets/catalog/beverages/schneider-rubia-lata-710ml/thumbnail.webp, M,8290,C,preserve,Trabajo local conservado para revisión; no implica certificación.
C:/1212/la-taba-promos-packshots/assets/catalog/beverages/schweppes-citrus-pet-1500ml-pack-6/product.webp, M,16104,C,preserve,Trabajo local conservado para revisión; no implica certificación.
C:/1212/la-taba-promos-packshots/assets/catalog/beverages/schweppes-citrus-pet-1500ml-pack-6/thumbnail.webp, M,4766,C,preserve,Trabajo local conservado para revisión; no implica certificación.
C:/1212/la-taba-promos-packshots/assets/catalog/beverages/schweppes-tonica-pet-1500ml-pack-6/product.webp, M,13910,C,preserve,Trabajo local conservado para revisión; no implica certificación.
C:/1212/la-taba-promos-packshots/assets/catalog/beverages/schweppes-tonica-pet-1500ml-pack-6/thumbnail.webp, M,3902,C,preserve,Trabajo local conservado para revisión; no implica certificación.
C:/1212/la-taba-promos-packshots/assets/catalog/beverages/speed-original-lata-473ml/product.webp, M,24550,C,preserve,Trabajo local conservado para revisión; no implica certificación.
C:/1212/la-taba-promos-packshots/assets/catalog/beverages/speed-original-lata-473ml/thumbnail.webp, M,8136,C,preserve,Trabajo local conservado para revisión; no implica certificación.
C:/1212/la-taba-promos-packshots/assets/catalog/beverages/speed-zero-lata-473ml/product.webp, M,24808,C,preserve,Trabajo local conservado para revisión; no implica certificación.
C:/1212/la-taba-promos-packshots/assets/catalog/beverages/speed-zero-lata-473ml/thumbnail.webp, M,8002,C,preserve,Trabajo local conservado para revisión; no implica certificación.
C:/1212/la-taba-promos-packshots/assets/catalog/beverages/sprite-original-pet-1500ml-pack-6/product.webp, M,14828,C,preserve,Trabajo local conservado para revisión; no implica certificación.
C:/1212/la-taba-promos-packshots/assets/catalog/beverages/sprite-original-pet-1500ml-pack-6/thumbnail.webp, M,4390,C,preserve,Trabajo local conservado para revisión; no implica certificación.
C:/1212/la-taba-promos-packshots/assets/catalog/beverages/sprite-original-pet-500ml-pack-12/product.webp, M,13898,C,preserve,Trabajo local conservado para revisión; no implica certificación.
C:/1212/la-taba-promos-packshots/assets/catalog/beverages/sprite-original-pet-500ml-pack-12/thumbnail.webp, M,4104,C,preserve,Trabajo local conservado para revisión; no implica certificación.
C:/1212/la-taba-promos-packshots/data/preview-promotions.csv, M,3151,C,preserve,Trabajo local conservado para revisión; no implica certificación.
C:/1212/la-taba-promos-packshots/js/approved-beverage-demo-data.js, M,41046,A+G,preserve,Trabajo local conservado para revisión; no implica certificación.
C:/1212/la-taba-promos-packshots/js/preview-promotions-data.js, M,5645,A+G,preserve,Trabajo local conservado para revisión; no implica certificación.
C:/1212/la-taba-promos-packshots/scripts/catalog-images/compose-promotion-images.mjs,??,6617,A+G,preserve,Trabajo local conservado para revisión; no implica certificación.
C:/1212/la-taba-promos-packshots/scripts/catalog-images/normalize-demo-packshots.mjs,??,8315,A+G,preserve,Trabajo local conservado para revisión; no implica certificación.
C:/1212/la-taba-promos-packshots/scripts/import-approved-beverages.mjs,??,2432,A+G,preserve,Trabajo local conservado para revisión; no implica certificación.
C:/1212/la-taba-promos-packshots/scripts/import-preview-promotions.mjs,??,4088,A+G,preserve,Trabajo local conservado para revisión; no implica certificación.
C:/1212/la-taba-real-orders-staging/docs/real-rider-gps-supabase.md, M,5449,C,preserve,Trabajo local conservado para revisión; no implica certificación.
C:/1212/la-taba-real-orders-staging/js/app.js, M,63605,A+G,preserve,Trabajo local conservado para revisión; no implica certificación.
C:/1212/la-taba-real-orders-staging/js/production-operations.js, M,28312,A+G,preserve,Trabajo local conservado para revisión; no implica certificación.
C:/1212/la-taba-real-orders-staging/js/repositories/supabase_order_repository.js, M,83618,A+G,preserve,Trabajo local conservado para revisión; no implica certificación.
C:/1212/la-taba-real-orders-staging/js/tracking/production_rider_gps.js, M,8736,A+G,preserve,Trabajo local conservado para revisión; no implica certificación.
C:/1212/la-taba-real-orders-staging/tests/production-rider-gps.test.mjs, M,3318,B+G,preserve,Trabajo local conservado para revisión; no implica certificación.
C:/1212/la-taba-real-orders-staging/supabase/migrations/20260801040000_rider_gps_tracking_gate2.sql,??,28258,A+G,preserve,Trabajo local conservado para revisión; no implica certificación.
C:/1212/la-taba-real-orders-staging/tests/e2e/rider-gps-gate2.spec.mjs,??,2877,B+G,preserve,Trabajo local conservado para revisión; no implica certificación.
C:/1212/la-taba-real-orders-staging/tests/rider-gps-gate2.test.mjs,??,5637,B+G,preserve,Trabajo local conservado para revisión; no implica certificación.
C:/1212/la-taba-real-pilot-staging/docs/catalog/image-manifest.json, M,30139,C,preserve,Trabajo local conservado para revisión; no implica certificación.
C:/1212/la-taba-real-pilot-staging/docs/catalog/image-source-audit.csv, M,6483,C,preserve,Trabajo local conservado para revisión; no implica certificación.
C:/1212/la-taba-real-pilot-staging/runtime-config.js, M,456,E,exclude,Contiene configuración de acceso/token: no publicar; recrear el archivo en la PC principal.
C:/1212/la-taba-real-pilot-staging/tests/catalog-image-pipeline.test.mjs, M,32476,B+G,preserve,Trabajo local conservado para revisión; no implica certificación.
C:/1212/la-taba-real-pilot-staging/tests/image-sources.test.mjs, M,3434,B+G,preserve,Trabajo local conservado para revisión; no implica certificación.
C:/1212/la-taba-real-pilot-staging/assets/catalog/products/coca-cola-original-pet-1500ml-pack-6-4dd4dd8696d9f28a-c902a03bb7d90fa1.webp,??,18708,C,preserve,Trabajo local conservado para revisión; no implica certificación.
C:/1212/la-taba-real-pilot-staging/assets/catalog/products/coca-cola-original-pet-500ml-pack-12-f812d28610cbb209-04dfcc7856cedc7a.webp,??,21506,C,preserve,Trabajo local conservado para revisión; no implica certificación.
C:/1212/la-taba-real-pilot-staging/assets/catalog/products/coca-cola-zero-pet-1500ml-pack-6-f8890e19d3c302be-9556ac06b128e0f1.webp,??,17738,C,preserve,Trabajo local conservado para revisión; no implica certificación.
C:/1212/la-taba-real-pilot-staging/assets/catalog/products/coca-cola-zero-pet-500ml-pack-12-4faf9370e3d06470-29bf5929f9362853.webp,??,19910,C,preserve,Trabajo local conservado para revisión; no implica certificación.
C:/1212/la-taba-real-pilot-staging/assets/catalog/products/corona-extra-botella-330ml-ca9781e2278bb008-eb14789fc9ba2b5e.webp,??,43104,C,preserve,Trabajo local conservado para revisión; no implica certificación.
C:/1212/la-taba-real-pilot-staging/assets/catalog/products/fanta-naranja-pet-1500ml-pack-6-4bd6206c6990bcd4-1db67196a34cef67.webp,??,18100,C,preserve,Trabajo local conservado para revisión; no implica certificación.
C:/1212/la-taba-real-pilot-staging/assets/catalog/products/heineken-original-lata-473ml-88a70213819737aa-ef3789546e789f47.webp,??,47920,C,preserve,Trabajo local conservado para revisión; no implica certificación.
C:/1212/la-taba-real-pilot-staging/assets/catalog/products/heineken-original-lata-473ml-pack-6-23d24c0ba47bf7bd-ef3789546e789f47.webp,??,47920,C,preserve,Trabajo local conservado para revisión; no implica certificación.
C:/1212/la-taba-real-pilot-staging/assets/catalog/products/imperial-apa-lata-473ml-252c09f4b889ae6f-97237bc8b45d562d.webp,??,38348,C,preserve,Trabajo local conservado para revisión; no implica certificación.
C:/1212/la-taba-real-pilot-staging/assets/catalog/products/imperial-cream-stout-lata-473ml-c0893e3d352f8171-5713d8684b724398.webp,??,21134,C,preserve,Trabajo local conservado para revisión; no implica certificación.
C:/1212/la-taba-real-pilot-staging/assets/catalog/products/imperial-extra-lager-lata-473ml-d737ddfe9bbd556b-9e752cb4d310190d.webp,??,30014,C,preserve,Trabajo local conservado para revisión; no implica certificación.
C:/1212/la-taba-real-pilot-staging/assets/catalog/products/imperial-golden-lata-473ml-084d1d52ac7683f6-c05f6df16930fd0a.webp,??,29960,C,preserve,Trabajo local conservado para revisión; no implica certificación.
C:/1212/la-taba-real-pilot-staging/assets/catalog/products/monster-mango-loco-lata-473ml-06fc27a074bedc39-35f4bdbd38d7ffb3.webp,??,124958,C,preserve,Trabajo local conservado para revisión; no implica certificación.
C:/1212/la-taba-real-pilot-staging/assets/catalog/products/red-bull-original-lata-250ml-a0fb8a1e53857cb0-2c87ba6374277260.webp,??,30306,C,preserve,Trabajo local conservado para revisión; no implica certificación.
C:/1212/la-taba-real-pilot-staging/assets/catalog/products/red-bull-original-lata-250ml-pack-4-dfc483a315041dd9-2510f4f923172d31.webp,??,79472,C,preserve,Trabajo local conservado para revisión; no implica certificación.
C:/1212/la-taba-real-pilot-staging/assets/catalog/products/schneider-rubia-lata-710ml-347047a6fbca2905-c9908164a74d2697.webp,??,27160,C,preserve,Trabajo local conservado para revisión; no implica certificación.
C:/1212/la-taba-real-pilot-staging/assets/catalog/products/schweppes-citrus-pet-1500ml-pack-6-a9589d92b449af3f-d558fc8259b96ff5.webp,??,15058,C,preserve,Trabajo local conservado para revisión; no implica certificación.
C:/1212/la-taba-real-pilot-staging/assets/catalog/products/schweppes-tonica-pet-1500ml-pack-6-0e47bbb5c6bcca20-626c925037c60e3f.webp,??,12662,C,preserve,Trabajo local conservado para revisión; no implica certificación.
C:/1212/la-taba-real-pilot-staging/assets/catalog/products/speed-original-lata-473ml-a303d09518ae7a4b-4e009cb3351fcf74.webp,??,31098,C,preserve,Trabajo local conservado para revisión; no implica certificación.
C:/1212/la-taba-real-pilot-staging/assets/catalog/products/speed-zero-lata-473ml-c45aff7cdb23246b-ef7a5d8a4db3a52d.webp,??,26286,C,preserve,Trabajo local conservado para revisión; no implica certificación.
C:/1212/la-taba-real-pilot-staging/assets/catalog/products/sprite-original-pet-1500ml-pack-6-ec5c5b485626c057-b4d20a5baa5f2a5a.webp,??,13468,C,preserve,Trabajo local conservado para revisión; no implica certificación.
C:/1212/la-taba-real-pilot-staging/assets/catalog/products/sprite-original-pet-500ml-pack-12-092d6e0e529e38d0-b19917623b223ce0.webp,??,15308,C,preserve,Trabajo local conservado para revisión; no implica certificación.
C:/1212/la-taba-real-pilot-staging/assets/catalog/thumbnails/coca-cola-original-pet-1500ml-pack-6-4dd4dd8696d9f28a-thumb-f25ffa6a5e3c3913.webp,??,4890,C,preserve,Trabajo local conservado para revisión; no implica certificación.
C:/1212/la-taba-real-pilot-staging/assets/catalog/thumbnails/coca-cola-original-pet-500ml-pack-12-f812d28610cbb209-thumb-df23de8e26b14f9a.webp,??,5630,C,preserve,Trabajo local conservado para revisión; no implica certificación.
C:/1212/la-taba-real-pilot-staging/assets/catalog/thumbnails/coca-cola-zero-pet-1500ml-pack-6-f8890e19d3c302be-thumb-4bbc3f297e47ec8c.webp,??,4464,C,preserve,Trabajo local conservado para revisión; no implica certificación.
C:/1212/la-taba-real-pilot-staging/assets/catalog/thumbnails/coca-cola-zero-pet-500ml-pack-12-4faf9370e3d06470-thumb-57e40df3411c3fcd.webp,??,5244,C,preserve,Trabajo local conservado para revisión; no implica certificación.
C:/1212/la-taba-real-pilot-staging/assets/catalog/thumbnails/corona-extra-botella-330ml-ca9781e2278bb008-thumb-594b682a7c41a5f9.webp,??,8938,C,preserve,Trabajo local conservado para revisión; no implica certificación.
C:/1212/la-taba-real-pilot-staging/assets/catalog/thumbnails/fanta-naranja-pet-1500ml-pack-6-4bd6206c6990bcd4-thumb-ffbd8df21238a204.webp,??,5084,C,preserve,Trabajo local conservado para revisión; no implica certificación.
C:/1212/la-taba-real-pilot-staging/assets/catalog/thumbnails/heineken-original-lata-473ml-88a70213819737aa-thumb-e118f0d43eefb385.webp,??,11058,C,preserve,Trabajo local conservado para revisión; no implica certificación.
C:/1212/la-taba-real-pilot-staging/assets/catalog/thumbnails/heineken-original-lata-473ml-pack-6-23d24c0ba47bf7bd-thumb-e118f0d43eefb385.webp,??,11058,C,preserve,Trabajo local conservado para revisión; no implica certificación.
C:/1212/la-taba-real-pilot-staging/assets/catalog/thumbnails/imperial-apa-lata-473ml-252c09f4b889ae6f-thumb-dd2eeed7be9a4913.webp,??,8856,C,preserve,Trabajo local conservado para revisión; no implica certificación.
C:/1212/la-taba-real-pilot-staging/assets/catalog/thumbnails/imperial-cream-stout-lata-473ml-c0893e3d352f8171-thumb-42bc405c83f4c6e9.webp,??,3998,C,preserve,Trabajo local conservado para revisión; no implica certificación.
C:/1212/la-taba-real-pilot-staging/assets/catalog/thumbnails/imperial-extra-lager-lata-473ml-d737ddfe9bbd556b-thumb-b518b2ad06ca0dde.webp,??,7138,C,preserve,Trabajo local conservado para revisión; no implica certificación.
C:/1212/la-taba-real-pilot-staging/assets/catalog/thumbnails/imperial-golden-lata-473ml-084d1d52ac7683f6-thumb-0b7ddebd0a506d7c.webp,??,9342,C,preserve,Trabajo local conservado para revisión; no implica certificación.
C:/1212/la-taba-real-pilot-staging/assets/catalog/thumbnails/monster-mango-loco-lata-473ml-06fc27a074bedc39-thumb-cc5e259e03bfa244.webp,??,29152,C,preserve,Trabajo local conservado para revisión; no implica certificación.
C:/1212/la-taba-real-pilot-staging/assets/catalog/thumbnails/red-bull-original-lata-250ml-a0fb8a1e53857cb0-thumb-19bd5066af5a56f2.webp,??,7792,C,preserve,Trabajo local conservado para revisión; no implica certificación.
C:/1212/la-taba-real-pilot-staging/assets/catalog/thumbnails/red-bull-original-lata-250ml-pack-4-dfc483a315041dd9-thumb-ddf64d388ce47654.webp,??,17560,C,preserve,Trabajo local conservado para revisión; no implica certificación.
C:/1212/la-taba-real-pilot-staging/assets/catalog/thumbnails/schneider-rubia-lata-710ml-347047a6fbca2905-thumb-06218f7c70b3b887.webp,??,9552,C,preserve,Trabajo local conservado para revisión; no implica certificación.
C:/1212/la-taba-real-pilot-staging/assets/catalog/thumbnails/schweppes-citrus-pet-1500ml-pack-6-a9589d92b449af3f-thumb-d13e9b386cca1f16.webp,??,3990,C,preserve,Trabajo local conservado para revisión; no implica certificación.
C:/1212/la-taba-real-pilot-staging/assets/catalog/thumbnails/schweppes-tonica-pet-1500ml-pack-6-0e47bbb5c6bcca20-thumb-18b3e024b7535279.webp,??,3246,C,preserve,Trabajo local conservado para revisión; no implica certificación.
C:/1212/la-taba-real-pilot-staging/assets/catalog/thumbnails/speed-original-lata-473ml-a303d09518ae7a4b-thumb-5092573e9dc9c62f.webp,??,8884,C,preserve,Trabajo local conservado para revisión; no implica certificación.
C:/1212/la-taba-real-pilot-staging/assets/catalog/thumbnails/speed-zero-lata-473ml-c45aff7cdb23246b-thumb-2d99a4943d5df27f.webp,??,8868,C,preserve,Trabajo local conservado para revisión; no implica certificación.
C:/1212/la-taba-real-pilot-staging/assets/catalog/thumbnails/sprite-original-pet-1500ml-pack-6-ec5c5b485626c057-thumb-906cdf37225c3c32.webp,??,3444,C,preserve,Trabajo local conservado para revisión; no implica certificación.
C:/1212/la-taba-real-pilot-staging/assets/catalog/thumbnails/sprite-original-pet-500ml-pack-12-092d6e0e529e38d0-thumb-b345ac3117ad8948.webp,??,3686,C,preserve,Trabajo local conservado para revisión; no implica certificación.
C:/1212/la-taba-real-pilot-staging/data/catalog-staging-qa.csv,??,6601,C,preserve,Trabajo local conservado para revisión; no implica certificación.
C:/1212/la-taba-real-pilot-staging/supabase/.temp/gotrue-version,??,8,D+E,exclude,"Configuración, sesión, credencial o metadato local; recrear sin publicar valores."
C:/1212/la-taba-real-pilot-staging/supabase/.temp/linked-project.json,??,139,D+E,exclude,"Configuración, sesión, credencial o metadato local; recrear sin publicar valores."
C:/1212/la-taba-real-pilot-staging/supabase/.temp/pooler-url,??,92,D+E,exclude,"Configuración, sesión, credencial o metadato local; recrear sin publicar valores."
C:/1212/la-taba-real-pilot-staging/supabase/.temp/postgres-version,??,10,D+E,exclude,"Configuración, sesión, credencial o metadato local; recrear sin publicar valores."
C:/1212/la-taba-real-pilot-staging/supabase/.temp/project-ref,??,20,D+E,exclude,"Configuración, sesión, credencial o metadato local; recrear sin publicar valores."
C:/1212/la-taba-real-pilot-staging/supabase/.temp/rest-version,??,5,D+E,exclude,"Configuración, sesión, credencial o metadato local; recrear sin publicar valores."
C:/1212/la-taba-real-pilot-staging/supabase/.temp/storage-migration,??,33,D+E,exclude,"Configuración, sesión, credencial o metadato local; recrear sin publicar valores."
C:/1212/la-taba-real-pilot-staging/supabase/.temp/storage-version,??,8,D+E,exclude,"Configuración, sesión, credencial o metadato local; recrear sin publicar valores."
C:/1212/la-taba-redesign-rojo/index.html, M,46387,A+G,preserve,Trabajo local conservado para revisión; no implica certificación.
C:/1212/la-taba-redesign-rojo/js/app.js, M,63554,A+G,preserve,Trabajo local conservado para revisión; no implica certificación.
C:/1212/la-taba-redesign-rojo/js/ui.js, M,118467,A+G,preserve,Trabajo local conservado para revisión; no implica certificación.
C:/1212/la-taba-redesign-rojo/styles.css, M,97392,A+G,preserve,Trabajo local conservado para revisión; no implica certificación.
C:/1212/la-taba-redesign-rojo/tests/e2e/beverage-storefront.spec.mjs, M,16973,B+G,preserve,Trabajo local conservado para revisión; no implica certificación.
C:/1212/la-taba-redesign-rojo/tests/e2e/honesty-mode.spec.mjs, M,12443,B+G,preserve,Trabajo local conservado para revisión; no implica certificación.
C:/1212/la-taba-redesign-rojo/tests/e2e/ios-autozoom-safety.spec.mjs, M,11150,B+G,preserve,Trabajo local conservado para revisión; no implica certificación.
C:/1212/la-taba-redesign-rojo/tests/e2e/ios-phantom-scroll.spec.mjs, M,15075,B+G,preserve,Trabajo local conservado para revisión; no implica certificación.
C:/1212/la-taba-redesign-rojo/tests/e2e/la-taba.spec.mjs, M,36901,B+G,preserve,Trabajo local conservado para revisión; no implica certificación.
C:/1212/la-taba-redesign-rojo/tests/e2e/tracking-arriving.spec.mjs, M,14155,B+G,preserve,Trabajo local conservado para revisión; no implica certificación.
C:/1212/la-taba-redesign-rojo/tests/promotions.test.mjs, M,9646,B+G,preserve,Trabajo local conservado para revisión; no implica certificación.
C:/1212/la-taba-staging-pilot/supabase/.temp/gotrue-version,??,8,D+E,exclude,"Configuración, sesión, credencial o metadato local; recrear sin publicar valores."
C:/1212/la-taba-staging-pilot/supabase/.temp/linked-project.json,??,139,D+E,exclude,"Configuración, sesión, credencial o metadato local; recrear sin publicar valores."
C:/1212/la-taba-staging-pilot/supabase/.temp/pooler-url,??,92,D+E,exclude,"Configuración, sesión, credencial o metadato local; recrear sin publicar valores."
C:/1212/la-taba-staging-pilot/supabase/.temp/postgres-version,??,10,D+E,exclude,"Configuración, sesión, credencial o metadato local; recrear sin publicar valores."
C:/1212/la-taba-staging-pilot/supabase/.temp/project-ref,??,20,D+E,exclude,"Configuración, sesión, credencial o metadato local; recrear sin publicar valores."
C:/1212/la-taba-staging-pilot/supabase/.temp/rest-version,??,5,D+E,exclude,"Configuración, sesión, credencial o metadato local; recrear sin publicar valores."
C:/1212/la-taba-staging-pilot/supabase/.temp/storage-migration,??,33,D+E,exclude,"Configuración, sesión, credencial o metadato local; recrear sin publicar valores."
C:/1212/la-taba-staging-pilot/supabase/.temp/storage-version,??,8,D+E,exclude,"Configuración, sesión, credencial o metadato local; recrear sin publicar valores."
C:/1212/la-taba-ui-polish-brand/index.html, M,39618,A+G,preserve,Trabajo local conservado para revisión; no implica certificación.
C:/1212/la-taba-ui-polish-brand/js/config.js, M,5608,A+G,preserve,Trabajo local conservado para revisión; no implica certificación.
C:/1212/la-taba-ui-polish-brand/js/customer-profile-view.js, M,25606,A+G,preserve,Trabajo local conservado para revisión; no implica certificación.
C:/1212/la-taba-ui-polish-brand/js/showcase.js, M,21245,A+G,preserve,Trabajo local conservado para revisión; no implica certificación.
C:/1212/la-taba-ui-polish-brand/js/state.js, M,29750,A+G,preserve,Trabajo local conservado para revisión; no implica certificación.
C:/1212/la-taba-ui-polish-brand/js/ui.js, M,116971,A+G,preserve,Trabajo local conservado para revisión; no implica certificación.
C:/1212/la-taba-ui-polish-brand/manifest.webmanifest, M,662,A+G,preserve,Trabajo local conservado para revisión; no implica certificación.
C:/1212/la-taba-ui-polish-brand/runtime-config.js, M,671,A+G,preserve,Trabajo local conservado para revisión; no implica certificación.
C:/1212/la-taba-ui-polish-brand/styles.css, M,3623,A+G,preserve,Trabajo local conservado para revisión; no implica certificación.
C:/1212/la-taba-ui-polish-brand/styles/common.css, M,18038,A+G,preserve,Trabajo local conservado para revisión; no implica certificación.
C:/1212/la-taba-ui-polish-brand/styles/profile.css, M,11478,A+G,preserve,Trabajo local conservado para revisión; no implica certificación.
C:/1212/la-taba-ui-polish-brand/styles/storefront.css, M,31847,A+G,preserve,Trabajo local conservado para revisión; no implica certificación.
C:/1212/la-taba-ui-polish-brand/sw.js, M,4852,A+G,preserve,Trabajo local conservado para revisión; no implica certificación.
C:/1212/la-taba-ui-polish-brand/tests/config.test.mjs, M,1153,B+G,preserve,Trabajo local conservado para revisión; no implica certificación.
C:/1212/la-taba-ui-polish-brand/tests/e2e/beverage-storefront.spec.mjs, M,16727,B+G,preserve,Trabajo local conservado para revisión; no implica certificación.
C:/1212/la-taba-ui-polish-brand/tests/e2e/business-inbox.spec.mjs, M,12870,B+G,preserve,Trabajo local conservado para revisión; no implica certificación.
C:/1212/la-taba-ui-polish-brand/tests/e2e/business-setup.spec.mjs, M,6381,B+G,preserve,Trabajo local conservado para revisión; no implica certificación.
C:/1212/la-taba-ui-polish-brand/tests/e2e/ios-blank-screen.spec.mjs, M,3724,B+G,preserve,Trabajo local conservado para revisión; no implica certificación.
C:/1212/la-taba-ui-polish-brand/tests/e2e/showcase.spec.mjs, M,27739,B+G,preserve,Trabajo local conservado para revisión; no implica certificación.
C:/1212/la-taba-ui-polish-brand/tests/github-pages.test.mjs, M,7414,B+G,preserve,Trabajo local conservado para revisión; no implica certificación.
C:/1212/la-taba-ui-polish-brand/tests/pwa.test.mjs, M,2208,B+G,preserve,Trabajo local conservado para revisión; no implica certificación.
C:/1212/la-taba-ui-polish-brand/tests/ui-presentation.test.mjs, M,2522,B+G,preserve,Trabajo local conservado para revisión; no implica certificación.
C:/Users/marco/dev/la-taba-business-panel-automation/promo-video/CREATIVO.md,??,12277,C,preserve,Trabajo local conservado para revisión; no implica certificación.
C:/Users/marco/dev/la-taba-business-panel-automation/promo-video/TABA_PROMO_SHORT_1080x1920.mp4,??,3856301,C,preserve,Trabajo local conservado para revisión; no implica certificación.
C:/Users/marco/dev/la-taba-business-panel-automation/promo-video/TABA_PROMO_VERTICAL_1080x1920.mp4,??,7722878,C,preserve,Trabajo local conservado para revisión; no implica certificación.
C:/Users/marco/dev/la-taba-pages-preview/artifacts/taba2-alcohol-commercial/PROMOS-MARGEN.json, M,7640,C,preserve,Trabajo local conservado para revisión; no implica certificación.
C:/Users/marco/dev/la-taba-pages-preview/artifacts/taba2-gondola-neuquen/01-home.png, M,341060,C,preserve,Trabajo local conservado para revisión; no implica certificación.
C:/Users/marco/dev/la-taba-pages-preview/artifacts/taba2-gondola-neuquen/02-catalogo.png, M,453679,C,preserve,Trabajo local conservado para revisión; no implica certificación.
C:/Users/marco/dev/la-taba-pages-preview/artifacts/taba2-gondola-neuquen/03-cervezas.png, M,132065,C,preserve,Trabajo local conservado para revisión; no implica certificación.
C:/Users/marco/dev/la-taba-pages-preview/docs/catalog/gondola-publica-imagenes.json, M,22171,C,preserve,Trabajo local conservado para revisión; no implica certificación.
C:/Users/marco/worktrees/taba2-production-candidate/.github/workflows/preview-pages.yml, M,1594,A+G,preserve,Trabajo local conservado para revisión; no implica certificación.
C:/Users/marco/worktrees/taba2-production-candidate/docs/PRODUCTION-GO-LIVE-CHECKLIST.md, M,12298,C,preserve,Trabajo local conservado para revisión; no implica certificación.
C:/Users/marco/worktrees/taba2-production-candidate/release-identity.json, M,388,A+G,preserve,Trabajo local conservado para revisión; no implica certificación.
C:/Users/marco/worktrees/taba2-production-candidate/scripts/check-release-identity.mjs, M,9671,A+G,preserve,Trabajo local conservado para revisión; no implica certificación.
C:/Users/marco/worktrees/taba2-production-candidate/scripts/preflight-staging-package.mjs, M,13250,A+G,preserve,Trabajo local conservado para revisión; no implica certificación.
C:/Users/marco/worktrees/taba2-production-candidate/tests/release-identity.test.mjs, M,4853,B+G,preserve,Trabajo local conservado para revisión; no implica certificación.
C:/Users/marco/worktrees/taba2-production-candidate/tests/release-payment-return-package.test.mjs, M,2036,B+G,preserve,Trabajo local conservado para revisión; no implica certificación.
C:/Users/marco/worktrees/taba2-production-candidate/tests/preview-package-preflight.test.mjs,??,5816,B+G,preserve,Trabajo local conservado para revisión; no implica certificación.
D:/1212/la-taba-commerce-v3/artifacts/agent-release-progress.md,??,4406,C,preserve,Trabajo local conservado para revisión; no implica certificación.
D:/1212/la-taba-commerce-v3/scratch/audit-commerce-production.mjs,??,3497,A+G,preserve,Trabajo local conservado para revisión; no implica certificación.
D:/1212/la-taba-commerce-v3/scratch/build-rider-production.ps1,??,1966,E,exclude,Contiene configuración de acceso/token: no publicar; recrear el archivo en la PC principal.
D:/1212/la-taba-commerce-v3/scratch/check-web-production.mjs,??,1610,A+G,preserve,Trabajo local conservado para revisión; no implica certificación.
D:/1212/la-taba-commerce-v3/scratch/execute-production-smoke.mjs,??,6347,A+G,preserve,Trabajo local conservado para revisión; no implica certificación.
D:/1212/la-taba-commerce-v3/scratch/generate-rider-production-keystore.ps1,??,2652,A+G,preserve,Trabajo local conservado para revisión; no implica certificación.
D:/1212/la-taba-commerce-v3/scratch/mp-controls.mjs,??,967,D,exclude,Scripts temporales de navegación/login manual Mercado Pago; no son código del producto.
D:/1212/la-taba-commerce-v3/scratch/mp-cookie-check.mjs,??,788,D,exclude,Scripts temporales de navegación/login manual Mercado Pago; no son código del producto.
D:/1212/la-taba-commerce-v3/scratch/mp-inspect.mjs,??,1589,D,exclude,Scripts temporales de navegación/login manual Mercado Pago; no son código del producto.
D:/1212/la-taba-commerce-v3/scratch/mp-open-tab.mjs,??,718,D,exclude,Scripts temporales de navegación/login manual Mercado Pago; no son código del producto.
D:/1212/la-taba-commerce-v3/scratch/mp-other-method.mjs,??,1232,D,exclude,Scripts temporales de navegación/login manual Mercado Pago; no son código del producto.
D:/1212/la-taba-commerce-v3/scratch/mp-pick-email.mjs,??,1291,D,exclude,Scripts temporales de navegación/login manual Mercado Pago; no son código del producto.
D:/1212/la-taba-commerce-v3/scratch/mp-pick-sms.mjs,??,1288,D,exclude,Scripts temporales de navegación/login manual Mercado Pago; no son código del producto.
D:/1212/la-taba-commerce-v3/scratch/mp-read-now.mjs,??,1960,D,exclude,Scripts temporales de navegación/login manual Mercado Pago; no son código del producto.
D:/1212/la-taba-commerce-v3/scratch/mp-read-redirect-edge.mjs,??,1406,D,exclude,Scripts temporales de navegación/login manual Mercado Pago; no son código del producto.
D:/1212/la-taba-commerce-v3/scratch/mp-read-redirect.mjs,??,1406,D,exclude,Scripts temporales de navegación/login manual Mercado Pago; no son código del producto.
D:/1212/la-taba-commerce-v3/scratch/mp-resend.mjs,??,768,D,exclude,Scripts temporales de navegación/login manual Mercado Pago; no son código del producto.
D:/1212/la-taba-commerce-v3/scratch/mp-resend2.mjs,??,793,D,exclude,Scripts temporales de navegación/login manual Mercado Pago; no son código del producto.
D:/1212/la-taba-commerce-v3/scratch/mp-state.mjs,??,991,D,exclude,Scripts temporales de navegación/login manual Mercado Pago; no son código del producto.
D:/1212/la-taba-commerce-v3/scratch/mp-tidy.mjs,??,1045,D,exclude,Scripts temporales de navegación/login manual Mercado Pago; no son código del producto.
D:/1212/la-taba-commerce-v3/scratch/mp-watch-login.mjs,??,3216,D,exclude,Scripts temporales de navegación/login manual Mercado Pago; no son código del producto.
D:/1212/la-taba-commerce-v3/scratch/verify-rider-artifacts.ps1,??,1442,A+G,preserve,Trabajo local conservado para revisión; no implica certificación.
D:/1212/la-taba-commerce-v3/scripts/verify-oauth-result.mjs,??,1525,A+G,preserve,Trabajo local conservado para revisión; no implica certificación.
D:/1212/la-taba-migration-fetch-audit/supabase/migrations/20260531030000_la_taba_phase1_orders.sql, M,8778,A+G,preserve,Trabajo local conservado para revisión; no implica certificación.
D:/1212/la-taba-migration-fetch-audit/supabase/migrations/20260531040000_la_taba_phase1_hardening.sql, M,5852,A+G,preserve,Trabajo local conservado para revisión; no implica certificación.
D:/1212/la-taba-migration-fetch-audit/supabase/migrations/20260601205707_operational_orders_v1.sql, M,22411,A+G,preserve,Trabajo local conservado para revisión; no implica certificación.
D:/1212/la-taba-migration-fetch-audit/supabase/migrations/20260725030000_taba_production_orders.sql, M,52940,A+G,preserve,Trabajo local conservado para revisión; no implica certificación.
D:/1212/la-taba-migration-fetch-audit/supabase/migrations/20260725050000_tracking_rider_privacy.sql, M,6060,A+G,preserve,Trabajo local conservado para revisión; no implica certificación.
D:/1212/la-taba-migration-fetch-audit/supabase/migrations/20260725060000_alcohol_reservations_abuse.sql, M,6047,A+G,preserve,Trabajo local conservado para revisión; no implica certificación.
D:/1212/la-taba-migration-fetch-audit/supabase/migrations/20260725070000_catalog_category_authority.sql, M,4031,A+G,preserve,Trabajo local conservado para revisión; no implica certificación.
D:/1212/la-taba-migration-fetch-audit/supabase/migrations/20260725080000_rider_assignment_tracking_gate.sql, M,24565,A+G,preserve,Trabajo local conservado para revisión; no implica certificación.
D:/1212/la-taba-migration-fetch-audit/supabase/migrations/20260725090000_delivery_handoff_code.sql, M,13586,A+G,preserve,Trabajo local conservado para revisión; no implica certificación.
D:/1212/la-taba-migration-fetch-audit/supabase/migrations/20260725100000_tracking_handoff_recovery.sql, M,16553,A+G,preserve,Trabajo local conservado para revisión; no implica certificación.
D:/1212/la-taba-migration-fetch-audit/supabase/migrations/20260725110000_catalog_publication_authority.sql, M,37771,A+G,preserve,Trabajo local conservado para revisión; no implica certificación.
D:/1212/la-taba-migration-fetch-audit/supabase/migrations/20260725120000_business_contact_authority.sql, M,7018,A+G,preserve,Trabajo local conservado para revisión; no implica certificación.
D:/1212/la-taba-migration-fetch-audit/supabase/migrations/20260728090000_customer_profiles_addresses.sql, M,28861,A+G,preserve,Trabajo local conservado para revisión; no implica certificación.
D:/1212/la-taba-migration-fetch-audit/supabase/migrations/20260729150000_customer_profile_completion.sql, M,10591,A+G,preserve,Trabajo local conservado para revisión; no implica certificación.
D:/1212/la-taba-migration-fetch-audit/supabase/migrations/20260729190000_customer_address_street_number_required.sql, M,755,A+G,preserve,Trabajo local conservado para revisión; no implica certificación.
D:/1212/la-taba-migration-fetch-audit/supabase/migrations/20260729203000_public_tracking_terminal_visibility.sql, M,7400,A+G,preserve,Trabajo local conservado para revisión; no implica certificación.
D:/1212/la-taba-migration-fetch-audit/supabase/migrations/20260731230000_staging_qa_fixture_catalog.sql, M,18244,A+G,preserve,Trabajo local conservado para revisión; no implica certificación.
D:/1212/la-taba-migration-fetch-audit/supabase/migrations/20260731231000_staging_qa_product_verification.sql, M,1977,A+G,preserve,Trabajo local conservado para revisión; no implica certificación.
D:/1212/la-taba-migration-fetch-audit/supabase/migrations/20260801020000_order_revision_and_event_sequence.sql, M,8839,A+G,preserve,Trabajo local conservado para revisión; no implica certificación.
D:/1212/la-taba-migration-fetch-audit/supabase/migrations/20260801040000_rider_gps_tracking_gate2.sql,??,28212,A+G,preserve,Trabajo local conservado para revisión; no implica certificación.
D:/1212/la-taba-migration-fetch-audit/supabase/migrations/20260802100000_rider_delivery_server_contracts.sql,??,43177,A+G,preserve,Trabajo local conservado para revisión; no implica certificación.
D:/1212/la-taba-migration-fetch-audit/supabase/migrations/20260802101000_rider_delivery_legacy_start_revocation.sql,??,629,A+G,preserve,Trabajo local conservado para revisión; no implica certificación.
D:/1212/la-taba-migration-fetch-audit/supabase/migrations/20260802102000_rider_delivery_legacy_claim_gps_revocation.sql,??,1439,A+G,preserve,Trabajo local conservado para revisión; no implica certificación.
D:/1212/la-taba-migration-fetch-audit/supabase/migrations/20260802103000_rider_queue_read_lock_mode.sql,??,543,A+G,preserve,Trabajo local conservado para revisión; no implica certificación.
D:/1212/la-taba-migration-fetch-audit/supabase/migrations/20260802104000_rider_location_receipt_revision.sql,??,5114,A+G,preserve,Trabajo local conservado para revisión; no implica certificación.
D:/1212/la-taba2-commerce-growth/runtime-config.js, M,684,E,exclude,Contiene configuración de acceso/token: no publicar; recrear el archivo en la PC principal.
D:/1212/la-taba2-commerce-growth/artifacts/argentina-merchandising/1280/01-cold-start-home.png,??,391581,C,preserve,Trabajo local conservado para revisión; no implica certificación.
D:/1212/la-taba2-commerce-growth/artifacts/argentina-merchandising/1280/02-beer-intent-home.png,??,375844,C,preserve,Trabajo local conservado para revisión; no implica certificación.
D:/1212/la-taba2-commerce-growth/artifacts/argentina-merchandising/1280/03-beer-packs-and-combos.png,??,152031,C,preserve,Trabajo local conservado para revisión; no implica certificación.
D:/1212/la-taba2-commerce-growth/artifacts/argentina-merchandising/1280/04-beer-cart-home.png,??,387205,C,preserve,Trabajo local conservado para revisión; no implica certificación.
D:/1212/la-taba2-commerce-growth/artifacts/argentina-merchandising/1280/04-beer-pack-cart.png,??,74583,C,preserve,Trabajo local conservado para revisión; no implica certificación.
D:/1212/la-taba2-commerce-growth/artifacts/argentina-merchandising/1280/05-beer-cart-home.png,??,426874,C,preserve,Trabajo local conservado para revisión; no implica certificación.
D:/1212/la-taba2-commerce-growth/artifacts/argentina-merchandising/1280/05-fernet-intent-pending-catalog.png,??,54767,C,preserve,Trabajo local conservado para revisión; no implica certificación.
D:/1212/la-taba2-commerce-growth/artifacts/argentina-merchandising/1280/06-fernet-intent-pending-catalog.png,??,140454,C,preserve,Trabajo local conservado para revisión; no implica certificación.
D:/1212/la-taba2-commerce-growth/artifacts/argentina-merchandising/1280/06-vodka-gap-no-authority.png,??,55184,C,preserve,Trabajo local conservado para revisión; no implica certificación.
D:/1212/la-taba2-commerce-growth/artifacts/argentina-merchandising/1280/07-combo-detail-components.png,??,372256,C,preserve,Trabajo local conservado para revisión; no implica certificación.
D:/1212/la-taba2-commerce-growth/artifacts/argentina-merchandising/1280/07-vodka-gap-no-authority.png,??,44540,C,preserve,Trabajo local conservado para revisión; no implica certificación.
D:/1212/la-taba2-commerce-growth/artifacts/argentina-merchandising/1280/08-combo-detail-components.png,??,384322,C,preserve,Trabajo local conservado para revisión; no implica certificación.
D:/1212/la-taba2-commerce-growth/artifacts/argentina-merchandising/390/01-cold-start-home.png,??,128166,C,preserve,Trabajo local conservado para revisión; no implica certificación.
D:/1212/la-taba2-commerce-growth/artifacts/argentina-merchandising/390/02-beer-intent-home.png,??,121547,C,preserve,Trabajo local conservado para revisión; no implica certificación.
D:/1212/la-taba2-commerce-growth/artifacts/argentina-merchandising/390/03-beer-packs-and-combos.png,??,76101,C,preserve,Trabajo local conservado para revisión; no implica certificación.
D:/1212/la-taba2-commerce-growth/artifacts/argentina-merchandising/390/04-beer-cart-home.png,??,127309,C,preserve,Trabajo local conservado para revisión; no implica certificación.
D:/1212/la-taba2-commerce-growth/artifacts/argentina-merchandising/390/04-beer-pack-cart.png,??,44739,C,preserve,Trabajo local conservado para revisión; no implica certificación.
D:/1212/la-taba2-commerce-growth/artifacts/argentina-merchandising/390/05-beer-cart-home.png,??,141626,C,preserve,Trabajo local conservado para revisión; no implica certificación.
D:/1212/la-taba2-commerce-growth/artifacts/argentina-merchandising/390/05-fernet-intent-pending-catalog.png,??,49195,C,preserve,Trabajo local conservado para revisión; no implica certificación.
D:/1212/la-taba2-commerce-growth/artifacts/argentina-merchandising/390/06-fernet-intent-pending-catalog.png,??,65747,C,preserve,Trabajo local conservado para revisión; no implica certificación.
D:/1212/la-taba2-commerce-growth/artifacts/argentina-merchandising/390/06-vodka-gap-no-authority.png,??,49790,C,preserve,Trabajo local conservado para revisión; no implica certificación.
D:/1212/la-taba2-commerce-growth/artifacts/argentina-merchandising/390/07-combo-detail-components.png,??,165461,C,preserve,Trabajo local conservado para revisión; no implica certificación.
D:/1212/la-taba2-commerce-growth/artifacts/argentina-merchandising/390/07-vodka-gap-no-authority.png,??,38927,C,preserve,Trabajo local conservado para revisión; no implica certificación.
D:/1212/la-taba2-commerce-growth/artifacts/argentina-merchandising/390/08-combo-detail-components.png,??,165862,C,preserve,Trabajo local conservado para revisión; no implica certificación.
D:/1212/la-taba2-commerce-growth/artifacts/performance/argentina-20260814.json,??,5807,C,preserve,Trabajo local conservado para revisión; no implica certificación.
D:/1212/la-taba2-commerce-growth/runtime-config.original.js,??,668,A+G,preserve,Trabajo local conservado para revisión; no implica certificación.
D:/1212/la-taba2-commerce-growth/runtime-config.staging.js,??,684,E,exclude,Contiene configuración de acceso/token: no publicar; recrear el archivo en la PC principal.
D:/1212/la-taba2-weekend-launch/artifacts/weekend-launch/movil-chromium-390-busqueda.png,??,185280,C,preserve,Trabajo local conservado para revisión; no implica certificación.
D:/1212/la-taba2-weekend-launch/artifacts/weekend-launch/movil-chromium-390-cart.png,??,97669,C,preserve,Trabajo local conservado para revisión; no implica certificación.
D:/1212/la-taba2-weekend-launch/artifacts/weekend-launch/movil-chromium-390-catalog.png,??,187728,C,preserve,Trabajo local conservado para revisión; no implica certificación.
D:/1212/la-taba2-weekend-launch/artifacts/weekend-launch/movil-chromium-390-ficha.png,??,169865,C,preserve,Trabajo local conservado para revisión; no implica certificación.
D:/1212/la-taba2-weekend-launch/artifacts/weekend-launch/movil-chromium-390-home.png,??,179369,C,preserve,Trabajo local conservado para revisión; no implica certificación.
D:/1212/la-taba2-weekend-launch/artifacts/weekend-launch/movil-chromium-390-profile.png,??,131963,C,preserve,Trabajo local conservado para revisión; no implica certificación.
D:/1212/la-taba2-weekend-launch/artifacts/weekend-launch/movil-chromium-390-tracking.png,??,191083,C,preserve,Trabajo local conservado para revisión; no implica certificación.
D:/1212/la-taba2-weekend-launch/artifacts/weekend-launch/movil-webkit-390-busqueda.png,??,188179,C,preserve,Trabajo local conservado para revisión; no implica certificación.
D:/1212/la-taba2-weekend-launch/artifacts/weekend-launch/movil-webkit-390-cart.png,??,88500,C,preserve,Trabajo local conservado para revisión; no implica certificación.
D:/1212/la-taba2-weekend-launch/artifacts/weekend-launch/movil-webkit-390-catalog.png,??,189629,C,preserve,Trabajo local conservado para revisión; no implica certificación.
D:/1212/la-taba2-weekend-launch/artifacts/weekend-launch/movil-webkit-390-ficha.png,??,165804,C,preserve,Trabajo local conservado para revisión; no implica certificación.
D:/1212/la-taba2-weekend-launch/artifacts/weekend-launch/movil-webkit-390-home.png,??,169563,C,preserve,Trabajo local conservado para revisión; no implica certificación.
D:/1212/la-taba2-weekend-launch/artifacts/weekend-launch/movil-webkit-390-profile.png,??,110224,C,preserve,Trabajo local conservado para revisión; no implica certificación.
D:/1212/la-taba2-weekend-launch/artifacts/weekend-launch/movil-webkit-390-tracking.png,??,206467,C,preserve,Trabajo local conservado para revisión; no implica certificación.
D:/1212/worktrees/taba2-production-auth-go-live/vitrina-catalogo.png,??,56072,C,preserve,Trabajo local conservado para revisión; no implica certificación.
D:/1212/worktrees/taba2-production-auth-go-live/vitrina-ficha.png,??,52811,C,preserve,Trabajo local conservado para revisión; no implica certificación.
D:/1212/worktrees/taba2-production-auth-go-live/vitrina-produccion.png,??,24472,C,preserve,Trabajo local conservado para revisión; no implica certificación.
