tipo,referencia,sku,producto,categoria,precio_actual,motivo
referencia_sin_producto,Stones Maracuyá 473 ml,,,Cerveza,,Sin producto equivalente en La Taba (catálogo de producción de 72 SKU).
referencia_sin_producto,Michelob Ultra Sin Gluten 473 ml,,,Cerveza,,Sin producto equivalente en La Taba (catálogo de producción de 72 SKU).
referencia_sin_producto,1890 Quilmes 473 ml,quilmes-clasica-lata-473ml,Quilmes Clásica Lager,Cerveza,,Línea distinta (1890) de Quilmes Clásica; no es el mismo producto.
referencia_sin_producto,Heineken Lata 710 ml,,,Cerveza,,Sin producto equivalente en La Taba (catálogo de producción de 72 SKU).
referencia_sin_producto,Stella Artois Botella 330 ml,,,Cerveza,,Sin producto equivalente en La Taba (catálogo de producción de 72 SKU).
referencia_sin_producto,Ortuza Premium Lager 710 ml,,,Cerveza,,Sin producto equivalente en La Taba (catálogo de producción de 72 SKU).
referencia_sin_producto,Ortuza Premium Lager 473 ml,,,Cerveza,,Sin producto equivalente en La Taba (catálogo de producción de 72 SKU).
referencia_sin_producto,Schneider Rubia 710 ml,,,Cerveza,,Sin producto equivalente en La Taba (catálogo de producción de 72 SKU).
referencia_sin_producto,Stella Artois Lager 710 ml,,,Cerveza,,Sin producto equivalente en La Taba (catálogo de producción de 72 SKU).
referencia_sin_producto,Corona Rubia 473 ml,,,Cerveza,,Sin producto equivalente en La Taba (catálogo de producción de 72 SKU).
referencia_sin_producto,Miller 473 ml,,,Cerveza,,Sin producto equivalente en La Taba (catálogo de producción de 72 SKU).
referencia_sin_producto,Andes Origen Rubia Oro 473 ml,,,Cerveza,,Sin producto equivalente en La Taba (catálogo de producción de 72 SKU).
referencia_sin_producto,Heineken Rubia 473 ml,,,Cerveza,,Sin producto equivalente en La Taba (catálogo de producción de 72 SKU).
referencia_sin_producto,Imperial Golden 710 ml,,,Cerveza,,Sin producto equivalente en La Taba (catálogo de producción de 72 SKU).
referencia_sin_producto,Andes Origen Rubia 710 ml,,,Cerveza,,Sin producto equivalente en La Taba (catálogo de producción de 72 SKU).
referencia_sin_producto,Schneider Rubia 473 ml,,,Cerveza,,Sin producto equivalente en La Taba (catálogo de producción de 72 SKU).
referencia_sin_producto,Imperial Lager 710 ml,,,Cerveza,,Sin producto equivalente en La Taba (catálogo de producción de 72 SKU).
referencia_sin_producto,Grolsch Lager Lata 473 ml,,,Cerveza,,Sin producto equivalente en La Taba (catálogo de producción de 72 SKU).
referencia_sin_producto,Quilmes Bajo Cero 473 ml,,,Cerveza,,Sin producto equivalente en La Taba (catálogo de producción de 72 SKU).
referencia_sin_producto,Brahma Chopp 473 ml,brahma-chopp-lata-473ml-pack-6,Brahma Chopp Rubia,Cerveza,,La única fila de La Taba es el pack x6; un precio unitario no se aplica a un pack.
referencia_sin_producto,Amstel Lager 710 ml,,,Cerveza,,Sin producto equivalente en La Taba (catálogo de producción de 72 SKU).
referencia_sin_producto,Imperial Golden Lata 473 ml,,,Cerveza,,Sin producto equivalente en La Taba (catálogo de producción de 72 SKU).
referencia_sin_producto,Imperial Lager 473 ml,,,Cerveza,,Sin producto equivalente en La Taba (catálogo de producción de 72 SKU).
referencia_sin_producto,Heineken Porron 330 ml,,,Cerveza,,Sin producto equivalente en La Taba (catálogo de producción de 72 SKU).
referencia_sin_producto,Asahi Super Dry 330 ml,,,Cerveza,,Sin producto equivalente en La Taba (catálogo de producción de 72 SKU).
referencia_sin_producto,Andes Origen IPA 473 ml,,,Cerveza IPA,,Sin producto equivalente en La Taba (catálogo de producción de 72 SKU).
referencia_sin_producto,Stones Lemon 473 ml,,,Cerveza IPA,,Sin producto equivalente en La Taba (catálogo de producción de 72 SKU).
referencia_sin_producto,Patagonia Vera IPA 473 ml,,,Cerveza IPA,,Sin producto equivalente en La Taba (catálogo de producción de 72 SKU).
referencia_sin_producto,Patagonia 24.7 Session IPA 473 ml,,,Cerveza IPA,,Sin producto equivalente en La Taba (catálogo de producción de 72 SKU).
referencia_sin_producto,Patagonia 24.7 Session IPA 730 ml,patagonia-amber-lager-botella-730ml,Patagonia Amber Lager Amber Lager,Cerveza IPA,,Producto distinto (Session IPA vs Amber Lager).
referencia_sin_producto,Ortuza Session IPA 473 ml,,,Cerveza IPA,,Sin producto equivalente en La Taba (catálogo de producción de 72 SKU).
referencia_sin_producto,Quilmes IPA 473 ml,,,Cerveza IPA,,Sin producto equivalente en La Taba (catálogo de producción de 72 SKU).
referencia_sin_producto,Schneider Remix Limón 473 ml,,,Cerveza IPA,,Sin producto equivalente en La Taba (catálogo de producción de 72 SKU).
referencia_sin_producto,Bierhaus Chala IPA 473 ml,,,Cerveza IPA,,Sin producto equivalente en La Taba (catálogo de producción de 72 SKU).
referencia_sin_producto,Bierhaus Honey Lazybee 473 ml,,,Cerveza IPA,,Sin producto equivalente en La Taba (catálogo de producción de 72 SKU).
referencia_sin_producto,Bierhaus Argentina 473 ml,,,Cerveza IPA,,Sin producto equivalente en La Taba (catálogo de producción de 72 SKU).
referencia_sin_producto,Grolsch IPA 473 ml,,,Cerveza IPA,,Sin producto equivalente en La Taba (catálogo de producción de 72 SKU).
referencia_sin_producto,Bierhaus IPA Superstar 473 ml,,,Cerveza IPA,,Sin producto equivalente en La Taba (catálogo de producción de 72 SKU).
referencia_sin_producto,Andes Origen Negra 473 ml,,,Cerveza negra,,Sin producto equivalente en La Taba (catálogo de producción de 72 SKU).
referencia_sin_producto,Imperial Cream Stout 473 ml,,,Cerveza negra,,Sin producto equivalente en La Taba (catálogo de producción de 72 SKU).
referencia_sin_producto,Stella Artois Noire Pura Malta 473 ml,,,Cerveza negra,,Sin producto equivalente en La Taba (catálogo de producción de 72 SKU).
referencia_sin_producto,Heineken Cero Alcohol 473 ml,,,Cerveza sin alcohol,,Sin producto equivalente en La Taba (catálogo de producción de 72 SKU).
referencia_sin_producto,Corona Cero Alcohol 473 ml,,,Cerveza sin alcohol,,Sin producto equivalente en La Taba (catálogo de producción de 72 SKU).
referencia_sin_producto,Trumpeter Malbec 750 ml,,,Vino tinto,,Sin producto equivalente en La Taba (catálogo de producción de 72 SKU).
referencia_sin_producto,Trumpeter Reserva Malbec 750 ml,,,Vino tinto,,Sin producto equivalente en La Taba (catálogo de producción de 72 SKU).
referencia_sin_producto,Rutini Cabernet Franc Malbec 750 ml,,,Vino tinto,,Sin producto equivalente en La Taba (catálogo de producción de 72 SKU).
referencia_sin_producto,Rutini Cabernet Malbec 750 ml,,,Vino tinto,,Sin producto equivalente en La Taba (catálogo de producción de 72 SKU).
referencia_sin_producto,Finca Flichman Reserva Malbec 750 ml,,,Vino tinto,,Sin producto equivalente en La Taba (catálogo de producción de 72 SKU).
referencia_sin_producto,Cordero con Piel de Lobo Malbec 750 ml,,,Vino tinto,,Sin producto equivalente en La Taba (catálogo de producción de 72 SKU).
referencia_sin_producto,"Viñas de Balbo Tinto 1,125 L",,,Vino tinto,,Sin producto equivalente en La Taba (catálogo de producción de 72 SKU).
referencia_sin_producto,Finca Flichman Reserva Cabernet Franc 750 ml,,,Vino tinto,,Sin producto equivalente en La Taba (catálogo de producción de 72 SKU).
referencia_sin_producto,Conejo Verde Malbec 750 ml,,,Vino tinto,,Sin producto equivalente en La Taba (catálogo de producción de 72 SKU).
referencia_sin_producto,Finjamos Demencia Malbec 750 ml,,,Vino tinto,,Sin producto equivalente en La Taba (catálogo de producción de 72 SKU).
referencia_sin_producto,Toro Clásico 700 ml,toro-viejo-clasico-tinto-750ml,Toro Viejo Clásico Tinto,Vino tinto,,Marca y capacidad distintas (Toro Clásico 700 ml vs Toro Viejo Clásico 750 ml).
referencia_sin_producto,Wampa Malbec 750 ml,,,Vino tinto,,Sin producto equivalente en La Taba (catálogo de producción de 72 SKU).
referencia_sin_producto,Luigi Bosca Malbec 750 ml,,,Vino tinto,,Sin producto equivalente en La Taba (catálogo de producción de 72 SKU).
referencia_sin_producto,Blend III Canciller 750 ml,,,Vino tinto,,Sin producto equivalente en La Taba (catálogo de producción de 72 SKU).
referencia_sin_producto,Cordero con Piel de Lobo Cabernet Sauvignon 750 ml,,,Vino tinto,,Sin producto equivalente en La Taba (catálogo de producción de 72 SKU).
referencia_sin_producto,Callia Alta Malbec 750 ml,,,Vino tinto,,Sin producto equivalente en La Taba (catálogo de producción de 72 SKU).
referencia_sin_producto,Santa Julia Dulce 750 ml,,,Vino tinto,,Sin producto equivalente en La Taba (catálogo de producción de 72 SKU).
referencia_sin_producto,"Blend III Canciller 1,25 L",,,Vino tinto,,Sin producto equivalente en La Taba (catálogo de producción de 72 SKU).
referencia_sin_producto,Familia Gascón Cabernet Sauvignon 750 ml,,,Vino tinto,,Sin producto equivalente en La Taba (catálogo de producción de 72 SKU).
referencia_sin_producto,Finca Flichman Pinot Noir Reserva 750 ml,,,Vino tinto,,Sin producto equivalente en La Taba (catálogo de producción de 72 SKU).
referencia_sin_producto,Finca Flichman Single Parcel Malbec 750 ml,,,Vino tinto,,Sin producto equivalente en La Taba (catálogo de producción de 72 SKU).
referencia_sin_producto,Luigi Bosca Pinot Noir 750 ml,,,Vino tinto,,Sin producto equivalente en La Taba (catálogo de producción de 72 SKU).
referencia_sin_producto,Finca Natalina Auténtico Malbec 750 ml,,,Vino tinto,,Sin producto equivalente en La Taba (catálogo de producción de 72 SKU).
referencia_sin_producto,Killka Malbec 750 ml,,,Vino tinto,,Sin producto equivalente en La Taba (catálogo de producción de 72 SKU).
referencia_sin_producto,Nieto Senetiner Cabernet Sauvignon 750 ml,,,Vino tinto,,Sin producto equivalente en La Taba (catálogo de producción de 72 SKU).
referencia_sin_producto,Salentein Reserva Malbec 750 ml,,,Vino tinto,,Sin producto equivalente en La Taba (catálogo de producción de 72 SKU).
referencia_sin_producto,Esperado Malbec 750 ml,,,Vino tinto,,Sin producto equivalente en La Taba (catálogo de producción de 72 SKU).
referencia_sin_producto,Luigi Bosca De Sangre Red Blend 750 ml,,,Vino tinto,,Sin producto equivalente en La Taba (catálogo de producción de 72 SKU).
referencia_sin_producto,Luigi Bosca Cabernet Sauvignon 750 ml,,,Vino tinto,,Sin producto equivalente en La Taba (catálogo de producción de 72 SKU).
referencia_sin_producto,Luigi Bosca De Sangre Malbec 750 ml,,,Vino tinto,,Sin producto equivalente en La Taba (catálogo de producción de 72 SKU).
referencia_sin_producto,Trapiche Alaris Malbec 750 ml,trapiche-origen-malbec-750ml,Trapiche Origen Malbec Malbec,Vino tinto,,Línea distinta (Alaris vs Origen).
referencia_sin_producto,Trumpeter Chardonnay 750 ml,,,Vino blanco,,Sin producto equivalente en La Taba (catálogo de producción de 72 SKU).
referencia_sin_producto,Santa Julia Chenin Dulce Natural 750 ml,,,Vino blanco,,Sin producto equivalente en La Taba (catálogo de producción de 72 SKU).
referencia_sin_producto,Benjamin Dulce Natural 750 ml,,,Vino blanco,,Sin producto equivalente en La Taba (catálogo de producción de 72 SKU).
referencia_sin_producto,Dilema Dulce Natural 750 ml,,,Vino blanco,,Sin producto equivalente en La Taba (catálogo de producción de 72 SKU).
referencia_sin_producto,Dulce Blend V Canciller 750 ml,,,Vino blanco,,Sin producto equivalente en La Taba (catálogo de producción de 72 SKU).
referencia_sin_producto,Chenin Chardonnay Estancia Mendoza 750 ml,,,Vino blanco,,Sin producto equivalente en La Taba (catálogo de producción de 72 SKU).
referencia_sin_producto,"Canciller Blend Blanco 1,125 L",,,Vino blanco,,Sin producto equivalente en La Taba (catálogo de producción de 72 SKU).
referencia_sin_producto,Resero Dulce 1 L,,,Vino blanco,,Sin producto equivalente en La Taba (catálogo de producción de 72 SKU).
referencia_sin_producto,"Viñas de Balbo Chablis 1,125 L",,,Vino blanco,,Sin producto equivalente en La Taba (catálogo de producción de 72 SKU).
referencia_sin_producto,Finca Flichman Dulce Chardonnay 750 ml,,,Vino blanco,,Sin producto equivalente en La Taba (catálogo de producción de 72 SKU).
referencia_sin_producto,Callia Dulce 750 ml,,,Vino blanco,,Sin producto equivalente en La Taba (catálogo de producción de 72 SKU).
referencia_sin_producto,Finca Flichman Sauvignon Blanc 750 ml,,,Vino blanco,,Sin producto equivalente en La Taba (catálogo de producción de 72 SKU).
referencia_sin_producto,Familia Gascón Chardonnay 750 ml,,,Vino blanco,,Sin producto equivalente en La Taba (catálogo de producción de 72 SKU).
referencia_sin_producto,Portillo Salentein Sauvignon Blanc 750 ml,,,Vino blanco,,Sin producto equivalente en La Taba (catálogo de producción de 72 SKU).
referencia_sin_producto,La Linda Sweet Viognier 750 ml,,,Vino blanco,,Sin producto equivalente en La Taba (catálogo de producción de 72 SKU).
referencia_sin_producto,Finca Flichman Reserva Chardonnay 750 ml,,,Vino blanco,,Sin producto equivalente en La Taba (catálogo de producción de 72 SKU).
referencia_sin_producto,Santa Julia Chenin Dulce en Lata 269 ml,,,Vino blanco,,Sin producto equivalente en La Taba (catálogo de producción de 72 SKU).
referencia_sin_producto,Dulce Tardío de Abril 500 ml,,,Vino rosado,,Sin producto equivalente en La Taba (catálogo de producción de 72 SKU).
referencia_sin_producto,Emilia Malbec Dulce 750 ml,,,Vino rosado,,Sin producto equivalente en La Taba (catálogo de producción de 72 SKU).
referencia_sin_producto,La Linda Rosado 750 ml,,,Vino rosado,,Sin producto equivalente en La Taba (catálogo de producción de 72 SKU).
referencia_sin_producto,Fernet Branca 750 ml,,,Fernet,,La Taba sólo tiene Fernet Branca 1000 ml; no hay 750 ml.
referencia_sin_producto,Fernet Branca 450 ml,,,Fernet,,La Taba no tiene Fernet Branca 450 ml.
referencia_sin_producto,Fernet Buhero Negro 700 ml,,,Fernet,,Sin producto equivalente en La Taba (catálogo de producción de 72 SKU).
referencia_sin_producto,Carpano Rosso 950 ml,,,Vermouth,,Sin producto equivalente en La Taba (catálogo de producción de 72 SKU).
referencia_sin_producto,Carpano Bianco 950 ml,,,Vermouth,,Sin producto equivalente en La Taba (catálogo de producción de 72 SKU).
referencia_sin_producto,Gancia Americano 950 ml,gancia-americano-450ml,Gancia Americano Americano,Aperitivos,,"Capacidad distinta: 950 ml en la referencia, 450 ml en La Taba. No se usa."
referencia_sin_producto,Amargo Obrero 19° 950 ml,,,Aperitivos,,Sin producto equivalente en La Taba (catálogo de producción de 72 SKU).
referencia_sin_producto,Campari 750 ml,,,Aperitivos,,Sin producto equivalente en La Taba (catálogo de producción de 72 SKU).
referencia_sin_producto,Aperol 750 ml,,,Aperitivos,,Sin producto equivalente en La Taba (catálogo de producción de 72 SKU).
referencia_sin_producto,Dr. Lemon Red Berries 5% 473 ml,,,Tragos listos,,Sin producto equivalente en La Taba (catálogo de producción de 72 SKU).
referencia_sin_producto,Dr. Lemon Limón 1 L,,,Tragos listos,,Sin producto equivalente en La Taba (catálogo de producción de 72 SKU).
referencia_sin_producto,Gancia Lima Limón Hibiscus 473 ml,,,Tragos listos,,Sin producto equivalente en La Taba (catálogo de producción de 72 SKU).
referencia_sin_producto,Dr. Lemon Vodka Original 1 L,dr-lemon-vodka-pomelo-lata-473ml,Dr. Lemon Vodka Pomelo Vodka pomelo,Tragos listos,,Sabor y capacidad distintos.
referencia_sin_producto,Shake Pronto 473 ml,,,Tragos listos,,Sin producto equivalente en La Taba (catálogo de producción de 72 SKU).
referencia_sin_producto,Vodka Gancia Hibiscus 473 ml,,,Tragos listos,,Sin producto equivalente en La Taba (catálogo de producción de 72 SKU).
referencia_sin_producto,Smirnoff Ice Green Apple 473 ml,,,Tragos listos,,Sin producto equivalente en La Taba (catálogo de producción de 72 SKU).
referencia_sin_producto,Dr. Lemon Green Apple 473 ml,,,Tragos listos,,Sin producto equivalente en La Taba (catálogo de producción de 72 SKU).
referencia_sin_producto,Dr. Lemon Mojito 473 ml,,,Tragos listos,,Sin producto equivalente en La Taba (catálogo de producción de 72 SKU).
referencia_sin_producto,Cocktail Sangría Emilia 750 ml,,,Tragos listos,,Sin producto equivalente en La Taba (catálogo de producción de 72 SKU).
referencia_sin_producto,Tinti de Verano 473 ml,,,Tragos listos,,Sin producto equivalente en La Taba (catálogo de producción de 72 SKU).
referencia_sin_producto,Sernova Wild Berries 700 ml,,,Vodka,,Sin producto equivalente en La Taba (catálogo de producción de 72 SKU).
referencia_sin_producto,Sernova Candy Glow 700 ml,,,Vodka,,Sin producto equivalente en La Taba (catálogo de producción de 72 SKU).
referencia_sin_producto,Sernova Ice Pop 700 ml,,,Vodka,,Sin producto equivalente en La Taba (catálogo de producción de 72 SKU).
referencia_sin_producto,Sernova Clásico 700 ml,,,Vodka,,Sin producto equivalente en La Taba (catálogo de producción de 72 SKU).
referencia_sin_producto,Smirnoff Red N°21 700 ml,,,Vodka,,Sin producto equivalente en La Taba (catálogo de producción de 72 SKU).
referencia_sin_producto,Absolut Raspberri 700 ml,,,Vodka,,Sin producto equivalente en La Taba (catálogo de producción de 72 SKU).
referencia_sin_producto,Jack Daniel's Tennessee Honey 700 ml,,,Whisky,,Sin producto equivalente en La Taba (catálogo de producción de 72 SKU).
referencia_sin_producto,Jack Daniel's Tennessee Fire 700 ml,,,Whisky,,Sin producto equivalente en La Taba (catálogo de producción de 72 SKU).
referencia_sin_producto,Merle London Dry 750 ml,,,Gin,,Sin producto equivalente en La Taba (catálogo de producción de 72 SKU).
referencia_sin_producto,Merle Pink 750 ml,,,Gin,,Sin producto equivalente en La Taba (catálogo de producción de 72 SKU).
referencia_sin_producto,Heredero Pink 700 ml,,,Gin,,Sin producto equivalente en La Taba (catálogo de producción de 72 SKU).
referencia_sin_producto,Heredero Premium 700 ml,,,Gin,,Sin producto equivalente en La Taba (catálogo de producción de 72 SKU).
referencia_sin_producto,Brighton 700 ml,,,Gin,,Sin producto equivalente en La Taba (catálogo de producción de 72 SKU).
referencia_sin_producto,Malibu 750 ml,,,Ron,,Sin producto equivalente en La Taba (catálogo de producción de 72 SKU).
referencia_sin_producto,Julia Dulce Natural 750 ml,,,Espumantes,,Sin producto equivalente en La Taba (catálogo de producción de 72 SKU).
referencia_sin_producto,Mumm Extra Brut Cuvée Lata 269 ml,,,Espumantes,,Sin producto equivalente en La Taba (catálogo de producción de 72 SKU).
referencia_sin_producto,La Linda Extra Brut 750 ml,,,Espumantes,,Sin producto equivalente en La Taba (catálogo de producción de 72 SKU).
referencia_sin_producto,Luigi Bosca Brut Nature 750 ml,,,Espumantes,,Sin producto equivalente en La Taba (catálogo de producción de 72 SKU).
referencia_sin_producto,Nieto Senetiner Extra Brut 0.0 750 ml,,,Espumantes,,Sin producto equivalente en La Taba (catálogo de producción de 72 SKU).
referencia_sin_producto,Luigi Bosca Extra Brut 750 ml,,,Espumantes,,Sin producto equivalente en La Taba (catálogo de producción de 72 SKU).
producto_sin_referencia,,andes-origen-roja-lata-473ml,Andes Origen Roja · Roja · 473 ml · pack 1,Cervezas,2650.0,"Sin producto equivalente en la lista de 144 (o fuera de alcance: gaseosas, aguas, energizantes, isotónicas, jugos, mixers)."
producto_sin_referencia,,andes-origen-rubia-lata-473ml-pack-6,Andes Origen Rubia · Rubia · 473 ml · pack 6,Cervezas,23390.0,Pack x6/x12: sin precio de referencia unitario; no se traslada precio unitario.
producto_sin_referencia,,aquarius-manzana-1500ml,Aquarius Manzana · Manzana · 1500 ml · pack 1,Aguas saborizadas,1800.0,"Sin producto equivalente en la lista de 144 (o fuera de alcance: gaseosas, aguas, energizantes, isotónicas, jugos, mixers)."
producto_sin_referencia,,aquarius-pera-1500ml,Aquarius Pera · Pera · 1500 ml · pack 1,Aguas saborizadas,1800.0,"Sin producto equivalente en la lista de 144 (o fuera de alcance: gaseosas, aguas, energizantes, isotónicas, jugos, mixers)."
producto_sin_referencia,,aquarius-pomelo-2250ml,Aquarius Pomelo · Pomelo · 2250 ml · pack 1,Aguas saborizadas,2650.0,"Sin producto equivalente en la lista de 144 (o fuera de alcance: gaseosas, aguas, energizantes, isotónicas, jugos, mixers)."
producto_sin_referencia,,benedictino-sin-gas-2250ml,Benedictino · Sin gas · 2250 ml · pack 1,Aguas,2250.0,"Sin producto equivalente en la lista de 144 (o fuera de alcance: gaseosas, aguas, energizantes, isotónicas, jugos, mixers)."
producto_sin_referencia,,brahma-chopp-lata-473ml-pack-6,Brahma Chopp · Rubia · 473 ml · pack 6,Cervezas,14990.0,Pack x6/x12: sin precio de referencia unitario; no se traslada precio unitario.
producto_sin_referencia,,brahma-chopp-lata-710ml,Brahma Chopp · Rubia · 710 ml · pack 1,Cervezas,3000.0,"Sin producto equivalente en la lista de 144 (o fuera de alcance: gaseosas, aguas, energizantes, isotónicas, jugos, mixers)."
producto_sin_referencia,,budweiser-lata-473ml-pack-6,Budweiser · Lager · 473 ml · pack 6,Cervezas,19990.0,Pack x6/x12: sin precio de referencia unitario; no se traslada precio unitario.
producto_sin_referencia,,cafayate-torrontes-750ml,Cafayate Torrontés · Torrontés · 750 ml · pack 1,Vinos,5400.0,"Sin producto equivalente en la lista de 144 (o fuera de alcance: gaseosas, aguas, energizantes, isotónicas, jugos, mixers)."
producto_sin_referencia,,cepita-durazno-pet-1500ml,Cepita Durazno · Durazno · 1500 ml · pack 1,Jugos,4490.0,"Sin producto equivalente en la lista de 144 (o fuera de alcance: gaseosas, aguas, energizantes, isotónicas, jugos, mixers)."
producto_sin_referencia,,cepita-naranja-pet-1500ml,Cepita Naranja · Naranja · 1500 ml · pack 1,Jugos,4490.0,"Sin producto equivalente en la lista de 144 (o fuera de alcance: gaseosas, aguas, energizantes, isotónicas, jugos, mixers)."
producto_sin_referencia,,coca-cola-original-2250ml,Coca-Cola · Original · 2250 ml · pack 1,Gaseosas,5900.0,"Sin producto equivalente en la lista de 144 (o fuera de alcance: gaseosas, aguas, energizantes, isotónicas, jugos, mixers)."
producto_sin_referencia,,coca-cola-original-botella-pet-500-ml-pack-x12,Coca-Cola Original · Botella PET · 500 ml · Pack x12 · 500 ml · pack 12,Gaseosas,17100.0,Pack x6/x12: sin precio de referencia unitario; no se traslada precio unitario.
producto_sin_referencia,,coca-cola-original-lata-354ml,Coca-Cola · Original · 354 ml · pack 1,Gaseosas,1800.0,"Sin producto equivalente en la lista de 144 (o fuera de alcance: gaseosas, aguas, energizantes, isotónicas, jugos, mixers)."
producto_sin_referencia,,coca-cola-original-pet-1500ml,Coca-Cola Original · Original · 1500 ml · pack 1,Gaseosas,4990.0,"Sin producto equivalente en la lista de 144 (o fuera de alcance: gaseosas, aguas, energizantes, isotónicas, jugos, mixers)."
producto_sin_referencia,,coca-cola-original-pet-500ml,Coca-Cola Original · 500 ml · 500 ml · pack 1,Gaseosas,2290.0,"Sin producto equivalente en la lista de 144 (o fuera de alcance: gaseosas, aguas, energizantes, isotónicas, jugos, mixers)."
producto_sin_referencia,,coca-cola-zero-2250ml,Coca-Cola Zero · Sin azúcar · 2250 ml · pack 1,Gaseosas,5900.0,"Sin producto equivalente en la lista de 144 (o fuera de alcance: gaseosas, aguas, energizantes, isotónicas, jugos, mixers)."
producto_sin_referencia,,coca-cola-zero-botella-pet-500-ml-pack-x12,Coca-Cola Zero · Botella PET · 500 ml · Pack x12 · 500 ml · pack 12,Gaseosas,17100.0,Pack x6/x12: sin precio de referencia unitario; no se traslada precio unitario.
producto_sin_referencia,,coca-cola-zero-lata-354ml,Coca-Cola Zero · Sin azúcar · 354 ml · pack 1,Gaseosas,1800.0,"Sin producto equivalente en la lista de 144 (o fuera de alcance: gaseosas, aguas, energizantes, isotónicas, jugos, mixers)."
producto_sin_referencia,,coca-cola-zero-pet-1500ml,Coca-Cola Zero · Sin azúcar · 1500 ml · pack 1,Gaseosas,4990.0,"Sin producto equivalente en la lista de 144 (o fuera de alcance: gaseosas, aguas, energizantes, isotónicas, jugos, mixers)."
producto_sin_referencia,,coca-cola-zero-pet-500ml,Coca-Cola Zero · 500 ml · 500 ml · pack 1,Gaseosas,2290.0,"Sin producto equivalente en la lista de 144 (o fuera de alcance: gaseosas, aguas, energizantes, isotónicas, jugos, mixers)."
producto_sin_referencia,,dada-caramel-750ml,Dada Caramel · Caramel · 750 ml · pack 1,Vinos,5900.0,"Sin producto equivalente en la lista de 144 (o fuera de alcance: gaseosas, aguas, energizantes, isotónicas, jugos, mixers)."
producto_sin_referencia,,dr-lemon-vodka-pomelo-lata-473ml,Dr. Lemon Vodka Pomelo · Vodka pomelo · 473 ml · pack 1,Aperitivos,2200.0,"Sin producto equivalente en la lista de 144 (o fuera de alcance: gaseosas, aguas, energizantes, isotónicas, jugos, mixers)."
producto_sin_referencia,,fanta-naranja-2250ml,Fanta Naranja · Naranja · 2250 ml · pack 1,Gaseosas,5900.0,"Sin producto equivalente en la lista de 144 (o fuera de alcance: gaseosas, aguas, energizantes, isotónicas, jugos, mixers)."
producto_sin_referencia,,fanta-naranja-botella-pet-1500-ml-pack-x6,Fanta Naranja · Botella PET · 1500 ml · Pack x6 · 1500 ml · pack 6,Gaseosas,19999.0,Pack x6/x12: sin precio de referencia unitario; no se traslada precio unitario.
producto_sin_referencia,,fanta-naranja-pet-1500ml,"Fanta Naranja · 1,5 L · 1500 ml · pack 1",Gaseosas,4990.0,"Sin producto equivalente en la lista de 144 (o fuera de alcance: gaseosas, aguas, energizantes, isotónicas, jugos, mixers)."
producto_sin_referencia,,gancia-americano-450ml,Gancia Americano · Americano · 450 ml · pack 1,Aperitivos,4350.0,"Sin producto equivalente en la lista de 144 (o fuera de alcance: gaseosas, aguas, energizantes, isotónicas, jugos, mixers)."
producto_sin_referencia,,gatorade-cool-blue-500ml,Gatorade Cool Blue · Cool Blue · 500 ml · pack 1,Isotónicas,2000.0,"Sin producto equivalente en la lista de 144 (o fuera de alcance: gaseosas, aguas, energizantes, isotónicas, jugos, mixers)."
producto_sin_referencia,,gatorade-manzana-1250ml,Gatorade Manzana · Manzana · 1250 ml · pack 1,Isotónicas,2650.0,"Sin producto equivalente en la lista de 144 (o fuera de alcance: gaseosas, aguas, energizantes, isotónicas, jugos, mixers)."
producto_sin_referencia,,gin-gordons-700ml,Gordon's London Dry · London Dry · 700 ml · pack 1,Destilados,16800.0,"Sin producto equivalente en la lista de 144 (o fuera de alcance: gaseosas, aguas, energizantes, isotónicas, jugos, mixers)."
producto_sin_referencia,,monster-green-zero-473ml,Monster Green Zero · Sin azúcar · 473 ml · pack 1,Energizantes,3250.0,"Sin producto equivalente en la lista de 144 (o fuera de alcance: gaseosas, aguas, energizantes, isotónicas, jugos, mixers)."
producto_sin_referencia,,paso-de-los-toros-pomelo-1500ml,Paso de los Toros Pomelo · Pomelo · 1500 ml · pack 1,Mixers,3250.0,"Sin producto equivalente en la lista de 144 (o fuera de alcance: gaseosas, aguas, energizantes, isotónicas, jugos, mixers)."
producto_sin_referencia,,paso-de-los-toros-tonica-1500ml,Paso de los Toros Tónica · Tónica · 1500 ml · pack 1,Mixers,3250.0,"Sin producto equivalente en la lista de 144 (o fuera de alcance: gaseosas, aguas, energizantes, isotónicas, jugos, mixers)."
producto_sin_referencia,,patagonia-amber-lager-botella-730ml,Patagonia Amber Lager · Amber Lager · 730 ml · pack 1,Cervezas,5300.0,"Sin producto equivalente en la lista de 144 (o fuera de alcance: gaseosas, aguas, energizantes, isotónicas, jugos, mixers)."
producto_sin_referencia,,pepsi-black-1500ml,Pepsi Black · Sin azúcar · 1500 ml · pack 1,Gaseosas,2650.0,"Sin producto equivalente en la lista de 144 (o fuera de alcance: gaseosas, aguas, energizantes, isotónicas, jugos, mixers)."
producto_sin_referencia,,pepsi-original-2000ml,Pepsi · Original · 2000 ml · pack 1,Gaseosas,3800.0,"Sin producto equivalente en la lista de 144 (o fuera de alcance: gaseosas, aguas, energizantes, isotónicas, jugos, mixers)."
producto_sin_referencia,,powerade-mountain-blast-500ml,Powerade Mountain Blast · Mountain Blast · 500 ml · pack 1,Isotónicas,1450.0,"Sin producto equivalente en la lista de 144 (o fuera de alcance: gaseosas, aguas, energizantes, isotónicas, jugos, mixers)."
producto_sin_referencia,,quilmes-clasica-botella-710ml,Quilmes Clásica · Lager · 710 ml · pack 1,Cervezas,3000.0,"Sin producto equivalente en la lista de 144 (o fuera de alcance: gaseosas, aguas, energizantes, isotónicas, jugos, mixers)."
producto_sin_referencia,,quilmes-clasica-lata-473ml,Quilmes Clásica · Lager · 473 ml · pack 1,Cervezas,2050.0,"Sin producto equivalente en la lista de 144 (o fuera de alcance: gaseosas, aguas, energizantes, isotónicas, jugos, mixers)."
producto_sin_referencia,,quilmes-clasica-lata-473ml-pack-6,Quilmes Clásica · Lager · 473 ml · pack 6,Cervezas,11400.0,Pack x6/x12: sin precio de referencia unitario; no se traslada precio unitario.
producto_sin_referencia,,red-bull-original-250ml,Red Bull · Original · 250 ml · pack 1,Energizantes,2800.0,"Sin producto equivalente en la lista de 144 (o fuera de alcance: gaseosas, aguas, energizantes, isotónicas, jugos, mixers)."
producto_sin_referencia,,red-bull-sin-azucar-250ml,Red Bull Sugarfree · Sin azúcar · 250 ml · pack 1,Energizantes,2800.0,"Sin producto equivalente en la lista de 144 (o fuera de alcance: gaseosas, aguas, energizantes, isotónicas, jugos, mixers)."
producto_sin_referencia,,seven-up-original-2000ml,7UP · Original · 2000 ml · pack 1,Gaseosas,3800.0,"Sin producto equivalente en la lista de 144 (o fuera de alcance: gaseosas, aguas, energizantes, isotónicas, jugos, mixers)."
producto_sin_referencia,,soda-manaos-sifon-2000ml,Soda Manaos · Soda · 2000 ml · pack 1,Mixers,1750.0,"Sin producto equivalente en la lista de 144 (o fuera de alcance: gaseosas, aguas, energizantes, isotónicas, jugos, mixers)."
producto_sin_referencia,,speed-original-473ml,Speed · Original · 473 ml · pack 1,Energizantes,2850.0,"Sin producto equivalente en la lista de 144 (o fuera de alcance: gaseosas, aguas, energizantes, isotónicas, jugos, mixers)."
producto_sin_referencia,,speed-zero-473ml,Speed Zero · Sin azúcar · 473 ml · pack 1,Energizantes,2850.0,"Sin producto equivalente en la lista de 144 (o fuera de alcance: gaseosas, aguas, energizantes, isotónicas, jugos, mixers)."
producto_sin_referencia,,sprite-botella-pet-500-ml-pack-x12,Sprite · Botella PET · 500 ml · Pack x12 · 500 ml · pack 12,Gaseosas,17100.0,Pack x6/x12: sin precio de referencia unitario; no se traslada precio unitario.
producto_sin_referencia,,sprite-original-2250ml,Sprite · Original · 2250 ml · pack 1,Gaseosas,5900.0,"Sin producto equivalente en la lista de 144 (o fuera de alcance: gaseosas, aguas, energizantes, isotónicas, jugos, mixers)."
producto_sin_referencia,,sprite-original-lata-354ml,Sprite · Original · 354 ml · pack 1,Gaseosas,1800.0,"Sin producto equivalente en la lista de 144 (o fuera de alcance: gaseosas, aguas, energizantes, isotónicas, jugos, mixers)."
producto_sin_referencia,,sprite-original-pet-1500ml,Sprite · Original · 1500 ml · pack 1,Gaseosas,4990.0,"Sin producto equivalente en la lista de 144 (o fuera de alcance: gaseosas, aguas, energizantes, isotónicas, jugos, mixers)."
producto_sin_referencia,,sprite-pet-500ml,Sprite · 500 ml · 500 ml · pack 1,Gaseosas,2290.0,"Sin producto equivalente en la lista de 144 (o fuera de alcance: gaseosas, aguas, energizantes, isotónicas, jugos, mixers)."
producto_sin_referencia,,sprite-zero-2250ml,Sprite Zero · Sin azúcar · 2250 ml · pack 1,Gaseosas,5900.0,"Sin producto equivalente en la lista de 144 (o fuera de alcance: gaseosas, aguas, energizantes, isotónicas, jugos, mixers)."
producto_sin_referencia,,sprite-zero-pet-1500ml,Sprite Zero · Sin azúcar · 1500 ml · pack 1,Gaseosas,4990.0,"Sin producto equivalente en la lista de 144 (o fuera de alcance: gaseosas, aguas, energizantes, isotónicas, jugos, mixers)."
producto_sin_referencia,,stella-artois-lata-473ml-pack-6,Stella Artois · Lager · 473 ml · pack 6,Cervezas,29490.0,Pack x6/x12: sin precio de referencia unitario; no se traslada precio unitario.
producto_sin_referencia,,toro-tinto-1000ml,Toro · Tinto · 1000 ml · pack 1,Vinos,2300.0,"Sin producto equivalente en la lista de 144 (o fuera de alcance: gaseosas, aguas, energizantes, isotónicas, jugos, mixers)."
producto_sin_referencia,,toro-viejo-clasico-tinto-750ml,Toro Viejo Clásico · Tinto · 750 ml · pack 1,Vinos,2550.0,"Sin producto equivalente en la lista de 144 (o fuera de alcance: gaseosas, aguas, energizantes, isotónicas, jugos, mixers)."
producto_sin_referencia,,trapiche-origen-malbec-750ml,Trapiche Origen Malbec · Malbec · 750 ml · pack 1,Vinos,6150.0,"Sin producto equivalente en la lista de 144 (o fuera de alcance: gaseosas, aguas, energizantes, isotónicas, jugos, mixers)."
producto_sin_referencia,,villa-del-sur-sin-gas-600ml,Villa del Sur · Sin gas · 600 ml · pack 1,Aguas,1700.0,"Sin producto equivalente en la lista de 144 (o fuera de alcance: gaseosas, aguas, energizantes, isotónicas, jugos, mixers)."
producto_sin_referencia,,villa-del-sur-sin-gas-pet-2250ml,Villa del Sur · Sin gas · 2250 ml · pack 1,Aguas,2890.0,"Sin producto equivalente en la lista de 144 (o fuera de alcance: gaseosas, aguas, energizantes, isotónicas, jugos, mixers)."
producto_sin_referencia,,villavicencio-con-gas-500ml,Villavicencio · Con gas · 500 ml · pack 1,Aguas,1900.0,"Sin producto equivalente en la lista de 144 (o fuera de alcance: gaseosas, aguas, energizantes, isotónicas, jugos, mixers)."
producto_sin_referencia,,villavicencio-con-gas-pet-1500ml,Villavicencio · Con gas · 1500 ml · pack 1,Aguas,3490.0,"Sin producto equivalente en la lista de 144 (o fuera de alcance: gaseosas, aguas, energizantes, isotónicas, jugos, mixers)."
producto_sin_referencia,,villavicencio-sin-gas-1500ml,Villavicencio · Sin gas · 1500 ml · pack 1,Aguas,2400.0,"Sin producto equivalente en la lista de 144 (o fuera de alcance: gaseosas, aguas, energizantes, isotónicas, jugos, mixers)."
producto_sin_referencia,,vodka-skyy-700ml,Skyy Vodka · Original · 700 ml · pack 1,Destilados,9500.0,"Sin producto equivalente en la lista de 144 (o fuera de alcance: gaseosas, aguas, energizantes, isotónicas, jugos, mixers)."
