sku,host,ean,source_url,verdict,motivo
quilmes-clasica-lata-473ml,jumboargentina.vtexassets.com,7792798012923,https://jumboargentina.vteximg.com.br/arquivos/ids/907543/12440106001.jpg,RECUPERABLE-CON-RECORTE,"cartel de merchandising del retailer al costado de la lata (473cc CLASICA); el envase es correcto"
quilmes-stout-lata-473ml,jumboargentina.vtexassets.com,7792798001316,https://jumboargentina.vteximg.com.br/arquivos/ids/890491/Cerveza-Quilmes-Stout-473cc-1-5591.jpg,RECUPERABLE-CON-RECORTE,"cartel de merchandising (473cc STOUT); el envase es correcto"
andes-origen-rubia-lata-473ml,jumboargentina.vtexassets.com,7792798999866,https://jumboargentina.vteximg.com.br/arquivos/ids/890518/Cerveza-Andes-Origen-Rubia-473cc-1-276781.jpg,RECUPERABLE-CON-RECORTE,"cartel de merchandising (473cc RUBIA); el envase es correcto"
andes-origen-rubia-lata-473ml-pack-6,jumboargentina.vtexassets.com,7792798001712,https://jumboargentina.vteximg.com.br/arquivos/ids/890517/Cerveza-Andes-Origen-Rubia-473cc-6un-1-276612.jpg,RECUPERABLE-CON-RECORTE,"banner 6 LATAS 473CC. sobre la imagen; el pack es correcto"
brahma-chopp-lata-473ml-pack-6,jumboargentina.vtexassets.com,7792798005970,https://jumboargentina.vteximg.com.br/arquivos/ids/890496/Cerveza-Brahma-Chopp-Lata-473mlx6-1-12428.jpg,RECUPERABLE-CON-RECORTE,"banner 6 LATAS 473CC.; el pack es correcto"
budweiser-lata-473ml,jumboargentina.vtexassets.com,7793147118822,https://jumboargentina.vteximg.com.br/arquivos/ids/890497/Cerveza-Budweiser-Lata-473-Ml-1-17952.jpg,RECUPERABLE-CON-RECORTE,"cartel de merchandising (473cc RUBIA); el envase es correcto"
budweiser-lata-473ml-pack-6,jumboargentina.vtexassets.com,7793147118846,https://jumboargentina.vteximg.com.br/arquivos/ids/890508/Cerveza-Budweiser-473-Ml-X-6-Un-1-44476.jpg,RECUPERABLE-CON-RECORTE,"banner 6 LATAS 473CC.; el pack es correcto"
stella-artois-lata-473ml,jumboargentina.vtexassets.com,7792798010615,https://jumboargentina.vteximg.com.br/arquivos/ids/890507/Cerveza-Stella-Artois-Rubia-473-Ml-1-38031.jpg,RECUPERABLE-CON-RECORTE,"cartel de merchandising (473cc RUBIA); el envase es correcto"
stella-artois-lata-473ml-pack-6,jumboargentina.vtexassets.com,7792798010592,https://jumboargentina.vteximg.com.br/arquivos/ids/890519/Cerveza-Rubia-X-6-Un-Stella-Artois-1-305956.jpg,RECUPERABLE-CON-RECORTE,"banner 6 LATAS 473CC.; el pack es correcto"
patagonia-amber-lager-botella-730ml,jumboargentina.vtexassets.com,7792798002351,https://jumboargentina.vteximg.com.br/arquivos/ids/890494/Cerveza-Patagonia-Amber-Lager-730cc-1-11622.jpg,RECUPERABLE-CON-RECORTE,"cartel de merchandising (730cc AMBER LAGER); el envase es correcto"
corona-extra-botella-330ml,jumboargentina.vtexassets.com,8066145,https://jumboargentina.vteximg.com.br/arquivos/ids/161547/Cerveza-Corona-Extra-Cerveza-Corona-Extra-Botella-330-Cc-1-6416.jpg,RECHAZADA,"la URL devuelve el marcador Imagen no disponible; asset muerto desde 2020"
fernet-branca-1000ml,jumboargentina.vtexassets.com,7790290000523,https://jumboargentina.vteximg.com.br/arquivos/ids/430099/Fernet-Branca-X-1--Lt-1-169509.jpg,RECHAZADA,"la foto es una caja de regalo de carton con dos vasos impresos, no la botella"
fernet-branca-1000ml,www.espaciovino.com.ar,,https://www.espaciovino.com.ar/media/default/0001/65/thumb_64029_default_big.png,RECHAZADA,"marca de agua espaciovino sobre el borde inferior; producto y fondo por lo demas correctos"
vodka-skyy-700ml,jumboargentina.vtexassets.com,7791200200828,https://jumboargentina.vteximg.com.br/arquivos/ids/890217/Vodka-700ml-Skyy-2-1051210.jpg,RECHAZADA,"fondo azul en vez de blanco mas cartel VODKA 700 ML"
gancia-lima-limon-lata-473ml,jumboargentina.vtexassets.com,7790950142921,https://jumboargentina.vteximg.com.br/arquivos/ids/788231/Gancia-Lima-Lim-n-3-5-473ml-1-882803.jpg,RECUPERABLE-CON-RECORTE,"placa verde Americano + Lima Limon ocupa el 44.9% del borde"
fernet-branca-750ml,ardiaprod.vtexassets.com,7790290101602,https://ardiaprod.vteximg.com.br/arquivos/ids/358656/Aperitivo-Fernet-Branca-750-ml-_1.jpg,RECUPERABLE-CON-RECORTE,"cartel azul FERNET BRANCA / 750 ml; ALTA futura, no SKU existente"
fernet-branca-450ml,ardiaprod.vtexassets.com,7790290001179,https://ardiaprod.vteximg.com.br/arquivos/ids/358687/Aperitivo-Fernet-Branca-450-ml-_1.jpg,RECUPERABLE-CON-RECORTE,"cartel azul FERNET BRANCA / 450 ml; ALTA futura, no SKU existente"
stella-artois-lata-473ml,ardiaprod.vtexassets.com,7792798001293,https://ardiaprod.vteximg.com.br/arquivos/ids/375779/Cerveza-Stella-Artois-en-Lata-473-ml-_1.png,RECUPERABLE-CON-RECORTE,"cartel de merchandising (473cc RUBIA), igual que en Jumbo"
gin-gordons-700ml,jumboargentina.vtexassets.com,7791250801839,https://jumboargentina.vteximg.com.br/arquivos/ids/892327/Gin-Tropical-Fruits-700cc-Gordon-s-1-1049582.jpg,RECHAZADA,"VARIANTE INCORRECTA: es Gordon's Tropical Fruits, no el London Dry clasico"
andes-origen-roja-lata-473ml,,,,SIN-CANDIDATA,"Jumbo no lista Andes Origen Roja en 473 lata; solo 340cc, 269ml y 1L retornable. Posible formato discontinuado"
quilmes-clasica-lata-473ml-pack-6,,,,SIN-CANDIDATA,"Jumbo lista la lata 473 suelta y el pack x12, no el pack x6. Posible formato discontinuado"
fernet-1882-750ml,,,,SIN-CANDIDATA,"Jumbo solo lista 1882 en pack x6, en lata con cola 473 y en kit; no la botella 750 suelta"
dr-lemon-vodka-pomelo-lata-473ml,,,,SIN-CANDIDATA,"Jumbo tiene pomelo en 1L y limon en lata 473, pero no pomelo en lata 473"
fernet-branca-750ml,acdn-us.mitiendanube.com (brancastore.com.ar · FABRICANTE),,https://acdn-us.mitiendanube.com/stores/006/757/969/products/33-55788569045f14a12c17750533900198-1024-1024.webp,RECUPERABLE-CON-RECORTE,"tienda oficial de Fratelli Branca. 1024x1024. Botella en columnas 385-643 y cartel en 813-1023, con 169px de blanco puro entre medio: el corte no toca el envase. FUENTE PREFERIDA sobre el retailer"
fernet-branca-1000ml,acdn-us.mitiendanube.com (brancastore.com.ar · FABRICANTE),,https://acdn-us.mitiendanube.com/stores/006/757/969/products/31-6637cf8d3cf6b8487617750533556878-1024-1024.webp,RECUPERABLE-CON-RECORTE,"tienda oficial de Fratelli Branca. Botella en 385-653, cartel en 813-1023, 159px de blanco entre medio. Reemplaza a la caja de regalo de Jumbo"
fernet-branca-450ml,acdn-us.mitiendanube.com (brancastore.com.ar · FABRICANTE),,https://acdn-us.mitiendanube.com/stores/006/757/969/products/35-5b6900b32d6a0fafee17750534201734-1024-1024.webp,RECUPERABLE-CON-RECORTE,"tienda oficial de Fratelli Branca. Botella en 386-631, cartel en 813-1023, 181px de blanco entre medio"
