sku,gtin,autoridad_gtin,nombre,presentacion,capacidad,categoria,units_per_pack,image_url,origen_imagen,derechos,referencia_derechos,tipo,clasificacion,motivo
aquarius-manzana-1500ml,,,Aquarius Manzana,"Botella PET · 1,5 L · Unidad","1,5 L",Aguas saborizadas,1,assets/products/aquarius-manzana-1500ml-5a06bd9176e27828-d3c0af1d8c4494d9.webp,fabricante · coca-colaentucasa.com,LICENCIA_COMERCIAL,TABA-AUT-2026-08-001,REAL,OFFICIAL_EXACT,
aquarius-pera-1500ml,,,Aquarius Pera,"Botella PET · 1,5 L · Unidad","1,5 L",Aguas saborizadas,1,assets/products/aquarius-pera-1500ml-d8c1230b1227373f-2925d0553fe3f194.webp,fabricante · coca-colaentucasa.com,LICENCIA_COMERCIAL,TABA-AUT-2026-08-001,REAL,OFFICIAL_EXACT,
aquarius-pomelo-2250ml,,,Aquarius Pomelo,"Botella PET · 2,25 L · Unidad","2,25 L",Aguas saborizadas,1,assets/products/aquarius-pomelo-2250ml-8de7c8de5e780020-f788300784447191.webp,fabricante · coca-colaentucasa.com,LICENCIA_COMERCIAL,TABA-AUT-2026-08-001,REAL,OFFICIAL_EXACT,
benedictino-sin-gas-2250ml,,,Benedictino,"Botella PET · 2,25 L · Unidad","2,25 L",Aguas,1,assets/products/benedictino-sin-gas-2250ml-8291602e84de68e9-b3100a865b922f28.webp,fabricante · coca-colaentucasa.com,LICENCIA_COMERCIAL,TABA-AUT-2026-08-001,REAL,OFFICIAL_EXACT,
coca-cola-original-2250ml,7790895000997,catalog/gondola-retail-final-proposal.mjs (enriquecimiento propuesto),Coca-Cola,"Botella PET · 2,25 L · Unidad","2,25 L",Gaseosas,1,assets/products/coca-cola-original-2250ml-97dc25e8399a5775-adb8042ea9716cb9.webp,fabricante · coca-colaentucasa.com,LICENCIA_COMERCIAL,TABA-AUT-2026-08-001,REAL,OFFICIAL_EXACT,
coca-cola-original-botella-pet-500-ml-pack-x12,,,Coca-Cola Original,Botella PET · 500 ml · Pack x12,500 ml,Gaseosas,12,assets/products/coca-cola-original-botella-pet-500-ml-pack-x12-da9d9f1d872c1e49-75b52ee33dad073c.webp,fabricante · andinacocacolaar.vteximg.com.br,LICENCIA_COMERCIAL,TABA-AUT-2026-08-001,REAL,OFFICIAL_EXACT,
coca-cola-original-lata-354ml,7790895000232,catalog/gondola-retail-final-proposal.mjs (enriquecimiento propuesto),Coca-Cola,Lata · 354 ml · Unidad,354 ml,Gaseosas,1,assets/products/coca-cola-original-lata-354ml-3c2cefd7fe4bd597-f2cf7dff4b87047d.webp,proveedor_aprobado · jumboargentina.vtexassets.com,LICENCIA_COMERCIAL,TABA-AUT-2026-08-001,REAL,AUTHORIZED_EXACT,
coca-cola-original-pet-1500ml,7790895000430,catalog/gondola-retail-final-proposal.mjs,Coca-Cola Original,"Botella PET · 1,5 L · Unidad","1,5 L",Gaseosas,1,assets/products/coca-cola-original-pet-1500ml-5781315ce9f8f02f-43114ca6977868de.webp,proveedor_aprobado · ardiaprod.vtexassets.com,LICENCIA_COMERCIAL,TABA-AUT-2026-08-001,REAL,AUTHORIZED_EXACT,
coca-cola-zero-2250ml,7790895067570,catalog/gondola-retail-final-proposal.mjs (enriquecimiento propuesto),Coca-Cola Zero,"Botella PET · 2,25 L · Unidad","2,25 L",Gaseosas,1,assets/products/coca-cola-zero-2250ml-4ce84243eb65d14a-309bbcc731498df7.webp,fabricante · coca-colaentucasa.com,LICENCIA_COMERCIAL,TABA-AUT-2026-08-001,REAL,OFFICIAL_EXACT,
coca-cola-zero-botella-pet-500-ml-pack-x12,,,Coca-Cola Zero,Botella PET · 500 ml · Pack x12,500 ml,Gaseosas,12,assets/products/coca-cola-zero-botella-pet-500-ml-pack-x12-ab4d9e31abe096e0-7a626dec1b48f442.webp,fabricante · andinacocacolaar.vteximg.com.br,LICENCIA_COMERCIAL,TABA-AUT-2026-08-001,REAL,OFFICIAL_EXACT,
coca-cola-zero-lata-354ml,7790895067587,catalog/gondola-retail-final-proposal.mjs (enriquecimiento propuesto),Coca-Cola Zero,Lata · 354 ml · Unidad,354 ml,Gaseosas,1,assets/products/coca-cola-zero-lata-354ml-4d1955a80c87ab0e-87f477f474494b33.webp,proveedor_aprobado · www.espaciovino.com.ar,LICENCIA_COMERCIAL,TABA-AUT-2026-08-001,REAL,AUTHORIZED_EXACT,
fanta-naranja-2250ml,7790895001017,catalog/gondola-retail-final-proposal.mjs (enriquecimiento propuesto),Fanta Naranja,"Botella PET · 2,25 L · Unidad","2,25 L",Gaseosas,1,assets/products/fanta-naranja-2250ml-797064494952a9a1-9ef1596448794ce7.webp,proveedor_aprobado · jumboargentina.vtexassets.com,LICENCIA_COMERCIAL,TABA-AUT-2026-08-001,REAL,AUTHORIZED_EXACT,
gatorade-cool-blue-500ml,,,Gatorade Cool Blue,Botella PET · 500 ml · Unidad,500 ml,Isotónicas,1,assets/products/gatorade-cool-blue-500ml-e3fcbd3e1e29bb61-f138bb4b00238c71.webp,distribuidor_oficial · boulevard-sa.com.ar,LICENCIA_COMERCIAL,TABA-AUT-2026-08-001,REAL,AUTHORIZED_EXACT,
gatorade-manzana-1250ml,,,Gatorade Manzana,"Botella PET · 1,25 L · Unidad","1,25 L",Isotónicas,1,assets/products/gatorade-manzana-1250ml-64efd055975ef241-67bbe43a8a884939.webp,distribuidor_oficial · boulevard-sa.com.ar,LICENCIA_COMERCIAL,TABA-AUT-2026-08-001,REAL,AUTHORIZED_EXACT,
monster-green-zero-473ml,,,Monster Green Zero,Lata · 473 ml · Unidad,473 ml,Energizantes,1,assets/products/monster-green-zero-473ml-c238e9bf28582e15-36ea5aaa51d7906e.webp,fabricante · web-assests.monsterenergy.com,LICENCIA_COMERCIAL,TABA-AUT-2026-08-001,REAL,OFFICIAL_EXACT,
paso-de-los-toros-pomelo-1500ml,,,Paso de los Toros Pomelo,"Botella PET · 1,5 L · Unidad","1,5 L",Mixers,1,assets/products/paso-de-los-toros-pomelo-1500ml-07e30d4119649232-5ee73401ead32b21.webp,distribuidor_oficial · boulevard-sa.com.ar,LICENCIA_COMERCIAL,TABA-AUT-2026-08-001,REAL,AUTHORIZED_EXACT,
paso-de-los-toros-tonica-1500ml,,,Paso de los Toros Tónica,"Botella PET · 1,5 L · Unidad","1,5 L",Mixers,1,assets/products/paso-de-los-toros-tonica-1500ml-3a05ed21abc4e380-f551a02eb264272c.webp,distribuidor_oficial · boulevard-sa.com.ar,LICENCIA_COMERCIAL,TABA-AUT-2026-08-001,REAL,AUTHORIZED_EXACT,
pepsi-black-1500ml,,,Pepsi Black,"Botella PET · 1,5 L · Unidad","1,5 L",Gaseosas,1,assets/products/pepsi-black-1500ml-52009e2651c40a42-b09188d077fa3a4f.webp,proveedor_aprobado · jumboargentina.vtexassets.com,LICENCIA_COMERCIAL,TABA-AUT-2026-08-001,REAL,AUTHORIZED_EXACT,
pepsi-original-2000ml,,,Pepsi,Botella PET · 2 L · Unidad,2 L,Gaseosas,1,assets/products/pepsi-original-2000ml-b4298e4382912cf4-86e8267fb10c961a.webp,proveedor_aprobado · jumboargentina.vtexassets.com,LICENCIA_COMERCIAL,TABA-AUT-2026-08-001,REAL,AUTHORIZED_EXACT,
powerade-mountain-blast-500ml,,,Powerade Mountain Blast,Botella PET · 500 ml · Unidad,500 ml,Isotónicas,1,assets/products/powerade-mountain-blast-500ml-1ea05e4f6f192e2f-4d73a0a156b31cb6.webp,proveedor_aprobado · ardiaprod.vtexassets.com,LICENCIA_COMERCIAL,TABA-AUT-2026-08-001,REAL,AUTHORIZED_EXACT,
red-bull-original-250ml,,,Red Bull,Lata · 250 ml · Unidad,250 ml,Energizantes,1,assets/products/red-bull-original-250ml-2d86788f7b853c11-d9018a7780c8e25b.webp,fabricante · www.redbull.com,LICENCIA_COMERCIAL,TABA-AUT-2026-08-001,REAL,OFFICIAL_EXACT,
red-bull-sin-azucar-250ml,,,Red Bull Sugarfree,Lata · 250 ml · Unidad,250 ml,Energizantes,1,assets/products/red-bull-sin-azucar-250ml-f0aeca853a67db50-8f27b231957a48bb.webp,fabricante · www.redbull.com,LICENCIA_COMERCIAL,TABA-AUT-2026-08-001,REAL,OFFICIAL_EXACT,
seven-up-original-2000ml,,,7UP,Botella PET · 2 L · Unidad,2 L,Gaseosas,1,assets/products/seven-up-original-2000ml-2ed6deb5fa431d4b-f32d43104a61239c.webp,proveedor_aprobado · jumboargentina.vteximg.com.br,LICENCIA_COMERCIAL,TABA-AUT-2026-08-001,REAL,AUTHORIZED_EXACT,
soda-manaos-sifon-2000ml,,,Soda Manaos,Sifón · 2 L · Unidad,2 L,Mixers,1,assets/products/soda-manaos-sifon-2000ml-b92e160958368c0d-3700b6c8cb4ec1b4.webp,fabricante · www.manaosargentina.com,LICENCIA_COMERCIAL,TABA-AUT-2026-08-001,REAL,OFFICIAL_EXACT,
speed-original-473ml,,,Speed,Lata · 473 ml · Unidad,473 ml,Energizantes,1,assets/products/speed-original-473ml-f66e48f651a6ab20-6521a9b08adab1f3.webp,proveedor_aprobado · distribuidoramif.com.ar,LICENCIA_COMERCIAL,TABA-AUT-2026-08-001,REAL,AUTHORIZED_EXACT,
speed-zero-473ml,,,Speed Zero,Lata · 473 ml · Unidad,473 ml,Energizantes,1,assets/products/speed-zero-473ml-89bed41bf09b31b4-b30d764f0575c866.webp,proveedor_aprobado · distribuidoramif.com.ar,LICENCIA_COMERCIAL,TABA-AUT-2026-08-001,REAL,AUTHORIZED_EXACT,
sprite-botella-pet-500-ml-pack-x12,,,Sprite,Botella PET · 500 ml · Pack x12,500 ml,Gaseosas,12,assets/products/sprite-botella-pet-500-ml-pack-x12-07620ef3d3aa792c-09a508b8102bd8a5.webp,fabricante · andinacocacolaar.vteximg.com.br,LICENCIA_COMERCIAL,TABA-AUT-2026-08-001,REAL,OFFICIAL_EXACT,
sprite-original-2250ml,7790895001000,catalog/gondola-retail-final-proposal.mjs (enriquecimiento propuesto),Sprite,"Botella PET · 2,25 L · Unidad","2,25 L",Gaseosas,1,assets/products/sprite-original-2250ml-99d83c94dac255ca-3898f9d83fdf293f.webp,fabricante · coca-colaentucasa.com,LICENCIA_COMERCIAL,TABA-AUT-2026-08-001,REAL,OFFICIAL_EXACT,
sprite-original-lata-354ml,7790895000270,catalog/gondola-retail-final-proposal.mjs (enriquecimiento propuesto),Sprite,Lata · 354 ml · Unidad,354 ml,Gaseosas,1,assets/products/sprite-original-lata-354ml-0060e518ebfab8e7-8832bfc71a16ffad.webp,fabricante · coca-colaentucasa.com,LICENCIA_COMERCIAL,TABA-AUT-2026-08-001,REAL,OFFICIAL_EXACT,
sprite-zero-2250ml,7790895064166,catalog/gondola-retail-final-proposal.mjs (enriquecimiento propuesto),Sprite Zero,"Botella PET · 2,25 L · Unidad","2,25 L",Gaseosas,1,assets/products/sprite-zero-2250ml-c43f15fd8eedc2e4-96e92127e95886ab.webp,fabricante · coca-colaentucasa.com,LICENCIA_COMERCIAL,TABA-AUT-2026-08-001,REAL,OFFICIAL_EXACT,
villa-del-sur-sin-gas-600ml,7798062540109,catalog/gondola-retail-final-proposal.mjs (enriquecimiento propuesto),Villa del Sur,Botella PET · 600 ml · Unidad,600 ml,Aguas,1,assets/products/villa-del-sur-sin-gas-600ml-81e9d897ac5c7200-d5bf4cdecf9d2d26.webp,proveedor_aprobado · cdn1.kilbelonline.com,LICENCIA_COMERCIAL,TABA-AUT-2026-08-001,REAL,AUTHORIZED_EXACT,
villavicencio-con-gas-500ml,7799155000203,catalog/gondola-retail-final-proposal.mjs (enriquecimiento propuesto),Villavicencio,Botella PET · 500 ml · Unidad,500 ml,Aguas,1,assets/products/villavicencio-con-gas-500ml-aa4659b148790b42-016bbed61ae8c026.webp,proveedor_aprobado · arjosimarprod.vtexassets.com,LICENCIA_COMERCIAL,TABA-AUT-2026-08-001,REAL,AUTHORIZED_EXACT,
villavicencio-sin-gas-1500ml,7799155000180,catalog/gondola-retail-final-proposal.mjs (enriquecimiento propuesto),Villavicencio,"Botella PET · 1,5 L · Unidad","1,5 L",Aguas,1,assets/products/villavicencio-sin-gas-1500ml-2fb407c8fa1c2b59-b28075add15596af.webp,proveedor_aprobado · ardiaprod.vteximg.com.br,LICENCIA_COMERCIAL,TABA-AUT-2026-08-001,REAL,AUTHORIZED_EXACT,
