"sku","product_name","current_gtin","current_gtin_check_digit_valid","retail_gtin","retail_gtin_check_digit_valid","retail_evidence","product_match","recommended_action"
"corona-extra-330ml","Corona Extra 330 ml","8066145","NO","7792798003709","YES","DIA y TOP venden la botella de 330 ml con ese EAN; Jumbo lista «Corona Extra Botella 330 cc» con el mismo código inválido 8066145 (código interno sin imagen)","NAME_SIZE_VARIANT: nombre, volumen y envase coinciden; la etiqueta de la botella nacional dice «Corona cerveza» y la importada «Extra» (varía por lote)","No corregir automáticamente. Leer el código de barras de la botella que compra Walter; si es la nacional, la ficha pasa a 7792798003709 (el 8066145 no es un GTIN válido)."
"fernet-branca-750ml","Fernet Branca 750 ml","7790290001193","YES","7790290101602","YES","Jumbo lista los dos GTIN como Fernet Branca 750 ml (imágenes de 2020 con la misma etiqueta); DIA y TOP sólo el 7790290101602","GTIN_EXACT en Jumbo: es el mismo producto y volumen con dos códigos vigentes","Mantener la ficha (GTIN válido). Confirmar con la botella cuál de los dos códigos lleva la que compra Walter."
"stella-artois-rubia-473ml","Stella Artois Rubia 473 ml","7792798010615","YES","7792798001293","YES","Jumbo vende el GTIN de la ficha con el diseño de lata ornamentado (imagen 2025-11), que es el asociado; TOP vende otra lata (diseño blanco) con 7792798001293","GTIN_EXACT: la imagen asociada es la de Jumbo con el GTIN de la ficha","Mantener la ficha. Confirmar cuál diseño de lata compra Walter; si es el blanco, cambiar el GTIN a 7792798001293 y reemplazar la imagen."
"monster-mango-loco-473ml","Monster Mango Loco 473 ml","7798422520045","NO","7798422620045","YES","DIA y TOP lo venden con ese EAN; Jumbo lista el producto con el mismo código inválido de la ficha (7798422520045)","NAME_SIZE_VARIANT: misma lata (la de Jumbo con el GTIN de la ficha es idéntica a la asociada)","No corregir automáticamente. Verificar el código impreso en la lata; con dos tiendas y el dígito verificador, lo más probable es 7798422620045."
"alamos-malbec-750ml-local","Alamos Malbec 750 ml","7794450091338","YES","7794450000781","YES","El dorso de la botella en Jumbo muestra 7794450091338 y «Alamos Reserve»; 7794450000781 es Alamos Malbec (línea clásica/Selección, etiqueta roja) en DIA, Jumbo y TOP","GTIN_EXACT: el GTIN de la ficha es Alamos Malbec RESERVE; el nombre de la ficha no dice Reserve","Confirmar con Walter si vende Reserve (ajustar el nombre a «Alamos Malbec Reserve») o el clásico (cambiar el GTIN a 7794450000781 y reemplazar la imagen). Hoy la imagen asociada es la del GTIN exacto (Reserve)."
"sprite-sin-azucar-2250ml-local","Sprite Sin Azúcar 2,25 L","7790895641916","YES","7790895064166","YES","En Jumbo el GTIN de la ficha es la botella verde antigua de 2019 («Sprite Lima Limón Zero 2.25lt», borrosa); el envase vigente de 2,25 L es 7790895064166 en Jumbo, DIA y TOP","NAME_SIZE_VARIANT: se usó el envase vigente","Revisar y, con confirmación, cambiar el GTIN de la ficha a 7790895064166."
"cepita-naranja-1000ml","Cepita Naranja 1 L","7790895648267","YES","7790895009815","YES","648267 es el Tetra Brik de 1 L (Jumbo y DIA); 009815 es la botella Hot Fill «Naranja Tentación» de 1 L","UNCONFIRMED: la ficha dice Botella pero el GTIN es Tetra Brik","No modificar. Walter confirma la presentación; con eso se corrige packaging_type o el GTIN y se asocia la imagen de esa presentación (ya revisadas las dos)."
"cinzano-rosso-950ml","Cinzano Rosso 950 ml","7791200200552","YES","7791200200552","YES","Jumbo y Vea lo listan como 950 ml; DIA y TOP como 1000 ml, con el mismo GTIN","UNCONFIRMED: el volumen difiere entre tiendas para el mismo GTIN","No cambiar 950 por 1000. Foto propia de la etiqueta con el volumen legible."
"pepsi-black-2250ml-local","Pepsi Black 2,25 L","7791813423331","YES","7791813423331","YES","Jumbo lo lista como «Pepsi Sin Azúcar 2,25 L» con imagen de 2017; DIA y TOP sólo venden Pepsi Black de 2 L (7791813828464)","GTIN_EXACT en Jumbo; imagen inutilizable","Sin cambios en la ficha. Foto propia."
