sku,nombre,marca,variante,capacidad,envase,presentacion,unidadOPack,gtin,disponible,imageUrlActual,tipoActual,imageUrlPreparada,tipoPreparado,fuente,sourceType
andes-origen-roja-lata-473ml,Andes Origen Roja,Andes Origen,Roja,473 ml,lata,Unidad,UNIDAD,,false,,FALLBACK,,FALLBACK,,
andes-origen-rubia-lata-473ml,Andes Origen Rubia,Andes Origen,Rubia,473 ml,lata,Unidad,UNIDAD,,false,,FALLBACK,assets/products/andes-origen-rubia-lata-473ml-3d8a469028220903-ebb8366205b970ca.webp,REAL,https://jumboargentina.vteximg.com.br/arquivos/ids/890518/Cerveza-Andes-Origen-Rubia-473cc-1-276781.jpg?v=638987206116200000,proveedor_aprobado
andes-origen-rubia-lata-473ml-pack-6,Andes Origen Rubia,Andes Origen,Rubia,473 ml,lata,Pack x6,PACK,7792798001712,false,,FALLBACK,assets/products/andes-origen-rubia-lata-473ml-pack-6-a3a2c031baea449b-0db23ccf72cf1c66.webp,REAL,https://jumboargentina.vteximg.com.br/arquivos/ids/890517/Cerveza-Andes-Origen-Rubia-473cc-6un-1-276612.jpg?v=638987206112600000,proveedor_aprobado
aquarius-manzana-1500ml,Aquarius Manzana,Aquarius,Manzana,1500 ml,botella-pet,Unidad,UNIDAD,,true,assets/products/aquarius-manzana-1500ml-5a06bd9176e27828-d3c0af1d8c4494d9.webp,REAL,assets/products/aquarius-manzana-1500ml-5a06bd9176e27828-d3c0af1d8c4494d9.webp,REAL,https://coca-colaentucasa.com/media/catalog/product/a/q/aqu-manz-nor-pet-1.5l-6pz_1.jpg,fabricante
aquarius-pera-1500ml,Aquarius Pera,Aquarius,Pera,1500 ml,botella-pet,Unidad,UNIDAD,,true,assets/products/aquarius-pera-1500ml-d8c1230b1227373f-2925d0553fe3f194.webp,REAL,assets/products/aquarius-pera-1500ml-d8c1230b1227373f-2925d0553fe3f194.webp,REAL,https://coca-colaentucasa.com/media/catalog/product/a/q/aqu-pera-nor-pet-1.5l-6pz_1.jpg,fabricante
aquarius-pomelo-2250ml,Aquarius Pomelo,Aquarius,Pomelo,2250 ml,botella-pet,Unidad,UNIDAD,,true,assets/products/aquarius-pomelo-2250ml-8de7c8de5e780020-f788300784447191.webp,REAL,assets/products/aquarius-pomelo-2250ml-8de7c8de5e780020-f788300784447191.webp,REAL,https://coca-colaentucasa.com/media/catalog/product/a/q/aqu-pome-nor-pet-2.25l-6pz_1.jpg,fabricante
benedictino-sin-gas-2250ml,Benedictino,Benedictino,Sin gas,2250 ml,botella-pet,Unidad,UNIDAD,,true,assets/products/benedictino-sin-gas-2250ml-8291602e84de68e9-b3100a865b922f28.webp,REAL,assets/products/benedictino-sin-gas-2250ml-8291602e84de68e9-b3100a865b922f28.webp,REAL,https://coca-colaentucasa.com/media/catalog/product/3/-/3-render_2.25l_bndsg.png,fabricante
brahma-chopp-lata-473ml-pack-6,Brahma Chopp,Brahma,Rubia,473 ml,lata,Pack x6,PACK,7792798005970,false,,FALLBACK,assets/products/brahma-chopp-lata-473ml-pack-6-a5d1d3f1effa3ac9-7b6e39ea51881c03.webp,REAL,https://jumboargentina.vteximg.com.br/arquivos/ids/890496/Cerveza-Brahma-Chopp-Lata-473mlx6-1-12428.jpg?v=639140703671670000,proveedor_aprobado
brahma-chopp-lata-710ml,Brahma Chopp,Brahma,Rubia,710 ml,lata,Unidad,UNIDAD,,false,,FALLBACK,,FALLBACK,,
budweiser-lata-473ml,Budweiser,Budweiser,Lager,473 ml,lata,Unidad,UNIDAD,,false,,FALLBACK,assets/products/budweiser-lata-473ml-0144902daa7180f4-bcffb8575cad9ed1.webp,REAL,https://jumboargentina.vteximg.com.br/arquivos/ids/890497/Cerveza-Budweiser-Lata-473-Ml-1-17952.jpg?v=638987206039670000,proveedor_aprobado
budweiser-lata-473ml-pack-6,Budweiser,Budweiser,Lager,473 ml,lata,Pack x6,PACK,7793147118846,false,,FALLBACK,assets/products/budweiser-lata-473ml-pack-6-d4302164bca107fd-13c77365927c308a.webp,REAL,https://jumboargentina.vteximg.com.br/arquivos/ids/890508/Cerveza-Budweiser-473-Ml-X-6-Un-1-44476.jpg?v=639140701148100000,proveedor_aprobado
cafayate-torrontes-750ml,Cafayate Torrontés,Cafayate,Torrontés,750 ml,botella,Unidad,UNIDAD,,false,,FALLBACK,,FALLBACK,,
cepita-durazno-pet-1500ml,Cepita Durazno,Cepita,Durazno,1500 ml,botella-pet,Unidad,UNIDAD,7790895641534,false,,FALLBACK,,FALLBACK,,
cepita-naranja-pet-1500ml,Cepita Naranja,Cepita,Naranja,1500 ml,botella-pet,Unidad,UNIDAD,7790895641800,false,,FALLBACK,,FALLBACK,,
coca-cola-original-2250ml,Coca-Cola,Coca-Cola,Original,2250 ml,botella-pet,Unidad,UNIDAD,,true,assets/products/coca-cola-original-2250ml-97dc25e8399a5775-adb8042ea9716cb9.webp,REAL,assets/products/coca-cola-original-2250ml-97dc25e8399a5775-adb8042ea9716cb9.webp,REAL,https://coca-colaentucasa.com/media/catalog/product/6/-/6-render_2.25l_1.png,fabricante
coca-cola-original-botella-pet-500-ml-pack-x12,Coca-Cola Original,Coca-Cola,Botella PET · 500 ml · Pack x12,500 ml,Botella PET,Pack x12,PACK,,true,assets/products/coca-cola-original-botella-pet-500-ml-pack-x12-da9d9f1d872c1e49-75b52ee33dad073c.webp,REAL,assets/products/coca-cola-original-botella-pet-500-ml-pack-x12-da9d9f1d872c1e49-75b52ee33dad073c.webp,REAL,https://andinacocacolaar.vteximg.com.br/arquivos/ids/156458/100116.jpg?v=639063398326300000,fabricante
coca-cola-original-lata-354ml,Coca-Cola,Coca-Cola,Original,354 ml,lata,Unidad,UNIDAD,,true,assets/products/coca-cola-original-lata-354ml-3c2cefd7fe4bd597-f2cf7dff4b87047d.webp,REAL,assets/products/coca-cola-original-lata-354ml-3c2cefd7fe4bd597-f2cf7dff4b87047d.webp,REAL,https://jumboargentina.vtexassets.com/arquivos/ids/782827/Gaseosa-Coca-cola-Sabor-Original-354-Ml-2-32332.jpg?v=638206689782930000,proveedor_aprobado
coca-cola-original-pet-1500ml,Coca-Cola Original,Coca-Cola,Original,1500 ml,botella-pet,Unidad,UNIDAD,7790895000430,true,assets/products/coca-cola-original-pet-1500ml-5781315ce9f8f02f-43114ca6977868de.webp,REAL,assets/products/coca-cola-original-pet-1500ml-5781315ce9f8f02f-43114ca6977868de.webp,REAL,https://ardiaprod.vtexassets.com/arquivos/ids/339743/Gaseosa-CocaCola-Sabor-Original-15-Lt-_2.jpg?v=638689887747170000,proveedor_aprobado
coca-cola-original-pet-500ml,Coca-Cola Original,Coca-Cola,500 ml,500 ml,Botella PET,Unidad,UNIDAD,7790895000782,false,,FALLBACK,,FALLBACK,,
coca-cola-zero-2250ml,Coca-Cola Zero,Coca-Cola,Sin azúcar,2250 ml,botella-pet,Unidad,UNIDAD,,true,assets/products/coca-cola-zero-2250ml-4ce84243eb65d14a-309bbcc731498df7.webp,REAL,assets/products/coca-cola-zero-2250ml-4ce84243eb65d14a-309bbcc731498df7.webp,REAL,https://coca-colaentucasa.com/media/catalog/product/6/-/6-render_2.25l_z.png,fabricante
coca-cola-zero-botella-pet-500-ml-pack-x12,Coca-Cola Zero,Coca-Cola,Botella PET · 500 ml · Pack x12,500 ml,Botella PET,Pack x12,PACK,,true,assets/products/coca-cola-zero-botella-pet-500-ml-pack-x12-ab4d9e31abe096e0-7a626dec1b48f442.webp,REAL,assets/products/coca-cola-zero-botella-pet-500-ml-pack-x12-ab4d9e31abe096e0-7a626dec1b48f442.webp,REAL,https://andinacocacolaar.vteximg.com.br/arquivos/ids/156461/101816.jpg?v=639063400798100000,fabricante
coca-cola-zero-lata-354ml,Coca-Cola Zero,Coca-Cola,Sin azúcar,354 ml,lata,Unidad,UNIDAD,,true,assets/products/coca-cola-zero-lata-354ml-4d1955a80c87ab0e-87f477f474494b33.webp,REAL,assets/products/coca-cola-zero-lata-354ml-4d1955a80c87ab0e-87f477f474494b33.webp,REAL,https://www.espaciovino.com.ar/media/default/0001/73/thumb_72209_default_big.jpeg,proveedor_aprobado
coca-cola-zero-pet-1500ml,Coca-Cola Zero,Coca-Cola,Sin azúcar,1500 ml,botella-pet,Unidad,UNIDAD,7790895067556,false,,FALLBACK,,FALLBACK,,
coca-cola-zero-pet-500ml,Coca-Cola Zero,Coca-Cola,500 ml,500 ml,Botella PET,Unidad,UNIDAD,7790895067532,false,,FALLBACK,,FALLBACK,,
corona-extra-botella-330ml,Corona Extra,Corona,Lager,330 ml,botella,Unidad,UNIDAD,,false,,FALLBACK,assets/products/corona-extra-botella-330ml-2d424290c3ea844f-c4cbad6dbef6e094.webp,REAL,https://carrefourar.vteximg.com.br/arquivos/ids/794008/7792798003709_01.jpg?v=639046411603700000,proveedor_aprobado
dada-caramel-750ml,Dada Caramel,Dada,Caramel,750 ml,botella,Unidad,UNIDAD,,false,,FALLBACK,,FALLBACK,,
dr-lemon-vodka-pomelo-lata-473ml,Dr. Lemon Vodka Pomelo,Dr. Lemon,Vodka pomelo,473 ml,lata,Unidad,UNIDAD,,false,,FALLBACK,,FALLBACK,,
fanta-naranja-2250ml,Fanta Naranja,Fanta,Naranja,2250 ml,botella-pet,Unidad,UNIDAD,,true,assets/products/fanta-naranja-2250ml-797064494952a9a1-9ef1596448794ce7.webp,REAL,assets/products/fanta-naranja-2250ml-797064494952a9a1-9ef1596448794ce7.webp,REAL,https://jumboargentina.vtexassets.com/arquivos/ids/893206/Gaseosa-Naranja-2-25-Lts-Fanta-2-248227.jpg?v=639009777706070000,proveedor_aprobado
fanta-naranja-botella-pet-1500-ml-pack-x6,Fanta Naranja,Fanta,Botella PET · 1500 ml · Pack x6,1500 ml,Botella PET,Pack x6,PACK,,false,,FALLBACK,assets/products/fanta-naranja-botella-pet-1500-ml-pack-x6-ddcfc29d89d6d01d-e41698f0e9b8788b.webp,REAL,https://andinacocacolaar.vteximg.com.br/arquivos/ids/156347/101113.jpg?v=638857652534800000,fabricante
fanta-naranja-pet-1500ml,Fanta Naranja,Fanta,"1,5 L",1500 ml,Botella PET,Unidad,UNIDAD,7790895000454,false,,FALLBACK,,FALLBACK,,
fernet-1882-750ml,Fernet 1882,1882,Original,750 ml,botella,Unidad,UNIDAD,,false,,FALLBACK,,FALLBACK,,
fernet-branca-1000ml,Fernet Branca,Fernet Branca,Original,1000 ml,botella,Unidad,UNIDAD,,false,,FALLBACK,assets/products/fernet-branca-1000ml-0c51f3c2c52ad488-c64a1ebaa0000237.webp,REAL,https://acdn-us.mitiendanube.com/stores/006/757/969/products/31-6637cf8d3cf6b8487617750533556878-1024-1024.webp,fabricante
gancia-americano-450ml,Gancia Americano,Gancia,Americano,450 ml,botella,Unidad,UNIDAD,,false,,FALLBACK,,FALLBACK,,
gancia-lima-limon-lata-473ml,Gancia Lima Limón,Gancia,Lima limón,473 ml,lata,Unidad,UNIDAD,,false,,FALLBACK,assets/products/gancia-lima-limon-lata-473ml-5cfdab179b9102a3-3b02e792389c7544.webp,REAL,https://jumboargentina.vteximg.com.br/arquivos/ids/788231/Gancia-Lima-Lim-n-3-5-473ml-1-882803.jpg?v=638249457828330000,proveedor_aprobado
gatorade-cool-blue-500ml,Gatorade Cool Blue,Gatorade,Cool Blue,500 ml,botella-pet,Unidad,UNIDAD,,true,assets/products/gatorade-cool-blue-500ml-e3fcbd3e1e29bb61-f138bb4b00238c71.webp,REAL,assets/products/gatorade-cool-blue-500ml-e3fcbd3e1e29bb61-f138bb4b00238c71.webp,REAL,https://boulevard-sa.com.ar/Site/img/products/gatorade/Gatorade-cool-blue-500-L.jpg,distribuidor_oficial
gatorade-manzana-1250ml,Gatorade Manzana,Gatorade,Manzana,1250 ml,botella-pet,Unidad,UNIDAD,,true,assets/products/gatorade-manzana-1250ml-64efd055975ef241-67bbe43a8a884939.webp,REAL,assets/products/gatorade-manzana-1250ml-64efd055975ef241-67bbe43a8a884939.webp,REAL,https://boulevard-sa.com.ar/Site/img/products/gatorade/Gatorade-manzana-1250-L.jpg,distribuidor_oficial
gin-gordons-700ml,Gordon's London Dry,Gordon's,London Dry,700 ml,botella,Unidad,UNIDAD,,false,,FALLBACK,,FALLBACK,,
monster-green-zero-473ml,Monster Green Zero,Monster,Sin azúcar,473 ml,lata,Unidad,UNIDAD,,true,assets/products/monster-green-zero-473ml-c238e9bf28582e15-36ea5aaa51d7906e.webp,REAL,assets/products/monster-green-zero-473ml-c238e9bf28582e15-36ea5aaa51d7906e.webp,REAL,https://web-assests.monsterenergy.com/mnst/9c1506b2-791c-4f0a-9ed9-25cf66549334.png,fabricante
paso-de-los-toros-pomelo-1500ml,Paso de los Toros Pomelo,Paso de los Toros,Pomelo,1500 ml,botella-pet,Unidad,UNIDAD,,true,assets/products/paso-de-los-toros-pomelo-1500ml-07e30d4119649232-5ee73401ead32b21.webp,REAL,assets/products/paso-de-los-toros-pomelo-1500ml-07e30d4119649232-5ee73401ead32b21.webp,REAL,https://boulevard-sa.com.ar/Site/img/products/paso-de-los-toros/Paso-de-los-Toros-pomelo-1500-L.jpg,distribuidor_oficial
paso-de-los-toros-tonica-1500ml,Paso de los Toros Tónica,Paso de los Toros,Tónica,1500 ml,botella-pet,Unidad,UNIDAD,,true,assets/products/paso-de-los-toros-tonica-1500ml-3a05ed21abc4e380-f551a02eb264272c.webp,REAL,assets/products/paso-de-los-toros-tonica-1500ml-3a05ed21abc4e380-f551a02eb264272c.webp,REAL,https://boulevard-sa.com.ar/Site/img/products/paso-de-los-toros/Paso-de-los-Toros-1500-L.jpg,distribuidor_oficial
patagonia-amber-lager-botella-730ml,Patagonia Amber Lager,Patagonia,Amber Lager,730 ml,botella,Unidad,UNIDAD,,false,,FALLBACK,assets/products/patagonia-amber-lager-botella-730ml-a5c26f21d7f42cfe-94d698343b3e7cc7.webp,REAL,https://jumboargentina.vteximg.com.br/arquivos/ids/890494/Cerveza-Patagonia-Amber-Lager-730cc-1-11622.jpg?v=639140687017870000,proveedor_aprobado
pepsi-black-1500ml,Pepsi Black,Pepsi,Sin azúcar,1500 ml,botella-pet,Unidad,UNIDAD,,true,assets/products/pepsi-black-1500ml-52009e2651c40a42-b09188d077fa3a4f.webp,REAL,assets/products/pepsi-black-1500ml-52009e2651c40a42-b09188d077fa3a4f.webp,REAL,https://jumboargentina.vtexassets.com/arquivos/ids/907119-1000-auto?aspect=true&height=auto&v=639124043883700000&width=1000,proveedor_aprobado
pepsi-original-2000ml,Pepsi,Pepsi,Original,2000 ml,botella-pet,Unidad,UNIDAD,,true,assets/products/pepsi-original-2000ml-b4298e4382912cf4-86e8267fb10c961a.webp,REAL,assets/products/pepsi-original-2000ml-b4298e4382912cf4-86e8267fb10c961a.webp,REAL,https://jumboargentina.vtexassets.com/arquivos/ids/907125-1000-auto?aspect=true&height=auto&v=639124043908630000&width=1000,proveedor_aprobado
powerade-mountain-blast-500ml,Powerade Mountain Blast,Powerade,Mountain Blast,500 ml,botella-pet,Unidad,UNIDAD,,true,assets/products/powerade-mountain-blast-500ml-1ea05e4f6f192e2f-4d73a0a156b31cb6.webp,REAL,assets/products/powerade-mountain-blast-500ml-1ea05e4f6f192e2f-4d73a0a156b31cb6.webp,REAL,https://ardiaprod.vtexassets.com/arquivos/ids/364198/Bebida-Isotonica-Powerade-Mountain-Blast-500-Ml-_2.jpg?v=639047812189470000,proveedor_aprobado
quilmes-clasica-botella-710ml,Quilmes Clásica,Quilmes,Lager,710 ml,botella,Unidad,UNIDAD,,false,,FALLBACK,,FALLBACK,,
quilmes-clasica-lata-473ml,Quilmes Clásica,Quilmes,Lager,473 ml,lata,Unidad,UNIDAD,,false,,FALLBACK,,FALLBACK,,
quilmes-clasica-lata-473ml-pack-6,Quilmes Clásica,Quilmes,Lager,473 ml,lata,Pack x6,PACK,,false,,FALLBACK,,FALLBACK,,
quilmes-stout-lata-473ml,Quilmes Stout,Quilmes,Stout,473 ml,lata,Unidad,UNIDAD,,false,,FALLBACK,assets/products/quilmes-stout-lata-473ml-43e8c2ca1b9a2d88-ea37359d57b3e5bf.webp,REAL,https://jumboargentina.vteximg.com.br/arquivos/ids/890491/Cerveza-Quilmes-Stout-473cc-1-5591.jpg?v=638987206018100000,proveedor_aprobado
red-bull-original-250ml,Red Bull,Red Bull,Original,250 ml,lata,Unidad,UNIDAD,,true,assets/products/red-bull-original-250ml-2d86788f7b853c11-d9018a7780c8e25b.webp,REAL,assets/products/red-bull-original-250ml-2d86788f7b853c11-d9018a7780c8e25b.webp,REAL,https://www.redbull.com/energydrink/v1/resources/storyblok/images/f/287059/528x1348/b0f01ba07f/ar_ed_250ml_energy-drink_country_rgb__cold_closed_front_com_full.png/m/686x0,fabricante
red-bull-sin-azucar-250ml,Red Bull Sugarfree,Red Bull,Sin azúcar,250 ml,lata,Unidad,UNIDAD,,true,assets/products/red-bull-sin-azucar-250ml-f0aeca853a67db50-8f27b231957a48bb.webp,REAL,assets/products/red-bull-sin-azucar-250ml-f0aeca853a67db50-8f27b231957a48bb.webp,REAL,https://www.redbull.com/energydrink/v1/resources/storyblok/images/f/287059/528x1348/4fe7d5680f/ar_sf_250ml_sugarfree_country_rgb_do241550_cold_closed_front_com_full.png/m/686x0,fabricante
seven-up-original-2000ml,7UP,7UP,Original,2000 ml,botella-pet,Unidad,UNIDAD,,true,assets/products/seven-up-original-2000ml-2ed6deb5fa431d4b-f32d43104a61239c.webp,REAL,assets/products/seven-up-original-2000ml-2ed6deb5fa431d4b-f32d43104a61239c.webp,REAL,https://jumboargentina.vteximg.com.br/arquivos/ids/904889/Gaseosa-Lima-Lim-n-X-2-Lts-7-Up-1-1057020.jpg?v=639232771896330000,proveedor_aprobado
soda-manaos-sifon-2000ml,Soda Manaos,Manaos,Soda,2000 ml,sifon,Unidad,UNIDAD,,true,assets/products/soda-manaos-sifon-2000ml-b92e160958368c0d-3700b6c8cb4ec1b4.webp,REAL,assets/products/soda-manaos-sifon-2000ml-b92e160958368c0d-3700b6c8cb4ec1b4.webp,REAL,https://www.manaosargentina.com/images/productos/soda/MANAOS-SODA-2LTS.jpg,fabricante
speed-original-473ml,Speed,Speed,Original,473 ml,lata,Unidad,UNIDAD,,true,assets/products/speed-original-473ml-f66e48f651a6ab20-6521a9b08adab1f3.webp,REAL,assets/products/speed-original-473ml-f66e48f651a6ab20-6521a9b08adab1f3.webp,REAL,https://distribuidoramif.com.ar/wp-content/uploads/2026/07/377a6ad4-3847-4ff2-9fdb-bf15998223a5.jpg,proveedor_aprobado
speed-zero-473ml,Speed Zero,Speed,Sin azúcar,473 ml,lata,Unidad,UNIDAD,,true,assets/products/speed-zero-473ml-89bed41bf09b31b4-b30d764f0575c866.webp,REAL,assets/products/speed-zero-473ml-89bed41bf09b31b4-b30d764f0575c866.webp,REAL,https://distribuidoramif.com.ar/wp-content/uploads/2026/07/b63beccd-a0d4-4d8c-9a5c-de57c01c7697.jpeg,proveedor_aprobado
sprite-botella-pet-500-ml-pack-x12,Sprite,Sprite,Botella PET · 500 ml · Pack x12,500 ml,Botella PET,Pack x12,PACK,,true,assets/products/sprite-botella-pet-500-ml-pack-x12-07620ef3d3aa792c-09a508b8102bd8a5.webp,REAL,assets/products/sprite-botella-pet-500-ml-pack-x12-07620ef3d3aa792c-09a508b8102bd8a5.webp,REAL,https://andinacocacolaar.vteximg.com.br/arquivos/ids/155757/7790895000829.jpg?v=638748141213370000,fabricante
sprite-original-2250ml,Sprite,Sprite,Original,2250 ml,botella-pet,Unidad,UNIDAD,,true,assets/products/sprite-original-2250ml-99d83c94dac255ca-3898f9d83fdf293f.webp,REAL,assets/products/sprite-original-2250ml-99d83c94dac255ca-3898f9d83fdf293f.webp,REAL,https://coca-colaentucasa.com/media/catalog/product/3/-/3-render_2.25l_sp.png,fabricante
sprite-original-lata-354ml,Sprite,Sprite,Original,354 ml,lata,Unidad,UNIDAD,,true,assets/products/sprite-original-lata-354ml-0060e518ebfab8e7-8832bfc71a16ffad.webp,REAL,assets/products/sprite-original-lata-354ml-0060e518ebfab8e7-8832bfc71a16ffad.webp,REAL,https://coca-colaentucasa.com/media/catalog/product/s/p/spritelima-limo_n354ml_1.png,fabricante
sprite-original-pet-1500ml,Sprite,Sprite,Original,1500 ml,botella-pet,Unidad,UNIDAD,7790895000447,false,,FALLBACK,,FALLBACK,,
sprite-pet-500ml,Sprite,Sprite,500 ml,500 ml,Botella PET,Unidad,UNIDAD,7790895000829,false,,FALLBACK,,FALLBACK,,
sprite-zero-2250ml,Sprite Zero,Sprite,Sin azúcar,2250 ml,botella-pet,Unidad,UNIDAD,,true,assets/products/sprite-zero-2250ml-c43f15fd8eedc2e4-96e92127e95886ab.webp,REAL,assets/products/sprite-zero-2250ml-c43f15fd8eedc2e4-96e92127e95886ab.webp,REAL,https://coca-colaentucasa.com/media/catalog/product/4/-/4-render_2.25l_spz.png,fabricante
sprite-zero-pet-1500ml,Sprite Zero,Sprite,Sin azúcar,1500 ml,botella-pet,Unidad,UNIDAD,7790895064173,false,,FALLBACK,,FALLBACK,,
stella-artois-lata-473ml,Stella Artois,Stella Artois,Lager,473 ml,lata,Unidad,UNIDAD,,false,,FALLBACK,assets/products/stella-artois-lata-473ml-9178af863653c84c-f104133a2207c430.webp,REAL,https://jumboargentina.vteximg.com.br/arquivos/ids/890507/Cerveza-Stella-Artois-Rubia-473-Ml-1-38031.jpg?v=638987206078500000,proveedor_aprobado
stella-artois-lata-473ml-pack-6,Stella Artois,Stella Artois,Lager,473 ml,lata,Pack x6,PACK,7792798010592,false,,FALLBACK,assets/products/stella-artois-lata-473ml-pack-6-fa4bfc744feba77f-e74088b74eb2a498.webp,REAL,https://jumboargentina.vteximg.com.br/arquivos/ids/890519/Cerveza-Rubia-X-6-Un-Stella-Artois-1-305956.jpg?v=638987206120670000,proveedor_aprobado
toro-tinto-1000ml,Toro,Toro,Tinto,1000 ml,botella,Unidad,UNIDAD,,false,,FALLBACK,,FALLBACK,,
toro-viejo-clasico-tinto-750ml,Toro Viejo Clásico,Toro Viejo,Tinto,750 ml,botella,Unidad,UNIDAD,,false,,FALLBACK,,FALLBACK,,
trapiche-origen-malbec-750ml,Trapiche Origen Malbec,Trapiche,Malbec,750 ml,botella,Unidad,UNIDAD,,false,,FALLBACK,,FALLBACK,,
villa-del-sur-sin-gas-600ml,Villa del Sur,Villa del Sur,Sin gas,600 ml,botella-pet,Unidad,UNIDAD,,true,assets/products/villa-del-sur-sin-gas-600ml-81e9d897ac5c7200-d5bf4cdecf9d2d26.webp,REAL,assets/products/villa-del-sur-sin-gas-600ml-81e9d897ac5c7200-d5bf4cdecf9d2d26.webp,REAL,https://cdn1.kilbelonline.com/webapp/images/productos/b/0000028000/28237.jpg,proveedor_aprobado
villa-del-sur-sin-gas-pet-2250ml,Villa del Sur,Villa del Sur,Sin gas,2250 ml,botella-pet,Unidad,UNIDAD,7798062547559,false,,FALLBACK,,FALLBACK,,
villavicencio-con-gas-500ml,Villavicencio,Villavicencio,Con gas,500 ml,botella-pet,Unidad,UNIDAD,,true,assets/products/villavicencio-con-gas-500ml-aa4659b148790b42-016bbed61ae8c026.webp,REAL,assets/products/villavicencio-con-gas-500ml-aa4659b148790b42-016bbed61ae8c026.webp,REAL,https://arjosimarprod.vtexassets.com/arquivos/ids/170249/Agua-Gasificada-Villavicencio-500-cc-1-8950.jpg?v=638567625653030000,proveedor_aprobado
villavicencio-con-gas-pet-1500ml,Villavicencio,Villavicencio,Con gas,1500 ml,botella-pet,Unidad,UNIDAD,7799155000210,false,,FALLBACK,,FALLBACK,,
villavicencio-sin-gas-1500ml,Villavicencio,Villavicencio,Sin gas,1500 ml,botella-pet,Unidad,UNIDAD,,true,assets/products/villavicencio-sin-gas-1500ml-2fb407c8fa1c2b59-b28075add15596af.webp,REAL,assets/products/villavicencio-sin-gas-1500ml-2fb407c8fa1c2b59-b28075add15596af.webp,REAL,https://ardiaprod.vteximg.com.br/arquivos/ids/377160/Agua-Pet-Sin-Gas-Villavicencio-15-Lt-_1.jpg?v=639228155475400000,proveedor_aprobado
vodka-skyy-700ml,Skyy Vodka,Skyy,Original,700 ml,botella,Unidad,UNIDAD,,false,,FALLBACK,,FALLBACK,,
